"GEOID","neuro_acc","neuro_acc_100k","SPAR_neuro"
"48025950201",0,0,0
"48025950203",0,0,0
"48025950204",0,0,0
"48025950300",0,0,0
"48025950400",0,0,0
"48025950501",0,0,0
"48025950502",0,0,0
"48025950600",0,0,0
"48047950100",0,0,0
"48047950200",0,0,0
"48057000501",0,0,0
"48057000502",0,0,0
"48131950100",0,0,0
"48131950200",0,0,0
"48131950500",0,0,0
"48247950200",0,0,0
"48247950400",0,0,0
"48249950101",0,0,0
"48249950202",0,0,0
"48249950700",0,0,0
"48273020101",0,0,0
"48273020102",0,0,0
"48273020200",0,0,0
"48273020301",0,0,0
"48273020302",0,0,0
"48273020401",0,0,0
"48273020402",0,0,0
"48273020501",0,0,0
"48273020502",0,0,0
"48297950100",0,0,0
"48297950200",0,0,0
"48297950300",0,0,0
"48297950400",0,0,0
"48311950100",0,0,0
"48355002900",0,0,0
"48391950400",0,0,0
"48427950101",0,0,0
"48427950105",0,0,0
"48427950202",0,0,0
"48427950203",0,0,0
"48427950701",0,0,0
"48427950702",0,0,0
"48013960500",0,0,0
"48025950100",0,0,0
"48029161400",0,0,0
"48029191816",0,0,0
"48089750200",0,0,0
"48089750300",0,0,0
"48089750400",0,0,0
"48123970100",0,0,0
"48123970202",0,0,0
"48123970400",0,0,0
"48123970500",0,0,0
"48127950201",0,0,0
"48127950202",0,0,0
"48127950400",0,0,0
"48137950300",0,0,0
"48149970400",0,0,0
"48149970500",0,0,0
"48149970601",0,0,0
"48149970602",0,0,0
"48163950301",0,0,0
"48177000500",0,0,0
"48177000600",0,0,0
"48255970100",0,0,0
"48255970301",0,0,0
"48255970302",0,0,0
"48255970400",0,0,0
"48271950100",0,0,0
"48285000100",0,0,0
"48285000200",0,0,0
"48285000300",0,0,0
"48285000400",0,0,0
"48321730100",0,0,0
"48321730202",0,0,0
"48321730203",0,0,0
"48321730204",0,0,0
"48321730301",0,0,0
"48321730302",0,0,0
"48321730303",0,0,0
"48321730400",0,0,0
"48321730502",0,0,0
"48321730600",0,0,0
"48321730700",0,0,0
"48323950204",0,0,0
"48323950206",0,0,0
"48323950207",0,0,0
"48323950208",0,0,0
"48323950209",0,0,0
"48323950301",0,0,0
"48323950302",0,0,0
"48323950400",0,0,0
"48323950500",0,0,0
"48323950601",0,0,0
"48323950602",0,0,0
"48323950701",0,0,0
"48323950702",0,0,0
"48385950100",0,0,0
"48435950300",0,0,0
"48463950100",0,0,0
"48463950201",0,0,0
"48463950202",0,0,0
"48463950300",0,0,0
"48463950400",0,0,0
"48463950500",0,0,0
"48481740100",0,0,0
"48481740500",0,0,0
"48481740600",0,0,0
"48481740700",0,0,0
"48481740800",0,0,0
"48481740901",0,0,0
"48481740902",0,0,0
"48481741000",0,0,0
"48507950100",0,0,0
"48507950200",0,0,0
"48507950301",0,0,0
"48507950302",0,0,0
"48035950100",0,0,0
"48035950300",0,0,0
"48035950600",0,0,0
"48083950600",0,0,0
"48093950101",0,0,0
"48093950102",0,0,0
"48093950400",0,0,0
"48133950201",0,0,0
"48133950400",0,0,0
"48133950500",0,0,0
"48143950301",0,0,0
"48151950400",0,0,0
"48193950100",0,0,0
"48217960200",0,0,0
"48217960400",0,0,0
"48217960501",0,0,0
"48217960502",0,0,0
"48289950102",0,0,0
"48289950201",0,0,0
"48289950301",0,0,0
"48289950302",0,0,0
"48293970700",0,0,0
"48293970800",0,0,0
"48307950300",0,0,0
"48307950400",0,0,0
"48307950500",0,0,0
"48319950200",0,0,0
"48327950300",0,0,0
"48331950300",0,0,0
"48363000200",0,0,0
"48395960100",0,0,0
"48429950200",0,0,0
"48429950300",0,0,0
"48429950500",0,0,0
"40005587800",0,0,0
"40005587900",0,0,0
"40019892200",0,0,0
"40023967300",0,0,0
"40029388100",0,0,0
"40029388200",0,0,0
"40049681400",0,0,0
"40049681700",0,0,0
"40049681800",0,0,0
"40049681900",0,0,0
"40069660202",0,0,0
"40075963700",0,0,0
"40095094803",0,0,0
"40121486800",0,0,0
"40123088700",0,0,0
"40123089600",0,0,0
"40127097702",0,0,0
"40141070100",0,0,0
"48075950100",0,0,0
"48075950200",0,0,0
"48087950300",0,0,0
"48097000200",0,0,0
"48101950100",0,0,0
"48129950300",0,0,0
"48155950100",0,0,0
"48191950500",0,0,0
"48197950100",0,0,0
"48207950300",0,0,0
"48207950400",0,0,0
"48263950100",0,0,0
"48269950100",0,0,0
"48275950100",0,0,0
"48275950200",0,0,0
"48337950100",0,0,0
"48433950300",0,0,0
"48447950300",0,0,0
"48485980000",0,0,0
"48503950200",0,0,0
"48503950401",0,0,0
"48503950402",0,0,0
"20007968200",0,0,0
"20033967600",0,0,0
"20035493300",0,0,0
"20035493700",0,0,0
"20035493800",0,0,0
"20035493900",0,0,0
"20035494000",0,0,0
"20035494100",0,0,0
"20077961700",0,0,0
"20077961800",0,0,0
"20175965600",0,0,0
"20191962300",0,0,0
"40003955700",0,0,0
"40007951600",0,0,0
"40007951700",0,0,0
"40007951800",0,0,0
"40011958700",0,0,0
"40011958800",0,0,0
"40011958900",0,0,0
"40015161602",0,0,0
"40015161700",0,0,0
"40015161800",0,0,0
"40015161900",0,0,0
"40039961000",0,0,0
"40043959100",0,0,0
"40043959200",0,0,0
"40043959300",0,0,0
"40045952600",0,0,0
"40045952800",0,0,0
"40059952100",0,0,0
"40059952200",0,0,0
"40071000100",0,0,0
"40071000202",0,0,0
"40071000300",0,0,0
"40071000500",0,0,0
"40071001200",0,0,0
"40071001301",0,0,0
"40071001302",0,0,0
"40075963600",0,0,0
"40093955200",0,0,0
"40113940003",0,0,0
"40113940011",0,0,0
"40121485800",0,0,0
"40121486700",0,0,0
"40127097701",0,0,0
"40149965400",0,0,0
"40151954201",0,0,0
"40151954202",0,0,0
"40151954300",0,0,0
"40151954400",0,0,0
"40153953100",0,0,0
"40153953200",0,0,0
"40153953300",0,0,0
"40153953400",0,0,0
"40153953500",0,0,0
"48125950300",0,0,0
"48179950100",0,0,0
"48211950300",0,0,0
"48295950200",0,0,0
"48295950300",0,0,0
"48345950100",0,0,0
"48357950100",0,0,0
"48357950300",0,0,0
"48357950400",0,0,0
"48393950100",0,0,0
"20007968100",0,0,0
"20017960600",0,0,0
"20025967100",0,0,0
"20035493100",0,0,0
"20049965100",0,0,0
"20063955300",0,0,0
"20065952300",0,0,0
"20073965600",0,0,0
"20073965700",0,0,0
"20073965800",0,0,0
"20077961600",0,0,0
"20095961300",0,0,0
"20097969100",0,0,0
"20101956600",0,0,0
"20109954600",0,0,0
"20111000700",0,0,0
"20111000800",0,0,0
"20115489500",0,0,0
"20119966600",0,0,0
"20125950100",0,0,0
"20127963600",0,0,0
"20135956300",0,0,0
"20141474100",0,0,0
"20151968600",0,0,0
"20151968700",0,0,0
"20151968800",0,0,0
"20173006600",0,0,0
"20175965700",0,0,0
"20175965800",0,0,0
"20175965900",0,0,0
"20175966000",0,0,0
"20179952800",0,0,0
"20191962200",0,0,0
"20205097200",0,0,0
"20205097300",0,0,0
"20205097400",0,0,0
"40121485601",0,0,0
"40121485602",0,0,0
"48179950300",0,0,0
"48179950400",0,0,0
"48179950500",0,0,0
"48179950600",0,0,0
"48179950700",0,0,0
"48179950800",0,0,0
"20029977100",0,0,0
"20029977400",0,0,0
"20089576300",0,0,0
"20117060510",0,0,0
"20117090186",0,0,0
"20123176600",0,0,0
"20123176700",0,0,0
"20131480100",0,0,0
"20131480200",0,0,0
"20131480300",0,0,0
"20137951700",0,0,0
"20147475100",0,0,0
"20147475200",0,0,0
"20147475300",0,0,0
"20157978100",0,0,0
"20157978200",0,0,0
"20157978300",0,0,0
"20183475800",0,0,0
"20183475900",0,0,0
"20201978600",0,0,0
"20201978700",0,0,0
"31023967600",0,0,0
"31041971700",0,0,0
"31041971800",0,0,0
"31041971900",0,0,0
"31041972000",0,0,0
"31063961100",0,0,0
"31067965200",0,0,0
"31095963600",0,0,0
"31095963700",0,0,0
"31095963800",0,0,0
"31127968100",0,0,0
"31127968200",0,0,0
"31129960100",0,0,0
"31133967800",0,0,0
"31147964500",0,0,0
"31147968500",0,0,0
"31147968600",0,0,0
"19035080400",0,0,0
"19047070300",0,0,0
"19085290100",0,0,0
"19093090200",0,0,0
"19093090300",0,0,0
"19133960100",0,0,0
"19133960400",0,0,0
"27063480200",0,0,0
"31009972400",0,0,0
"31011960100",0,0,0
"31011960200",0,0,0
"31015975800",0,0,0
"31017975000",0,0,0
"31031955800",0,0,0
"31071973200",0,0,0
"31089974000",0,0,0
"31089974200",0,0,0
"31089974300",0,0,0
"31091956700",0,0,0
"31103975400",0,0,0
"31107976200",0,0,0
"31115972800",0,0,0
"31149974600",0,0,0
"31171957100",0,0,0
"46009967600",0,0,0
"46009967700",0,0,0
"46015973200",0,0,0
"46023940200",0,0,0
"46023940300",0,0,0
"46023970100",0,0,0
"46043969600",0,0,0
"46053971100",0,0,0
"46053971200",0,0,0
"46067968600",0,0,0
"46067968800",0,0,0
"46095940300",0,0,0
"46123971600",0,0,0
"46123971700",0,0,0
"27011950100",0,0,0
"27011950200",0,0,0
"27011950300",0,0,0
"27033270200",0,0,0
"27073180100",0,0,0
"27073180200",0,0,0
"27073180300",0,0,0
"27083360100",0,0,0
"27083360200",0,0,0
"27083360300",0,0,0
"27083360400",0,0,0
"27083360500",0,0,0
"27083360600",0,0,0
"27083360700",0,0,0
"27101900100",0,0,0
"27101900200",0,0,0
"27101900300",0,0,0
"27117460500",0,0,0
"27127750400",0,0,0
"27127750500",0,0,0
"27151960400",0,0,0
"27155460200",0,0,0
"27173970300",0,0,0
"27173970400",0,0,0
"46005956600",0,0,0
"46005956700",0,0,0
"46005956800",0,0,0
"46005957000",0,0,0
"46005957100",0,0,0
"46017940200",0,0,0
"46021964100",0,0,0
"46025955800",0,0,0
"46029954600",0,0,0
"46031941000",0,0,0
"46037952700",0,0,0
"46037952900",0,0,0
"46041941700",0,0,0
"46045962200",0,0,0
"46049961100",0,0,0
"46051953100",0,0,0
"46051953300",0,0,0
"46057955200",0,0,0
"46059975600",0,0,0
"46059975700",0,0,0
"46065977700",0,0,0
"46065977800",0,0,0
"46065977900",0,0,0
"46065978000",0,0,0
"46069976700",0,0,0
"46073974100",0,0,0
"46075091600",0,0,0
"46077958200",0,0,0
"46085940100",0,0,0
"46085972600",0,0,0
"46089963100",0,0,0
"46091950800",0,0,0
"46107000100",0,0,0
"46109940800",0,0,0
"46109950400",0,0,0
"46115000300",0,0,0
"46119979100",0,0,0
"46129965100",0,0,0
"46129965200",0,0,0
"27029000300",0,0,0
"27107960100",0,0,0
"38005940100",0,0,0
"38005940200",0,0,0
"38005956700",0,0,0
"38021973200",0,0,0
"38021973300",0,0,0
"38027959200",0,0,0
"38029966500",0,0,0
"38031959600",0,0,0
"38039968600",0,0,0
"38043966800",0,0,0
"38045972100",0,0,0
"38047972500",0,0,0
"38051972900",0,0,0
"38063959000",0,0,0
"38069956200",0,0,0
"38071957600",0,0,0
"38071957700",0,0,0
"38071957800",0,0,0
"38073968900",0,0,0
"38073969000",0,0,0
"38073969100",0,0,0
"38081974200",0,0,0
"38083960200",0,0,0
"38085940800",0,0,0
"38085940900",0,0,0
"38091968700",0,0,0
"38103960000",0,0,0
"27057070200",0,0,0
"27057070700",0,0,0
"27069090100",0,0,0
"27069090200",0,0,0
"27089080300",0,0,0
"38009952300",0,0,0
"38009952400",0,0,0
"38009952500",0,0,0
"38019950900",0,0,0
"38019951100",0,0,0
"38067950100",0,0,0
"38067950200",0,0,0
"38067950600",0,0,0
"38069956100",0,0,0
"38075952900",0,0,0
"38079941800",0,0,0
"38079951600",0,0,0
"38079951700",0,0,0
"38079951900",0,0,0
"38095951500",0,0,0
"38099957800",0,0,0
"38099958100",0,0,0
"38099958200",0,0,0
"38099958300",0,0,0
"27077460401",0,0,0
"27077460402",0,0,0
"48043950500",0,0,0
"48443950100",0,0,0
"48465950202",0,0,0
"48465950203",0,0,0
"48465950301",0,0,0
"48465950302",0,0,0
"48465950400",0,0,0
"48465950501",0,0,0
"48465950502",0,0,0
"48465950601",0,0,0
"48465950602",0,0,0
"48465950701",0,0,0
"48465950702",0,0,0
"48465950801",0,0,0
"48465980000",0,0,0
"48033950100",0,0,0
"48105950100",0,0,0
"48371950100",0,0,0
"48371950300",0,0,0
"48371950400",0,0,0
"48371950500",0,0,0
"48371980000",0,0,0
"48383950100",0,0,0
"48389950200",0,0,0
"48389950300",0,0,0
"48389950400",0,0,0
"48389950600",0,0,0
"48415950100",0,0,0
"48415950200",0,0,0
"48415950300",0,0,0
"48415950600",0,0,0
"48461950200",0,0,0
"48495950400",0,0,0
"48045950200",0,0,0
"48069950100",0,0,0
"48069950200",0,0,0
"48069950300",0,0,0
"48079950100",0,0,0
"48129950200",0,0,0
"48153950500",0,0,0
"48153950600",0,0,0
"48279950100",0,0,0
"48279950200",0,0,0
"48301950100",0,0,0
"48437950400",0,0,0
"20129964600",0,0,0
"20189965100",0,0,0
"20189965200",0,0,0
"35037958601",0,0,0
"35037958602",0,0,0
"35037958900",0,0,0
"35059950200",0,0,0
"40025950100",0,0,0
"40025950300",0,0,0
"40139950600",0,0,0
"40139950700",0,0,0
"40139950800",0,0,0
"40139950901",0,0,0
"40139950902",0,0,0
"40139951000",0,0,0
"48065950100",0,0,0
"48111950100",0,0,0
"48111950300",0,0,0
"48195950100",0,0,0
"48195950300",0,0,0
"48205950200",0,0,0
"48233950200",0,0,0
"48233950502",0,0,0
"48233950600",0,0,0
"48233950700",0,0,0
"48233950800",0,0,0
"48233950900",0,0,0
"48233951000",0,0,0
"48341950100",0,0,0
"48341950201",0,0,0
"48421950200",0,0,0
"08009964600",0,0,0
"08009964700",0,0,0
"08011966701",0,0,0
"08011966702",0,0,0
"08061960100",0,0,0
"08073961700",0,0,0
"08073961800",0,0,0
"08089968100",0,0,0
"08089968200",0,0,0
"08089968300",0,0,0
"08089968500",0,0,0
"08089968600",0,0,0
"08099000100",0,0,0
"08099000200",0,0,0
"08099000300",0,0,0
"08099000600",0,0,0
"08099000700",0,0,0
"20067963600",0,0,0
"20067963700",0,0,0
"20071958100",0,0,0
"20187964100",0,0,0
"20199954100",0,0,0
"20203957600",0,0,0
"08089968400",0,0,0
"08095967600",0,0,0
"08095967700",0,0,0
"08121924100",0,0,0
"08125963100",0,0,0
"08125963200",0,0,0
"31005958300",0,0,0
"31029961900",0,0,0
"31057962300",0,0,0
"31069952100",0,0,0
"31101000300",0,0,0
"31135959300",0,0,0
"31013951100",0,0,0
"31045950600",0,0,0
"31045950700",0,0,0
"31075956300",0,0,0
"31161951600",0,0,0
"31161951700",0,0,0
"46007941000",0,0,0
"46007941200",0,0,0
"46033965100",0,0,0
"46047964100",0,0,0
"46071941200",0,0,0
"46071961100",0,0,0
"46102941000",0,0,0
"46102941100",0,0,0
"46102941200",0,0,0
"38001965600",0,0,0
"46019967600",0,0,0
"46019967701",0,0,0
"46019967702",0,0,0
"46055960100",0,0,0
"46063968700",0,0,0
"46081966601",0,0,0
"30109000100",0,0,0
"38011965200",0,0,0
"38011965300",0,0,0
"38025962200",0,0,0
"38033962900",0,0,0
"38037965900",0,0,0
"38041964700",0,0,0
"38053940100",0,0,0
"38053962301",0,0,0
"38053962302",0,0,0
"38055940100",0,0,0
"38057961600",0,0,0
"38057961700",0,0,0
"38057961800",0,0,0
"38061940300",0,0,0
"38061940400",0,0,0
"38061955200",0,0,0
"38087965000",0,0,0
"30025000100",0,0,0
"30091090400",0,0,0
"38013953300",0,0,0
"38023954500",0,0,0
"38105953400",0,0,0
"48043950300",0,0,0
"48043950400",0,0,0
"48243950100",0,0,0
"48377950100",0,0,0
"48377950200",0,0,0
"48109950300",0,0,0
"48229950300",0,0,0
"35011960100",0,0,0
"35019961600",0,0,0
"35057963201",0,0,0
"35057963601",0,0,0
"35057963700",0,0,0
"35057980000",0,0,0
"08021974800",0,0,0
"08021974900",0,0,0
"08023972700",0,0,0
"08071000100",0,0,0
"08071000200",0,0,0
"08071000300",0,0,0
"08071000400",0,0,0
"08071000500",0,0,0
"08071000800",0,0,0
"35007950500",0,0,0
"35007950600",0,0,0
"35007950700",0,0,0
"35021000100",0,0,0
"35033955202",0,0,0
"35039000401",0,0,0
"35039000402",0,0,0
"35047957501",0,0,0
"35047957602",0,0,0
"35049010310",0,0,0
"35055940000",0,0,0
"35055940101",0,0,0
"35055940102",0,0,0
"35055952101",0,0,0
"35055952102",0,0,0
"35055952300",0,0,0
"35055952601",0,0,0
"35055952602",0,0,0
"35055952701",0,0,0
"35055952702",0,0,0
"08003960000",0,0,0
"08003960100",0,0,0
"08003960201",0,0,0
"08003960202",0,0,0
"08003960300",0,0,0
"08023972600",0,0,0
"08027970101",0,0,0
"08027970102",0,0,0
"08039961100",0,0,0
"08039961205",0,0,0
"08041004008",0,0,0
"08041004403",0,0,0
"08043979001",0,0,0
"08043979002",0,0,0
"08055960902",0,0,0
"08093000400",0,0,0
"08093000500",0,0,0
"08105976700",0,0,0
"08105976800",0,0,0
"08105977001",0,0,0
"08105977002",0,0,0
"08109977700",0,0,0
"35039000500",0,0,0
"08013013703",0,0,0
"08037000402",0,0,0
"08049000203",0,0,0
"08049000204",0,0,0
"08049000205",0,0,0
"08049000206",0,0,0
"08049000207",0,0,0
"08057955600",0,0,0
"08069002401",0,0,0
"08093000101",0,0,0
"08107000800",0,0,0
"56007968000",0,0,0
"56007968100",0,0,0
"56015957700",0,0,0
"56027957200",0,0,0
"56031959100",0,0,0
"56031959402",0,0,0
"56045951300",0,0,0
"30003940400",0,0,0
"30011000300",0,0,0
"30075000100",0,0,0
"30087000200",0,0,0
"30087000300",0,0,0
"30087940400",0,0,0
"56011950300",0,0,0
"56045951100",0,0,0
"30021000100",0,0,0
"30021000200",0,0,0
"30021000300",0,0,0
"30033000100",0,0,0
"30085940001",0,0,0
"30085940002",0,0,0
"30087000100",0,0,0
"30105100100",0,0,0
"30105100500",0,0,0
"30105940600",0,0,0
"30019020300",0,0,0
"30091090200",0,0,0
"30103963500",0,0,0
"35017964200",0,0,0
"35017964300",0,0,0
"35017964401",0,0,0
"35017964402",0,0,0
"35017964500",0,0,0
"35017964600",0,0,0
"35017964701",0,0,0
"35017964702",0,0,0
"35017964800",0,0,0
"35023970000",0,0,0
"35023970200",0,0,0
"35029000100",0,0,0
"35029000200",0,0,0
"35029000300",0,0,0
"35029000401",0,0,0
"35029000402",0,0,0
"35029000500",0,0,0
"35029000600",0,0,0
"04001970501",0,0,0
"04011960100",0,0,0
"04011960200",0,0,0
"35003976401",0,0,0
"35003976402",0,0,0
"35006941500",0,0,0
"35006945800",0,0,0
"35031940302",0,0,0
"35051962200",0,0,0
"35051962300",0,0,0
"35051962401",0,0,0
"35051962402",0,0,0
"35053940000",0,0,0
"35053978100",0,0,0
"35053978200",0,0,0
"35053978301",0,0,0
"35053978302",0,0,0
"35053978303",0,0,0
"04001942700",0,0,0
"04001944100",0,0,0
"04001970300",0,0,0
"08007940400",0,0,0
"35006974701",0,0,0
"35031940301",0,0,0
"35031943500",0,0,0
"35031943702",0,0,0
"35031944000",0,0,0
"35031973100",0,0,0
"35039941000",0,0,0
"35043010900",0,0,0
"35043011200",0,0,0
"35043940900",0,0,0
"08029964600",0,0,0
"08029965001",0,0,0
"08033000100",0,0,0
"08053973100",0,0,0
"08067970706",0,0,0
"08077001800",0,0,0
"08085966100",0,0,0
"08111972600",0,0,0
"08113968101",0,0,0
"08113968102",0,0,0
"08113968103",0,0,0
"08113968200",0,0,0
"56007967600",0,0,0
"49009960100",0,0,0
"56007967700",0,0,0
"56007967800",0,0,0
"56013000400",0,0,0
"56013940201",0,0,0
"56013940202",0,0,0
"56013940400",0,0,0
"56037971600",0,0,0
"30003940500",0,0,0
"30003940700",0,0,0
"30009000300",0,0,0
"30009000400",0,0,0
"30009000500",0,0,0
"30095966500",0,0,0
"56003962600",0,0,0
"56003962700",0,0,0
"56035000104",0,0,0
"56043000200",0,0,0
"30005940200",0,0,0
"30027030100",0,0,0
"30027030201",0,0,0
"30027030202",0,0,0
"30037000100",0,0,0
"30041940300",0,0,0
"30065000100",0,0,0
"30065000200",0,0,0
"30069000100",0,0,0
"30107000100",0,0,0
"30005000100",0,0,0
"30005000200",0,0,0
"30005940100",0,0,0
"30041040200",0,0,0
"30041040300",0,0,0
"30041040400",0,0,0
"30041040500",0,0,0
"30071060200",0,0,0
"04003000101",0,0,0
"04003000102",0,0,0
"04003000201",0,0,0
"04003000202",0,0,0
"04003000203",0,0,0
"04003000305",0,0,0
"04003000502",0,0,0
"04003000503",0,0,0
"04003000700",0,0,0
"04003000800",0,0,0
"04003001401",0,0,0
"04003001402",0,0,0
"04009961201",0,0,0
"04009961202",0,0,0
"04009961300",0,0,0
"04009961400",0,0,0
"04009961500",0,0,0
"04009961700",0,0,0
"04019004316",0,0,0
"04019940800",0,0,0
"04023966000",0,0,0
"04023966103",0,0,0
"04023966106",0,0,0
"04023966107",0,0,0
"04023966109",0,0,0
"04023966110",0,0,0
"04023966111",0,0,0
"04023966200",0,0,0
"04023966301",0,0,0
"04023966302",0,0,0
"04023966401",0,0,0
"04023966402",0,0,0
"04001970201",0,0,0
"04001970202",0,0,0
"04001970502",0,0,0
"04005001500",0,0,0
"04007000600",0,0,0
"04007000800",0,0,0
"04007000900",0,0,0
"04007001000",0,0,0
"04007001100",0,0,0
"04007001200",0,0,0
"04007001300",0,0,0
"04007940200",0,0,0
"04007940400",0,0,0
"04009961100",0,0,0
"04017940100",0,0,0
"04017940301",0,0,0
"04017940302",0,0,0
"04021002300",0,0,0
"04025001501",0,0,0
"04001944201",0,0,0
"04001944202",0,0,0
"04001944301",0,0,0
"04001944302",0,0,0
"04005002000",0,0,0
"04005002301",0,0,0
"04005942202",0,0,0
"04017940008",0,0,0
"04017940010",0,0,0
"04017940011",0,0,0
"04017940013",0,0,0
"04017940014",0,0,0
"49015976200",0,0,0
"49015976300",0,0,0
"49017000400",0,0,0
"49025130100",0,0,0
"49031960100",0,0,0
"49039972300",0,0,0
"49039972401",0,0,0
"49039972402",0,0,0
"49039972500",0,0,0
"49041975200",0,0,0
"49041975300",0,0,0
"49041975400",0,0,0
"49041975500",0,0,0
"49055979100",0,0,0
"49007000100",0,0,0
"49007000200",0,0,0
"49007000300",0,0,0
"49007000500",0,0,0
"49007000600",0,0,0
"49013940300",0,0,0
"49017000300",0,0,0
"49039972101",0,0,0
"49039972102",0,0,0
"49043964203",0,0,0
"56041975201",0,0,0
"56041975202",0,0,0
"56041975301",0,0,0
"56041975302",0,0,0
"56041975401",0,0,0
"56041975402",0,0,0
"16007950100",0,0,0
"16007950200",0,0,0
"16029960100",0,0,0
"16029960200",0,0,0
"16071960100",0,0,0
"56023978001",0,0,0
"56023978002",0,0,0
"56023978100",0,0,0
"56023978200",0,0,0
"56023978400",0,0,0
"56035000101",0,0,0
"56035000103",0,0,0
"30001000200",0,0,0
"30001000300",0,0,0
"30031001500",0,0,0
"30043962300",0,0,0
"30057000101",0,0,0
"30057000200",0,0,0
"30057000300",0,0,0
"30067000100",0,0,0
"30067980600",0,0,0
"30093000101",0,0,0
"30093000102",0,0,0
"30093000200",0,0,0
"30093000400",0,0,0
"30093000700",0,0,0
"30093000800",0,0,0
"30015010300",0,0,0
"30045000100",0,0,0
"30049000300",0,0,0
"30059000100",0,0,0
"30073977000",0,0,0
"30077000200",0,0,0
"30099000300",0,0,0
"30023000300",0,0,0
"30035976000",0,0,0
"30041040100",0,0,0
"30051050100",0,0,0
"30077000100",0,0,0
"30101000100",0,0,0
"30101000200",0,0,0
"30101980000",0,0,0
"30035940200",0,0,0
"04013940700",0,0,0
"04019005200",0,0,0
"04012020102",0,0,0
"04012020501",0,0,0
"04012020503",0,0,0
"04012020504",0,0,0
"04012020505",0,0,0
"04012020602",0,0,0
"04012940300",0,0,0
"04012980000",0,0,0
"04013061100",0,0,0
"04013723305",0,0,0
"04013980100",0,0,0
"04025001300",0,0,0
"04025001402",0,0,0
"04027012100",0,0,0
"06065045900",0,0,0
"06065046101",0,0,0
"06065046102",0,0,0
"06065046103",0,0,0
"06065046200",0,0,0
"06065047000",0,0,0
"06065940100",0,0,0
"06065981000",0,0,0
"06071940100",0,0,0
"04015950403",0,0,0
"04025002100",0,0,0
"32003005615",0,0,0
"32003005703",0,0,0
"49025130200",0,0,0
"49053270102",0,0,0
"32017950100",0,0,0
"32017950200",0,0,0
"32033970100",0,0,0
"32033970200",0,0,0
"32033970300",0,0,0
"49053270200",0,0,0
"32007950200",0,0,0
"32007951500",0,0,0
"16031950100",0,0,0
"16031950600",0,0,0
"16039960100",0,0,0
"16067970300",0,0,0
"16059970100",0,0,0
"16059970200",0,0,0
"16059970300",0,0,0
"30001000100",0,0,0
"32007951700",0,0,0
"30023000400",0,0,0
"30023000500",0,0,0
"30039961701",0,0,0
"30039961702",0,0,0
"30047940304",0,0,0
"30047940305",0,0,0
"30047940306",0,0,0
"30047940307",0,0,0
"30047940400",0,0,0
"30047940500",0,0,0
"30053000100",0,0,0
"30061964500",0,0,0
"30063001801",0,0,0
"30089000100",0,0,0
"30089000202",0,0,0
"30089940300",0,0,0
"30029000101",0,0,0
"30053000200",0,0,0
"30053000300",0,0,0
"30089000201",0,0,0
"06073009509",0,0,0
"06073021101",0,0,0
"06025012301",0,0,0
"06071002709",0,0,0
"06071010300",0,0,0
"06071010402",0,0,0
"06071010415",0,0,0
"06071010422",0,0,0
"06071010425",0,0,0
"06071010426",0,0,0
"06071010431",0,0,0
"06071010432",0,0,0
"06071010433",0,0,0
"06071010434",0,0,0
"06071010435",0,0,0
"06071010436",0,0,0
"06073009400",0,0,0
"06073017808",0,0,0
"06073020904",0,0,0
"06073021001",0,0,0
"06073021002",0,0,0
"06027000800",0,0,0
"06029005300",0,0,0
"06029005402",0,0,0
"06029005405",0,0,0
"06029005406",0,0,0
"06029005407",0,0,0
"06029005408",0,0,0
"06029005409",0,0,0
"06029005410",0,0,0
"06029005509",0,0,0
"06029005510",0,0,0
"06029005700",0,0,0
"06071008901",0,0,0
"32003005876",0,0,0
"32023960300",0,0,0
"32023960405",0,0,0
"32023960408",0,0,0
"32023960411",0,0,0
"32023960412",0,0,0
"32023960413",0,0,0
"32023960414",0,0,0
"32023960415",0,0,0
"32023960416",0,0,0
"32009950100",0,0,0
"32023960100",0,0,0
"32023960200",0,0,0
"32011000100",0,0,0
"32013010501",0,0,0
"32013010502",0,0,0
"32013010600",0,0,0
"32013010701",0,0,0
"32013010702",0,0,0
"32015000301",0,0,0
"32015000302",0,0,0
"16039960500",0,0,0
"16073950200",0,0,0
"41045940000",0,0,0
"16003950100",0,0,0
"16003950200",0,0,0
"16015950202",0,0,0
"16049960201",0,0,0
"16049960202",0,0,0
"16049960300",0,0,0
"16049960400",0,0,0
"16085970100",0,0,0
"16085970200",0,0,0
"16085970301",0,0,0
"16085970302",0,0,0
"41001950600",0,0,0
"41063960100",0,0,0
"41063960200",0,0,0
"41063960300",0,0,0
"16009940000",0,0,0
"16009950100",0,0,0
"16017950100",0,0,0
"16017950402",0,0,0
"16017950500",0,0,0
"16017950701",0,0,0
"16049940000",0,0,0
"16061950300",0,0,0
"53001950100",0,0,0
"53019940000",0,0,0
"53043960200",0,0,0
"53043960400",0,0,0
"53065941000",0,0,0
"53075001000",0,0,0
"16017950202",0,0,0
"16017950600",0,0,0
"53001950200",0,0,0
"53019970100",0,0,0
"53051970100",0,0,0
"53051970200",0,0,0
"53019970200",0,0,0
"06029003307",0,0,0
"06037599000",0,0,0
"06037920031",0,0,0
"06037920102",0,0,0
"06037930400",0,0,0
"06037980010",0,0,0
"06059110015",0,0,0
"06083001800",0,0,0
"06111009700",0,0,0
"06019006408",0,0,0
"06019006409",0,0,0
"06019006410",0,0,0
"06019007903",0,0,0
"06029006009",0,0,0
"06029006010",0,0,0
"06029006011",0,0,0
"06079012708",0,0,0
"06107002701",0,0,0
"06107004302",0,0,0
"06009000504",0,0,0
"06043000400",0,0,0
"06051000102",0,0,0
"06109004201",0,0,0
"32001950100",0,0,0
"32001950400",0,0,0
"32019960801",0,0,0
"32019960802",0,0,0
"32019960901",0,0,0
"32019960902",0,0,0
"32021970700",0,0,0
"32021970800",0,0,0
"06035040200",0,0,0
"06035040302",0,0,0
"06035040303",0,0,0
"06035040304",0,0,0
"06035040305",0,0,0
"06035040400",0,0,0
"06035040500",0,0,0
"06049000100",0,0,0
"06049000300",0,0,0
"06049000400",0,0,0
"06063000100",0,0,0
"06063000201",0,0,0
"06063000202",0,0,0
"06063000400",0,0,0
"32001950301",0,0,0
"32001950302",0,0,0
"32001950500",0,0,0
"32001950600",0,0,0
"32001950700",0,0,0
"32027960100",0,0,0
"06035040100",0,0,0
"41025960101",0,0,0
"41025960102",0,0,0
"41037960100",0,0,0
"41037960200",0,0,0
"41013950402",0,0,0
"41021960100",0,0,0
"41023960100",0,0,0
"41023960202",0,0,0
"41049970200",0,0,0
"41065970800",0,0,0
"41069960100",0,0,0
"53039950101",0,0,0
"53001950302",0,0,0
"53001950303",0,0,0
"53007960100",0,0,0
"53007960203",0,0,0
"53007960302",0,0,0
"53007960400",0,0,0
"53017950101",0,0,0
"53017950102",0,0,0
"53025010100",0,0,0
"53025010200",0,0,0
"53025010300",0,0,0
"53025010401",0,0,0
"53025010402",0,0,0
"53025010700",0,0,0
"53025010800",0,0,0
"53025010901",0,0,0
"53025010903",0,0,0
"53025010904",0,0,0
"53025011001",0,0,0
"53025011002",0,0,0
"53025011101",0,0,0
"53025011102",0,0,0
"53025011200",0,0,0
"53025011300",0,0,0
"53025011401",0,0,0
"53025011405",0,0,0
"53037975101",0,0,0
"53043960300",0,0,0
"53047940100",0,0,0
"53047970800",0,0,0
"53071920000",0,0,0
"53047940200",0,0,0
"53047970301",0,0,0
"53047970303",0,0,0
"53047970400",0,0,0
"53047970500",0,0,0
"53047970601",0,0,0
"53047970602",0,0,0
"53047970700",0,0,0
"53047970900",0,0,0
"53047971000",0,0,0
"06047002001",0,0,0
"06045011001",0,0,0
"06045011102",0,0,0
"06055201800",0,0,0
"06085503124",0,0,0
"06085504805",0,0,0
"06097154304",0,0,0
"06097154307",0,0,0
"06097154308",0,0,0
"06023010102",0,0,0
"06023011600",0,0,0
"06023940000",0,0,0
"06045010100",0,0,0
"06045010200",0,0,0
"06045010300",0,0,0
"06045010400",0,0,0
"06045010500",0,0,0
"06045011003",0,0,0
"06045011004",0,0,0
"06049000200",0,0,0
"06063000501",0,0,0
"06063000502",0,0,0
"06089012701",0,0,0
"06089012702",0,0,0
"06093000600",0,0,0
"06093000800",0,0,0
"06093000901",0,0,0
"06093000902",0,0,0
"06093001001",0,0,0
"06093001002",0,0,0
"06093001003",0,0,0
"06093001200",0,0,0
"06103000300",0,0,0
"06105000200",0,0,0
"06105000500",0,0,0
"06023011501",0,0,0
"06093000300",0,0,0
"06093001300",0,0,0
"41029002600",0,0,0
"41033361400",0,0,0
"41035970201",0,0,0
"41035970500",0,0,0
"41031960303",0,0,0
"41057960101",0,0,0
"41057960102",0,0,0
"41057960200",0,0,0
"41057960300",0,0,0
"41057960401",0,0,0
"41057960402",0,0,0
"41057960500",0,0,0
"41057960600",0,0,0
"41057960700",0,0,0
"41057960800",0,0,0
"53059950100",0,0,0
"53027000700",0,0,0
"53029971100",0,0,0
"53029971301",0,0,0
"53029971302",0,0,0
"53029971800",0,0,0
"53029971900",0,0,0
"53029972000",0,0,0
"53029972100",0,0,0
"53033027701",0,0,0
"53033027702",0,0,0
"53041971700",0,0,0
"53041971900",0,0,0
"53041972000",0,0,0
"53045960100",0,0,0
"53049950400",0,0,0
"53049950801",0,0,0
"53049950802",0,0,0
"53053072901",0,0,0
"53061053801",0,0,0
"53061990002",0,0,0
"53067012510",0,0,0
"53027940000",0,0,0
"53055960101",0,0,0
"53055960102",0,0,0
"53055960103",0,0,0
"53055960301",0,0,0
"53055960302",0,0,0
"53055960400",0,0,0
"53055960501",0,0,0
"53055960502",0,0,0
"53057950100",0,0,0
"53057951102",0,0,0
"53057990100",0,0,0
"53073010900",0,0,0
"53073011000",0,0,0
"06023011502",0,0,0
"41011001101",0,0,0
"41015950100",0,0,0
"41015950201",0,0,0
"41015950202",0,0,0
"53009000300",0,0,0
"53009002400",0,0,0
"53009940000",0,0,0
"23003952700",0,0,0
"23009965700",0,0,0
"23009965800",0,0,0
"23009966000",0,0,0
"23009966100",0,0,0
"23009966200",0,0,0
"23009966500",0,0,0
"23009966600",0,0,0
"23013971100",0,0,0
"23019024500",0,0,0
"23019025500",0,0,0
"23019026500",0,0,0
"23019029000",0,0,0
"23019030000",0,0,0
"23021960301",0,0,0
"23021960302",0,0,0
"23021960400",0,0,0
"23021960500",0,0,0
"23021960600",0,0,0
"23021960900",0,0,0
"23025965302",0,0,0
"23029955100",0,0,0
"23029955300",0,0,0
"23029955400",0,0,0
"23029955500",0,0,0
"23029955600",0,0,0
"23029955700",0,0,0
"23029955800",0,0,0
"23029955900",0,0,0
"23029956100",0,0,0
"23029956200",0,0,0
"23029956300",0,0,0
"23029956400",0,0,0
"23029956500",0,0,0
"23003950100",0,0,0
"23003950200",0,0,0
"23003950300",0,0,0
"23003950400",0,0,0
"23003950600",0,0,0
"23003950700",0,0,0
"23003950900",0,0,0
"23003951000",0,0,0
"23003951100",0,0,0
"23003951200",0,0,0
"23003951300",0,0,0
"23003951400",0,0,0
"23003951600",0,0,0
"23003951700",0,0,0
"23003951800",0,0,0
"23003951900",0,0,0
"23003952000",0,0,0
"23003952100",0,0,0
"23003952300",0,0,0
"23003952400",0,0,0
"23003952500",0,0,0
"23003952600",0,0,0
"23007970101",0,0,0
"23025965301",0,0,0
"36103180300",0,0,0
"44009041500",0,0,0
"23005002400",0,0,0
"23017966900",0,0,0
"23031022500",0,0,0
"25001010100",0,0,0
"25001014100",0,0,0
"33003955801",0,0,0
"33003955802",0,0,0
"33003955901",0,0,0
"23005015000",0,0,0
"23005016001",0,0,0
"23005016500",0,0,0
"23007970102",0,0,0
"23007970601",0,0,0
"23007970602",0,0,0
"23017965100",0,0,0
"23017965400",0,0,0
"23017965500",0,0,0
"23017965600",0,0,0
"23017965700",0,0,0
"23017966001",0,0,0
"23017966002",0,0,0
"23017966600",0,0,0
"23017966700",0,0,0
"23017966800",0,0,0
"33003955102",0,0,0
"33003955301",0,0,0
"33003955302",0,0,0
"33003955401",0,0,0
"33003955402",0,0,0
"33003955500",0,0,0
"33003955602",0,0,0
"33007950100",0,0,0
"33007950200",0,0,0
"33007950400",0,0,0
"50001960600",0,0,0
"50003970500",0,0,0
"50011010200",0,0,0
"51001980100",0,0,0
"34029716000",0,0,0
"34029720206",0,0,0
"36005051602",0,0,0
"36025971400",0,0,0
"36031961201",0,0,0
"36031961202",0,0,0
"36041950300",0,0,0
"36043011502",0,0,0
"36049950800",0,0,0
"36111950900",0,0,0
"36031960401",0,0,0
"36031960402",0,0,0
"36031960501",0,0,0
"36031960502",0,0,0
"36031960902",0,0,0
"36031961001",0,0,0
"36031961002",0,0,0
"36031961100",0,0,0
"36033950601",0,0,0
"36033950701",0,0,0
"36033950800",0,0,0
"36033950900",0,0,0
"36033951000",0,0,0
"36033951100",0,0,0
"36033951200",0,0,0
"36041950100",0,0,0
"36049950101",0,0,0
"36049950200",0,0,0
"36089492501",0,0,0
"36089493000",0,0,0
"37031980100",0,0,0
"37013930101",0,0,0
"37013930102",0,0,0
"37013930600",0,0,0
"37013930700",0,0,0
"37053110101",0,0,0
"37095920102",0,0,0
"37185950101",0,0,0
"51025930201",0,0,0
"51053980100",0,0,0
"51111930300",0,0,0
"51650010200",0,0,0
"51700030100",0,0,0
"51810040000",0,0,0
"51810045000",0,0,0
"11001007301",0,0,0
"24019970804",0,0,0
"24019970900",0,0,0
"24019990000",0,0,0
"24029990000",0,0,0
"51153901505",0,0,0
"51193010101",0,0,0
"51193010102",0,0,0
"51193010200",0,0,0
"42023960100",0,0,0
"42023960200",0,0,0
"42035030100",0,0,0
"42067070201",0,0,0
"42105950402",0,0,0
"42113960101",0,0,0
"42113960201",0,0,0
"42131400100",0,0,0
"12011110332",0,0,0
"12011110334",0,0,0
"12011110354",0,0,0
"12011110355",0,0,0
"12087970900",0,0,0
"12099004822",0,0,0
"12099005955",0,0,0
"45013001000",0,0,0
"45013002101",0,0,0
"45013010100",0,0,0
"45013010200",0,0,0
"45019002104",0,0,0
"45019004902",0,0,0
"45029970800",0,0,0
"37017950101",0,0,0
"37017950102",0,0,0
"37163971003",0,0,0
"45019003200",0,0,0
"51019030503",0,0,0
"51037930300",0,0,0
"51083930100",0,0,0
"51117930401",0,0,0
"51117930402",0,0,0
"37071032508",0,0,0
"51091970100",0,0,0
"51125950102",0,0,0
"51139030100",0,0,0
"51163930301",0,0,0
"51171040400",0,0,0
"54007968000",0,0,0
"54013962600",0,0,0
"54013962700",0,0,0
"54023969400",0,0,0
"54023969500",0,0,0
"54023969600",0,0,0
"54031970102",0,0,0
"54031970201",0,0,0
"54031970202",0,0,0
"54031970300",0,0,0
"54057010400",0,0,0
"54067950100",0,0,0
"54067950201",0,0,0
"54067950400",0,0,0
"54067950500",0,0,0
"54067950600",0,0,0
"54071970400",0,0,0
"54071970500",0,0,0
"54075960101",0,0,0
"54075960102",0,0,0
"54075960201",0,0,0
"54075960202",0,0,0
"54093965300",0,0,0
"54095962000",0,0,0
"54101970101",0,0,0
"54101970102",0,0,0
"54101970200",0,0,0
"54101970300",0,0,0
"39019720700",0,0,0
"39111966900",0,0,0
"42033330400",0,0,0
"42033331600",0,0,0
"54015958100",0,0,0
"54067950300",0,0,0
"54095961900",0,0,0
"54103030400",0,0,0
"54103030500",0,0,0
"42083420100",0,0,0
"12021011107",0,0,0
"12021011109",0,0,0
"12051000601",0,0,0
"12053041303",0,0,0
"12053041304",0,0,0
"12057014014",0,0,0
"12087971001",0,0,0
"12087971002",0,0,0
"12087971100",0,0,0
"12087971200",0,0,0
"12087971300",0,0,0
"12031013800",0,0,0
"12067960100",0,0,0
"12067960201",0,0,0
"12079110400",0,0,0
"12117020703",0,0,0
"12123950100",0,0,0
"12123950301",0,0,0
"12123950302",0,0,0
"12123950401",0,0,0
"12123950402",0,0,0
"13049010200",0,0,0
"13001950100",0,0,0
"13001950201",0,0,0
"13001950202",0,0,0
"13065970200",0,0,0
"13091960500",0,0,0
"13091960600",0,0,0
"13107970200",0,0,0
"13107970300",0,0,0
"13107970401",0,0,0
"13153020600",0,0,0
"13163960400",0,0,0
"13183970101",0,0,0
"13183970102",0,0,0
"13183970202",0,0,0
"13183980000",0,0,0
"13209950300",0,0,0
"13267950202",0,0,0
"13267950401",0,0,0
"13271950500",0,0,0
"13279970102",0,0,0
"13279970201",0,0,0
"13279970202",0,0,0
"13279970400",0,0,0
"13279970500",0,0,0
"13279970600",0,0,0
"13305970100",0,0,0
"13305970202",0,0,0
"45049920402",0,0,0
"45049920500",0,0,0
"13033950900",0,0,0
"13125010100",0,0,0
"13163960300",0,0,0
"13181970100",0,0,0
"13303950500",0,0,0
"13317010101",0,0,0
"13317010102",0,0,0
"37043950101",0,0,0
"37043950102",0,0,0
"45011980100",0,0,0
"45087030600",0,0,0
"13291000203",0,0,0
"21051950600",0,0,0
"21095970300",0,0,0
"21095970500",0,0,0
"21095971000",0,0,0
"37039930101",0,0,0
"37039930102",0,0,0
"37043950201",0,0,0
"37043950202",0,0,0
"37075920100",0,0,0
"37075920200",0,0,0
"37075920300",0,0,0
"37087980100",0,0,0
"37099940200",0,0,0
"37099950500",0,0,0
"37099950700",0,0,0
"37111970102",0,0,0
"37113970100",0,0,0
"37113970200",0,0,0
"37113970501",0,0,0
"37115010100",0,0,0
"37121950200",0,0,0
"37121950400",0,0,0
"37173940100",0,0,0
"37173960200",0,0,0
"37173960301",0,0,0
"37173960302",0,0,0
"37199960102",0,0,0
"47009980200",0,0,0
"47067960600",0,0,0
"51027010500",0,0,0
"51027010600",0,0,0
"51027010700",0,0,0
"51167030100",0,0,0
"51167030500",0,0,0
"51185020600",0,0,0
"21025920800",0,0,0
"21069920300",0,0,0
"21129950100",0,0,0
"21129950200",0,0,0
"21129950300",0,0,0
"21135930300",0,0,0
"21161960100",0,0,0
"21161960200",0,0,0
"21161960300",0,0,0
"21161960400",0,0,0
"21161960500",0,0,0
"21165960200",0,0,0
"21175950100",0,0,0
"21189930100",0,0,0
"21189930200",0,0,0
"21197970101",0,0,0
"21237930100",0,0,0
"21237930200",0,0,0
"37039930200",0,0,0
"37039930401",0,0,0
"37173980200",0,0,0
"39015951600",0,0,0
"51027010100",0,0,0
"51027010400",0,0,0
"54005958700",0,0,0
"54043955700",0,0,0
"54043955800",0,0,0
"54045956400",0,0,0
"54045956500",0,0,0
"54047953800",0,0,0
"54047953900",0,0,0
"54047954000",0,0,0
"54047954200",0,0,0
"54047954504",0,0,0
"54081001200",0,0,0
"54087962800",0,0,0
"54087962902",0,0,0
"54087963000",0,0,0
"54109002901",0,0,0
"54109002902",0,0,0
"39035198400",0,0,0
"39085201101",0,0,0
"39115968800",0,0,0
"39123050100",0,0,0
"26147648000",0,0,0
"26151970100",0,0,0
"26151970400",0,0,0
"26001970500",0,0,0
"26001970600",0,0,0
"26033971100",0,0,0
"26069000101",0,0,0
"26069000102",0,0,0
"26069000201",0,0,0
"26069000202",0,0,0
"26069000300",0,0,0
"26069000400",0,0,0
"26069000500",0,0,0
"26069000600",0,0,0
"26069000900",0,0,0
"26119910300",0,0,0
"26135970201",0,0,0
"26135970202",0,0,0
"26135970500",0,0,0
"26033971000",0,0,0
"26097950100",0,0,0
"12013010100",0,0,0
"12013010200",0,0,0
"12037970101",0,0,0
"12037970102",0,0,0
"12037970200",0,0,0
"12037970302",0,0,0
"12045960301",0,0,0
"12077950201",0,0,0
"12129010102",0,0,0
"01005950100",0,0,0
"01005950200",0,0,0
"01005950500",0,0,0
"01005950600",0,0,0
"01011952100",0,0,0
"01031010100",0,0,0
"01041963500",0,0,0
"01041963600",0,0,0
"01051030401",0,0,0
"01087232300",0,0,0
"01101000900",0,0,0
"01109189200",0,0,0
"12059960201",0,0,0
"12059960300",0,0,0
"12091021400",0,0,0
"12133970200",0,0,0
"13037950200",0,0,0
"13061960300",0,0,0
"13239960300",0,0,0
"01049960301",0,0,0
"01049960401",0,0,0
"01071950301",0,0,0
"01071950400",0,0,0
"01071950601",0,0,0
"01071951000",0,0,0
"01071951101",0,0,0
"01071951102",0,0,0
"01089011100",0,0,0
"01111000600",0,0,0
"13121011444",0,0,0
"13291000201",0,0,0
"37039930501",0,0,0
"37039930606",0,0,0
"21231920701",0,0,0
"37039930300",0,0,0
"37039930402",0,0,0
"37039930603",0,0,0
"47007953102",0,0,0
"47027955100",0,0,0
"47035970702",0,0,0
"47115050203",0,0,0
"18117951400",0,0,0
"18117951600",0,0,0
"21023950300",0,0,0
"21061980100",0,0,0
"18057111003",0,0,0
"26029000500",0,0,0
"26041970100",0,0,0
"26101000100",0,0,0
"26101000200",0,0,0
"26101000300",0,0,0
"26101000500",0,0,0
"26113960101",0,0,0
"26113960102",0,0,0
"26113960200",0,0,0
"26113960400",0,0,0
"26153000200",0,0,0
"55029100100",0,0,0
"26003000100",0,0,0
"26003000300",0,0,0
"26095960100",0,0,0
"26095960200",0,0,0
"26097950300",0,0,0
"26153000100",0,0,0
"55029100300",0,0,0
"12033002400",0,0,0
"22075050800",0,0,0
"01013953000",0,0,0
"01023956700",0,0,0
"01023956900",0,0,0
"01023957000",0,0,0
"01025957500",0,0,0
"01025957601",0,0,0
"01025957603",0,0,0
"01025957604",0,0,0
"01025957700",0,0,0
"01025957800",0,0,0
"01025957901",0,0,0
"01025957902",0,0,0
"01025958003",0,0,0
"01035960200",0,0,0
"01035960300",0,0,0
"01035960400",0,0,0
"01053969900",0,0,0
"01053970300",0,0,0
"01053970400",0,0,0
"01085781100",0,0,0
"01091973001",0,0,0
"01091973002",0,0,0
"01091973100",0,0,0
"01091973200",0,0,0
"01091973300",0,0,0
"01099075600",0,0,0
"01099075700",0,0,0
"01099075800",0,0,0
"01099075901",0,0,0
"01099075902",0,0,0
"01099076000",0,0,0
"01099076101",0,0,0
"01099076102",0,0,0
"01099076200",0,0,0
"01119011400",0,0,0
"01129043900",0,0,0
"01129044000",0,0,0
"01129044100",0,0,0
"01129044300",0,0,0
"01131034700",0,0,0
"01131034801",0,0,0
"01131034802",0,0,0
"01131035100",0,0,0
"01131035200",0,0,0
"28041950102",0,0,0
"28061950101",0,0,0
"28101050302",0,0,0
"28123020101",0,0,0
"28123020102",0,0,0
"28153950401",0,0,0
"28153950402",0,0,0
"01057020200",0,0,0
"01057020300",0,0,0
"01059973400",0,0,0
"01063060000",0,0,0
"01093964002",0,0,0
"01133965602",0,0,0
"01133965700",0,0,0
"01133965800",0,0,0
"28007060100",0,0,0
"28009950102",0,0,0
"28013950300",0,0,0
"28013950400",0,0,0
"28019950100",0,0,0
"28019950200",0,0,0
"28025950200",0,0,0
"28155950100",0,0,0
"28155950200",0,0,0
"28159950100",0,0,0
"47071920502",0,0,0
"21055930400",0,0,0
"21143980100",0,0,0
"28007060400",0,0,0
"47039955001",0,0,0
"47039955101",0,0,0
"47039955102",0,0,0
"47071920501",0,0,0
"47081950400",0,0,0
"47083120300",0,0,0
"47135930100",0,0,0
"47135930201",0,0,0
"47135930202",0,0,0
"47161110600",0,0,0
"47161110700",0,0,0
"47181950100",0,0,0
"17033880100",0,0,0
"17051951000",0,0,0
"17059972700",0,0,0
"17059972800",0,0,0
"17069970900",0,0,0
"17069971000",0,0,0
"17159977900",0,0,0
"17191955000",0,0,0
"17193958000",0,0,0
"17193958100",0,0,0
"17193958400",0,0,0
"21055930100",0,0,0
"21055930300",0,0,0
"17011965100",0,0,0
"17099964100",0,0,0
"17123961500",0,0,0
"17155954500",0,0,0
"17155954600",0,0,0
"18107957300",0,0,0
"17043840704",0,0,0
"17175951400",0,0,0
"55077960300",0,0,0
"55029100400",0,0,0
"55029100500",0,0,0
"55041950100",0,0,0
"55041950200",0,0,0
"55067960101",0,0,0
"55067960400",0,0,0
"55067960500",0,0,0
"55075960700",0,0,0
"55077960100",0,0,0
"55078940103",0,0,0
"55083100300",0,0,0
"26013000100",0,0,0
"26013000200",0,0,0
"26061000100",0,0,0
"26061000200",0,0,0
"26061000300",0,0,0
"26061000400",0,0,0
"26061000500",0,0,0
"26061000600",0,0,0
"26061000700",0,0,0
"26061000800",0,0,0
"26061000900",0,0,0
"26061001000",0,0,0
"26071000200",0,0,0
"26071000400",0,0,0
"26083000100",0,0,0
"26103002600",0,0,0
"26131970100",0,0,0
"26131970200",0,0,0
"27031480101",0,0,0
"22051027903",0,0,0
"22075050600",0,0,0
"22075050700",0,0,0
"22077952202",0,0,0
"22025000100",0,0,0
"22035000100",0,0,0
"22035000200",0,0,0
"22035000300",0,0,0
"22037951300",0,0,0
"22037951400",0,0,0
"22041950400",0,0,0
"22041950500",0,0,0
"22065960200",0,0,0
"22107000100",0,0,0
"22107000200",0,0,0
"22107000300",0,0,0
"22117950102",0,0,0
"22117950202",0,0,0
"22117950400",0,0,0
"22123000200",0,0,0
"22123000300",0,0,0
"22125951704",0,0,0
"22125951705",0,0,0
"28005950301",0,0,0
"28021950100",0,0,0
"28029950502",0,0,0
"28063950103",0,0,0
"28079040500",0,0,0
"28079040700",0,0,0
"28123020200",0,0,0
"28127950401",0,0,0
"28157950100",0,0,0
"28157950201",0,0,0
"28163950400",0,0,0
"05001480100",0,0,0
"05001480200",0,0,0
"05001480600",0,0,0
"05001480700",0,0,0
"05001480800",0,0,0
"05003960100",0,0,0
"05003960200",0,0,0
"05003960300",0,0,0
"05003960400",0,0,0
"05003960500",0,0,0
"05003960600",0,0,0
"05003960700",0,0,0
"05011950100",0,0,0
"05011950200",0,0,0
"05011950300",0,0,0
"05011950400",0,0,0
"05011950500",0,0,0
"05025970200",0,0,0
"05041950100",0,0,0
"05043490100",0,0,0
"05043490200",0,0,0
"05043490500",0,0,0
"05077470100",0,0,0
"05077470200",0,0,0
"05077470300",0,0,0
"05077470400",0,0,0
"05095950100",0,0,0
"05095950200",0,0,0
"05095950300",0,0,0
"05107480600",0,0,0
"05117460300",0,0,0
"05123960300",0,0,0
"05139950100",0,0,0
"22123000100",0,0,0
"28007060300",0,0,0
"28007060600",0,0,0
"28053950200",0,0,0
"28055950100",0,0,0
"28135950400",0,0,0
"05005950100",0,0,0
"05005950200",0,0,0
"05005950300",0,0,0
"05005950400",0,0,0
"05005950500",0,0,0
"05005950600",0,0,0
"05005950700",0,0,0
"05005950802",0,0,0
"05021950200",0,0,0
"05023480201",0,0,0
"05023480203",0,0,0
"05023480302",0,0,0
"05023480502",0,0,0
"05037950200",0,0,0
"05037950300",0,0,0
"05037950400",0,0,0
"05037950500",0,0,0
"05037950600",0,0,0
"05039970300",0,0,0
"05049550101",0,0,0
"05065960100",0,0,0
"05065960200",0,0,0
"05065960300",0,0,0
"05093010100",0,0,0
"05093010200",0,0,0
"05093010300",0,0,0
"05093010601",0,0,0
"05093010602",0,0,0
"05093010700",0,0,0
"05093011400",0,0,0
"05121960100",0,0,0
"05121960201",0,0,0
"05135470100",0,0,0
"05135470202",0,0,0
"05135470300",0,0,0
"05137950100",0,0,0
"05137950203",0,0,0
"05137950204",0,0,0
"05141460301",0,0,0
"05141460303",0,0,0
"05147490100",0,0,0
"29017950300",0,0,0
"29067950100",0,0,0
"29069360400",0,0,0
"29143960500",0,0,0
"29149480300",0,0,0
"29153470200",0,0,0
"29155470100",0,0,0
"29155470500",0,0,0
"29155470600",0,0,0
"29203470100",0,0,0
"29215480201",0,0,0
"29223690100",0,0,0
"29223690300",0,0,0
"29223690400",0,0,0
"05005950801",0,0,0
"05005950900",0,0,0
"05141460100",0,0,0
"17013951200",0,0,0
"17013951300",0,0,0
"17061973800",0,0,0
"29093950400",0,0,0
"29105960202",0,0,0
"29131962502",0,0,0
"29179380100",0,0,0
"29179380200",0,0,0
"29183980000",0,0,0
"29215480101",0,0,0
"29215480202",0,0,0
"29215480301",0,0,0
"29215480302",0,0,0
"29229490100",0,0,0
"17117956200",0,0,0
"17125956400",0,0,0
"17125956600",0,0,0
"17149952800",0,0,0
"19123950100",0,0,0
"29105960201",0,0,0
"29205450100",0,0,0
"29229490200",0,0,0
"19089960300",0,0,0
"19097950300",0,0,0
"55043960100",0,0,0
"55043960600",0,0,0
"55049950200",0,0,0
"55049950300",0,0,0
"55103970100",0,0,0
"55103970200",0,0,0
"55103970300",0,0,0
"55011960400",0,0,0
"55011960500",0,0,0
"55013970400",0,0,0
"55013970700",0,0,0
"55013970800",0,0,0
"55013971000",0,0,0
"55091950200",0,0,0
"55099970100",0,0,0
"55099970200",0,0,0
"55099970400",0,0,0
"55099970500",0,0,0
"55107960100",0,0,0
"55107960300",0,0,0
"55107960400",0,0,0
"55107960500",0,0,0
"55113100800",0,0,0
"55119960100",0,0,0
"55119960200",0,0,0
"27017070600",0,0,0
"27031480102",0,0,0
"27031480200",0,0,0
"27075370101",0,0,0
"27075370300",0,0,0
"27115950100",0,0,0
"27115950200",0,0,0
"27115950300",0,0,0
"27115950401",0,0,0
"27115950402",0,0,0
"27137011300",0,0,0
"27137015100",0,0,0
"27137015401",0,0,0
"55003940000",0,0,0
"55003950700",0,0,0
"55031030301",0,0,0
"55031030302",0,0,0
"27137015503",0,0,0
"22003950100",0,0,0
"22003950400",0,0,0
"22023970202",0,0,0
"22113990000",0,0,0
"48167723900",0,0,0
"48199030100",0,0,0
"48291700500",0,0,0
"48291700600",0,0,0
"48291700700",0,0,0
"48351950300",0,0,0
"48373210104",0,0,0
"48457950400",0,0,0
"22011960600",0,0,0
"22069000100",0,0,0
"22069000200",0,0,0
"22069000300",0,0,0
"22079013600",0,0,0
"22085000400",0,0,0
"22119031400",0,0,0
"22127960201",0,0,0
"22127960202",0,0,0
"48241950101",0,0,0
"48241950102",0,0,0
"48241950200",0,0,0
"48241950500",0,0,0
"48315950300",0,0,0
"48351950202",0,0,0
"48373210205",0,0,0
"48373210500",0,0,0
"48403950200",0,0,0
"48403950300",0,0,0
"48419950600",0,0,0
"48457950201",0,0,0
"48457950202",0,0,0
"48457950300",0,0,0
"05013480100",0,0,0
"05013480200",0,0,0
"05019953700",0,0,0
"05019953901",0,0,0
"05019953902",0,0,0
"05027950100",0,0,0
"05027950200",0,0,0
"05027950301",0,0,0
"05027950302",0,0,0
"05027950401",0,0,0
"05027950402",0,0,0
"05027950500",0,0,0
"05039970100",0,0,0
"05039970200",0,0,0
"05057480102",0,0,0
"05061950100",0,0,0
"05061950300",0,0,0
"05073470200",0,0,0
"05081030200",0,0,0
"05081030301",0,0,0
"05097953200",0,0,0
"05099090100",0,0,0
"05099090300",0,0,0
"05103950101",0,0,0
"05103950102",0,0,0
"05103950200",0,0,0
"05103950301",0,0,0
"05103950302",0,0,0
"05103950400",0,0,0
"05103950500",0,0,0
"05103950600",0,0,0
"05105952900",0,0,0
"05109953400",0,0,0
"05109953500",0,0,0
"05113950100",0,0,0
"05113950201",0,0,0
"05113950202",0,0,0
"05113950300",0,0,0
"05113950400",0,0,0
"05113950500",0,0,0
"05113950600",0,0,0
"05127950100",0,0,0
"05127950300",0,0,0
"05133080100",0,0,0
"05133080200",0,0,0
"05133080300",0,0,0
"05133080400",0,0,0
"05139950200",0,0,0
"05139950300",0,0,0
"05139950401",0,0,0
"05139950402",0,0,0
"05139950501",0,0,0
"05139950502",0,0,0
"05139950600",0,0,0
"05139950700",0,0,0
"05139950800",0,0,0
"05139950900",0,0,0
"05139951000",0,0,0
"05149952500",0,0,0
"05149952600",0,0,0
"22027950202",0,0,0
"22027950300",0,0,0
"22119031100",0,0,0
"22119031200",0,0,0
"22119031300",0,0,0
"40077087100",0,0,0
"40079040601",0,0,0
"40079040602",0,0,0
"40079040700",0,0,0
"40089098200",0,0,0
"40089098300",0,0,0
"40089098400",0,0,0
"40089098501",0,0,0
"40089098502",0,0,0
"40089098600",0,0,0
"40089098700",0,0,0
"40089098800",0,0,0
"40089098900",0,0,0
"48067950200",0,0,0
"48387950100",0,0,0
"05007021306",0,0,0
"05009790200",0,0,0
"05071951700",0,0,0
"05083950100",0,0,0
"05083950400",0,0,0
"05087960100",0,0,0
"05087960300",0,0,0
"05087960400",0,0,0
"05089960100",0,0,0
"05089960201",0,0,0
"05089960202",0,0,0
"05089960301",0,0,0
"05089960302",0,0,0
"05101180100",0,0,0
"05101180200",0,0,0
"05115950700",0,0,0
"05129970100",0,0,0
"05129970200",0,0,0
"05129970300",0,0,0
"05141460200",0,0,0
"05149952401",0,0,0
"05149952402",0,0,0
"29067950200",0,0,0
"29067950500",0,0,0
"29153470101",0,0,0
"29153470102",0,0,0
"40001376600",0,0,0
"40061279200",0,0,0
"40061279400",0,0,0
"40135030202",0,0,0
"29015460801",0,0,0
"29029950702",0,0,0
"29085470300",0,0,0
"29141470402",0,0,0
"29141470502",0,0,0
"40061279300",0,0,0
"40101001501",0,0,0
"40101001502",0,0,0
"19007950100",0,0,0
"19007950500",0,0,0
"19053960200",0,0,0
"19123950300",0,0,0
"19135070100",0,0,0
"19135070200",0,0,0
"19135070300",0,0,0
"19159950100",0,0,0
"19159950200",0,0,0
"19173180100",0,0,0
"20133952000",0,0,0
"29081950100",0,0,0
"29121960200",0,0,0
"29129470100",0,0,0
"29129470200",0,0,0
"29171960100",0,0,0
"29171960200",0,0,0
"29211480200",0,0,0
"19021960300",0,0,0
"27033270100",0,0,0
"27033270300",0,0,0
"27033270400",0,0,0
"27153790500",0,0,0
"27153790800",0,0,0
"27001770402",0,0,0
"27021960200",0,0,0
"27021960301",0,0,0
"27021960302",0,0,0
"27057070400",0,0,0
"27061480101",0,0,0
"27061480102",0,0,0
"27061480401",0,0,0
"27061940000",0,0,0
"27095970100",0,0,0
"27071790500",0,0,0
"27077460300",0,0,0
"48225950200",0,0,0
"48455950200",0,0,0
"40077087200",0,0,0
"40127097600",0,0,0
"40127097800",0,0,0
"20099950500",0,0,0
"20099950600",0,0,0
"40121485700",0,0,0
"48283950302",0,0,0
"48185180400",0,0,0
"40005587600",0,0,0
"48009020300",0,0,0
"31031955900",0,0,0
"31089974100",0,0,0
"46031941100",0,0,0
"46117960100",0,0,0
"27087940300",0,0,0
"27007940001",0,0,0
"27089080100",0,0,0
"48465950802",0,0,0
"48017950102",0,0,0
"08075966400",0,0,0
"46093020500",0,0,0
"46105968300",0,0,0
"46137941600",0,0,0
"35027960200",0,0,0
"08055960901",0,0,0
"30055954000",0,0,0
"30085080100",0,0,0
"04011960300",0,0,0
"35017964100",0,0,0
"35006974702",0,0,0
"08051963900",0,0,0
"08079973600",0,0,0
"30095966600",0,0,0
"04003000501",0,0,0
"04009961600",0,0,0
"04005945100",0,0,0
"04005980000",0,0,0
"49015976500",0,0,0
"49033950100",0,0,0
"49045980000",0,0,0
"16043970100",0,0,0
"30057000102",0,0,0
"30067000500",0,0,0
"30007000200",0,0,0
"30049000100",0,0,0
"30073977200",0,0,0
"30035940400",0,0,0
"04027980003",0,0,0
"04012020101",0,0,0
"06065046900",0,0,0
"32003005902",0,0,0
"16023970100",0,0,0
"16037960200",0,0,0
"30035980000",0,0,0
"06025012400",0,0,0
"06071010424",0,0,0
"06071025000",0,0,0
"16049960100",0,0,0
"06029006004",0,0,0
"41025960200",0,0,0
"41023960201",0,0,0
"53021020801",0,0,0
"53047970302",0,0,0
"06081613800",0,0,0
"06103000100",0,0,0
"41053020400",0,0,0
"53049950301",0,0,0
"23003952900",0,0,0
"23009965900",0,0,0
"50009950100",0,0,0
"24047980000",0,0,0
"51001980200",0,0,0
"36031960300",0,0,0
"36031961400",0,0,0
"37019020307",0,0,0
"37055970502",0,0,0
"37095920101",0,0,0
"12083980000",0,0,0
"45003980100",0,0,0
"12037970304",0,0,0
"01067030300",0,0,0
"26095980000",0,0,0
"01065040500",0,0,0
"26131970300",0,0,0
"22075050100",0,0,0
"22077952000",0,0,0
"22125980000",0,0,0
"05023480204",0,0,0
"55099970700",0,0,0
"27137015502",0,0,0
"22023970102",0,0,0
"29213480402",0,0,0
"12011030705",1.04004285031513e-07,0.0104004285031513,0.000936331066326615
"48217960700",1.29001071921042e-07,0.0129001071921042,0.00116137244914964
"08093000102",1.63421919947508e-07,0.0163421919947508,0.00147125688637953
"48163950102",1.90983930253655e-07,0.0190983930253655,0.00171939249437145
"48163950302",1.90983930253655e-07,0.0190983930253655,0.00171939249437145
"48255970200",1.96540417892429e-07,0.0196540417892429,0.00176941651015376
"48287000100",1.98062133440224e-07,0.0198062133440224,0.00178311622974782
"48055960600",2.13058137734521e-07,0.0213058137734521,0.00191812244307127
"48177000100",2.13058137734521e-07,0.0213058137734521,0.00191812244307127
"48177000200",2.13058137734521e-07,0.0213058137734521,0.00191812244307127
"48177000300",2.13058137734521e-07,0.0213058137734521,0.00191812244307127
"48177000400",2.13058137734521e-07,0.0213058137734521,0.00191812244307127
"51013103401",2.33989498594692e-07,0.0233989498594692,0.00210656355804969
"21141960600",2.77980641501586e-07,0.0277980641501586,0.00250260756464478
"29139970300",2.9990181106633e-07,0.029990181106633,0.00269995974169656
"48337950600",3.01172543940934e-07,0.0301172543940934,0.00271139991136971
"48497150402",3.01172543940934e-07,0.0301172543940934,0.00271139991136971
"45023020601",3.13422020464363e-07,0.0313422020464363,0.00282167965043671
"53061053700",3.21676479666888e-07,0.0321676479666888,0.00289599299805222
"06085513500",3.36967468963729e-07,0.0336967468963729,0.00303365490601266
"32003005818",3.72313150465994e-07,0.0372313150465994,0.003351865445521
"48373210103",3.88783706356472e-07,0.0388783706356472,0.00350014677023037
"48373210105",3.88783706356472e-07,0.0388783706356472,0.00350014677023037
"48373210106",3.88783706356472e-07,0.0388783706356472,0.00350014677023037
"48373210302",3.88783706356472e-07,0.0388783706356472,0.00350014677023037
"48407200202",3.88783706356472e-07,0.0388783706356472,0.00350014677023037
"04023966108",3.93822001438749e-07,0.0393822001438749,0.00354550559564249
"09110503800",3.95793322439283e-07,0.0395793322439283,0.00356325302877895
"53045961200",4.03410268073028e-07,0.0403410268073028,0.00363182696133601
"22075050400",4.27769241226504e-07,0.0427769241226504,0.00385112622675093
"22087030105",4.27769241226504e-07,0.0427769241226504,0.00385112622675093
"18155965800",4.33047323782169e-07,0.0433047323782169,0.00389864381380043
"12087970700",4.3994828075744e-07,0.043994828075744,0.00396077183478891
"12087970800",4.3994828075744e-07,0.043994828075744,0.00396077183478891
"51179010201",4.60818437807386e-07,0.0460818437807386,0.00414866194334606
"12101031901",4.7702567085284e-07,0.047702567085284,0.00429457262188258
"06019008000",4.79152828790527e-07,0.0479152828790527,0.00431372302572831
"55013970900",4.86290034548132e-07,0.0486290034548132,0.00437797795018249
"27115950500",4.86290034548132e-07,0.0486290034548132,0.00437797795018249
"01021060600",5.12273403878488e-07,0.0512273403878488,0.00461190134963165
"01009050502",5.15818494234362e-07,0.0515818494234362,0.0046438171330259
"48143950302",5.17897215126391e-07,0.0517897215126391,0.00466253146723664
"48143950700",5.17897215126391e-07,0.0517897215126391,0.00466253146723664
"18175967300",5.38962350644186e-07,0.0538962350644186,0.00485217693036073
"47051960700",5.78914571130941e-07,0.0578914571130941,0.00521185927613278
"06019008402",5.83925848122791e-07,0.0583925848122791,0.00525697486274554
"06047002304",5.83925848122791e-07,0.0583925848122791,0.00525697486274554
"06065044404",5.86230548942665e-07,0.0586230548942665,0.00527772365185151
"12087970600",6.01693014772327e-07,0.0601693014772327,0.00541692933086694
"12086981200",6.01693014772327e-07,0.0601693014772327,0.00541692933086694
"48337950402",6.02345087881868e-07,0.0602345087881868,0.00542279982273941
"48497150404",6.02345087881868e-07,0.0602345087881868,0.00542279982273941
"12107951402",6.20066793166686e-07,0.0620066793166686,0.00558234501072308
"45055970200",6.3095599246039e-07,0.063095599246039,0.00568037842908683
"45055970300",6.3095599246039e-07,0.063095599246039,0.00568037842908683
"20031966200",6.41587383212239e-07,0.0641587383212239,0.00577609084551465
"49043964103",6.54646048068418e-07,0.0654646048068418,0.00589365555533293
"48313000100",6.81345433553542e-07,0.0681345433553542,0.00613402511389464
"48373210203",6.81345433553542e-07,0.0681345433553542,0.00613402511389464
"48373210206",6.81345433553542e-07,0.0681345433553542,0.00613402511389464
"48373210301",6.81345433553542e-07,0.0681345433553542,0.00613402511389464
"48225950700",6.81345433553542e-07,0.0681345433553542,0.00613402511389464
"48407200301",6.81345433553542e-07,0.0681345433553542,0.00613402511389464
"48407200302",6.81345433553542e-07,0.0681345433553542,0.00613402511389464
"48455950300",6.81345433553542e-07,0.0681345433553542,0.00613402511389464
"48455950400",6.81345433553542e-07,0.0681345433553542,0.00613402511389464
"53057951101",6.91311278485668e-07,0.0691311278485668,0.00622374574616778
"42103950902",7.19915372196853e-07,0.0719915372196853,0.00648126303555432
"48161000101",7.24127038760107e-07,0.0724127038760107,0.00651917987949002
"48161000600",7.24127038760107e-07,0.0724127038760107,0.00651917987949002
"48161000700",7.24127038760107e-07,0.0724127038760107,0.00651917987949002
"48293970200",7.24127038760107e-07,0.0724127038760107,0.00651917987949002
"48293970400",7.24127038760107e-07,0.0724127038760107,0.00651917987949002
"48293970500",7.24127038760107e-07,0.0724127038760107,0.00651917987949002
"48293970600",7.24127038760107e-07,0.0724127038760107,0.00651917987949002
"27095970300",7.2817988156327e-07,0.072817988156327,0.00655566686290989
"12087972700",7.50875041120375e-07,0.0750875041120375,0.00675998712665785
"06017030603",7.8188508076378e-07,0.078188508076378,0.00703916469590264
"06017031409",7.8188508076378e-07,0.078188508076378,0.00703916469590264
"26067030101",7.96273404122294e-07,0.0796273404122294,0.00716870007176573
"04013040515",8.15206895305187e-07,0.0815206895305187,0.00733915474085165
"19083480500",8.1950995386757e-07,0.081950995386757,0.00737789436980983
"54027968301",8.23480366024708e-07,0.0823480366024708,0.00741363924558801
"48193950200",8.4504446537696e-07,0.084504446537696,0.00760777678650518
"48193950300",8.4504446537696e-07,0.084504446537696,0.00760777678650518
"48411950100",8.4504446537696e-07,0.084504446537696,0.00760777678650518
"48411950200",8.4504446537696e-07,0.084504446537696,0.00760777678650518
"32019960206",8.54667103236441e-07,0.0854667103236441,0.00769440758989095
"05141460304",8.69376805877399e-07,0.0869376805877399,0.00782683628314126
"05115950800",8.69376805877399e-07,0.0869376805877399,0.00782683628314126
"48325000200",8.86111066986718e-07,0.0886111066986718,0.00797749169646321
"55103970400",8.93057977938073e-07,0.0893057977938073,0.00804003343247714
"16087970100",9.01764177315694e-07,0.0901764177315694,0.00811841371213994
"45039960100",9.02800085705821e-07,0.0902800085705821,0.00812773980103378
"19157370100",9.08057206316902e-07,0.0908057206316902,0.00817506867162878
"19157370500",9.08057206316902e-07,0.0908057206316902,0.00817506867162878
"19123950200",9.08057206316902e-07,0.0908057206316902,0.00817506867162878
"19125030700",9.08057206316902e-07,0.0908057206316902,0.00817506867162878
"26011970100",9.08140260032355e-07,0.0908140260032355,0.00817581638864764
"01041963400",9.12822644187937e-07,0.0912822644187937,0.00821797101475769
"48291701300",9.20433010827427e-07,0.0920433010827427,0.00828648571786373
"48217960600",9.42648539387143e-07,0.0942648539387143,0.00848648795372378
"01009050103",9.4717341111639e-07,0.094717341111639,0.00852722452500979
"51117930101",9.54093805213613e-07,0.0954093805213613,0.00858952753476069
"51117930201",9.54093805213613e-07,0.0954093805213613,0.00858952753476069
"51117930202",9.54093805213613e-07,0.0954093805213613,0.00858952753476069
"51117930300",9.54093805213613e-07,0.0954093805213613,0.00858952753476069
"51117930500",9.54093805213613e-07,0.0954093805213613,0.00858952753476069
"51117930600",9.54093805213613e-07,0.0954093805213613,0.00858952753476069
"51117930700",9.54093805213613e-07,0.0954093805213613,0.00858952753476069
"01107050402",9.72100573420234e-07,0.0972100573420234,0.00875163909074988
"48097000702",9.96343316298838e-07,0.0996343316298838,0.00896989195680561
"06071011404",1.00621771234705e-06,0.100621771234705,0.00905878929193322
"22007050201",1.00849608587526e-06,0.100849608587526,0.00907930106137149
"48231960100",1.01452369165791e-06,0.101452369165791,0.0091335664654186
"48231960200",1.01452369165791e-06,0.101452369165791,0.0091335664654186
"06019007801",1.0191126082081e-06,0.10191126082081,0.00917487962021238
"06019008100",1.0191126082081e-06,0.10191126082081,0.00917487962021238
"06031001702",1.0191126082081e-06,0.10191126082081,0.00917487962021238
"06031001703",1.0191126082081e-06,0.10191126082081,0.00917487962021238
"06031981800",1.0191126082081e-06,0.10191126082081,0.00917487962021238
"36103201007",1.03678524962823e-06,0.103678524962823,0.00933398309542693
"36103201008",1.03678524962823e-06,0.103678524962823,0.00933398309542693
"53001950301",1.04492910215662e-06,0.104492910215662,0.00940730067190566
"53001950400",1.04492910215662e-06,0.104492910215662,0.00940730067190566
"53001950500",1.04492910215662e-06,0.104492910215662,0.00940730067190566
"53021020700",1.04492910215662e-06,0.104492910215662,0.00940730067190566
"51047930101",1.05084640648654e-06,0.105084640648654,0.00946057305266703
"51047930202",1.05084640648654e-06,0.105084640648654,0.00946057305266703
"48261950100",1.07156158573352e-06,0.107156158573352,0.00964706792513883
"29071800501",1.07705569534567e-06,0.107705569534567,0.00969653036324992
"29071800502",1.07705569534567e-06,0.107705569534567,0.00969653036324992
"29073960100",1.07705569534567e-06,0.107705569534567,0.00969653036324992
"29073960200",1.07705569534567e-06,0.107705569534567,0.00969653036324992
"06047002201",1.07953971304479e-06,0.107953971304479,0.00971889350857885
"06047002203",1.07953971304479e-06,0.107953971304479,0.00971889350857885
"06047002204",1.07953971304479e-06,0.107953971304479,0.00971889350857885
"06047002301",1.07953971304479e-06,0.107953971304479,0.00971889350857885
"06047002305",1.07953971304479e-06,0.107953971304479,0.00971889350857885
"06047002100",1.07953971304479e-06,0.107953971304479,0.00971889350857885
"41041950100",1.08392770601446e-06,0.108392770601446,0.00975839778607164
"24029950400",1.11790486553724e-06,0.111790486553724,0.0100642877789414
"24029950500",1.11790486553724e-06,0.111790486553724,0.0100642877789414
"47073050200",1.12350359948286e-06,0.112350359948286,0.0101146921302986
"48051970501",1.15959199647654e-06,0.115959199647654,0.0104395891980384
"06047002500",1.16785169624558e-06,0.116785169624558,0.0105139497254911
"48039662700",1.17060555257273e-06,0.117060555257273,0.0105387421773648
"48321730503",1.17060555257273e-06,0.117060555257273,0.0105387421773648
"04021002106",1.17652697396424e-06,0.117652697396424,0.0105920516232593
"06071011300",1.21659284273237e-06,0.121659284273237,0.0109527571231875
"36075021504",1.22323975688782e-06,0.122323975688782,0.0110125980443291
"05023480501",1.24251954262162e-06,0.124251954262162,0.0111861703382899
"22117950201",1.24844641762546e-06,0.124844641762546,0.0112395288820331
"06017030604",1.25946027814631e-06,0.125946027814631,0.0113386846020376
"20013480800",1.28264568220326e-06,0.128264568220326,0.011547418445045
"48233950501",1.28645520443991e-06,0.128645520443991,0.0115817148590529
"48479001813",1.30900815661851e-06,0.130900815661851,0.0117847548564511
"48505950304",1.30900815661851e-06,0.130900815661851,0.0117847548564511
"48505950305",1.30900815661851e-06,0.130900815661851,0.0117847548564511
"48505950306",1.30900815661851e-06,0.130900815661851,0.0117847548564511
"48505950401",1.30900815661851e-06,0.130900815661851,0.0117847548564511
"48283950301",1.34055230545649e-06,0.134055230545649,0.0120687409105726
"04021002400",1.3518704375443e-06,0.13518704375443,0.0121706359304114
"13179010204",1.35406971691839e-06,0.135406971691839,0.0121904356300187
"13183970201",1.35406971691839e-06,0.135406971691839,0.0121904356300187
"48149970100",1.37517129141865e-06,0.137517129141865,0.0123804091464657
"48149970200",1.37517129141865e-06,0.137517129141865,0.0123804091464657
"48149970301",1.37517129141865e-06,0.137517129141865,0.0123804091464657
"48149970302",1.37517129141865e-06,0.137517129141865,0.0123804091464657
"48149970700",1.37517129141865e-06,0.137517129141865,0.0123804091464657
"48035950200",1.37775627518889e-06,0.137775627518889,0.0124036812703911
"48407200107",1.39023077387278e-06,0.139023077387278,0.0125159868417533
"42109070400",1.41174959933868e-06,0.141174959933868,0.0127097167903653
"20111000500",1.4136418260896e-06,0.14136418260896,0.012726752152811
"16041970100",1.41913831089462e-06,0.141913831089462,0.0127762359743379
"49003960100",1.41913831089462e-06,0.141913831089462,0.0127762359743379
"49005000102",1.41913831089462e-06,0.141913831089462,0.0127762359743379
"47161980200",1.42720172207788e-06,0.142720172207788,0.0128488293524777
"51139030200",1.44485074978122e-06,0.144485074978122,0.0130077202378301
"51139030300",1.44485074978122e-06,0.144485074978122,0.0130077202378301
"54071970600",1.44485074978122e-06,0.144485074978122,0.0130077202378301
"48161000400",1.44825407752021e-06,0.144825407752021,0.01303835975898
"48293970300",1.44825407752021e-06,0.144825407752021,0.01303835975898
"48349970400",1.44825407752021e-06,0.144825407752021,0.01303835975898
"48349971000",1.44825407752021e-06,0.144825407752021,0.01303835975898
"21201970100",1.46587872119751e-06,0.146587872119751,0.0131970311195205
"21191930300",1.46587872119751e-06,0.146587872119751,0.0131970311195205
"27049080300",1.47111025724868e-06,0.147111025724868,0.0132441296571224
"36041950500",1.47362663683964e-06,0.147362663683964,0.0132667841504923
"36121971100",1.48075253818327e-06,0.148075253818327,0.0133309373034283
"37077970102",1.48349586183043e-06,0.148349586183043,0.0133556349315601
"13111050300",1.49264928052691e-06,0.149264928052691,0.0134380414428496
"13291000101",1.49264928052691e-06,0.149264928052691,0.0134380414428496
"13291000103",1.49264928052691e-06,0.149264928052691,0.0134380414428496
"13291000104",1.49264928052691e-06,0.149264928052691,0.0134380414428496
"13291000204",1.49264928052691e-06,0.149264928052691,0.0134380414428496
"13291000206",1.49264928052691e-06,0.149264928052691,0.0134380414428496
"13291000207",1.49264928052691e-06,0.149264928052691,0.0134380414428496
"37039930502",1.49264928052691e-06,0.149264928052691,0.0134380414428496
"37039930604",1.49264928052691e-06,0.149264928052691,0.0134380414428496
"37039930605",1.49264928052691e-06,0.149264928052691,0.0134380414428496
"47139950100",1.49264928052691e-06,0.149264928052691,0.0134380414428496
"17047956900",1.49689588296184e-06,0.149689588296184,0.0134762728078838
"17047957100",1.49689588296184e-06,0.149689588296184,0.0134762728078838
"06071011204",1.50209491815916e-06,0.150209491815916,0.0135230787463959
"40049681100",1.52799480580879e-06,0.152799480580879,0.0137562505759351
"40087400400",1.52799480580879e-06,0.152799480580879,0.0137562505759351
"40123089598",1.52799480580879e-06,0.152799480580879,0.0137562505759351
"40125501300",1.52799480580879e-06,0.152799480580879,0.0137562505759351
"12083000501",1.53263810138228e-06,0.153263810138228,0.0137980532948739
"12107951300",1.53263810138228e-06,0.153263810138228,0.0137980532948739
"55027960200",1.53923981302328e-06,0.153923981302328,0.0138574872662581
"06017031408",1.56377016152756e-06,0.156377016152756,0.0140783293918053
"47003950800",1.57147706272079e-06,0.157147706272079,0.0141477131773882
"47051960201",1.57147706272079e-06,0.157147706272079,0.0141477131773882
"47051960300",1.57147706272079e-06,0.157147706272079,0.0141477131773882
"47051960401",1.57147706272079e-06,0.157147706272079,0.0141477131773882
"47051960402",1.57147706272079e-06,0.157147706272079,0.0141477131773882
"47051960500",1.57147706272079e-06,0.157147706272079,0.0141477131773882
"47051960600",1.57147706272079e-06,0.157147706272079,0.0141477131773882
"47127930100",1.57147706272079e-06,0.157147706272079,0.0141477131773882
"48287000300",1.57323342485888e-06,0.157323342485888,0.0141635253762136
"01057020100",1.57714607167914e-06,0.157714607167914,0.014198750201501
"01093964500",1.57714607167914e-06,0.157714607167914,0.014198750201501
"01093964701",1.57714607167914e-06,0.157714607167914,0.014198750201501
"01093964702",1.57714607167914e-06,0.157714607167914,0.014198750201501
"01133965502",1.57714607167914e-06,0.157714607167914,0.014198750201501
"01133965601",1.57714607167914e-06,0.157714607167914,0.014198750201501
"01133965900",1.57714607167914e-06,0.157714607167914,0.014198750201501
"31037964700",1.59017835934723e-06,0.159017835934723,0.0143160774424434
"31037964800",1.59017835934723e-06,0.159017835934723,0.0143160774424434
"48133950100",1.59808506218063e-06,0.159808506218063,0.0143872600047088
"48237950500",1.59808506218063e-06,0.159808506218063,0.0143872600047088
"48503950500",1.59808506218063e-06,0.159808506218063,0.0143872600047088
"48503950600",1.59808506218063e-06,0.159808506218063,0.0143872600047088
"06029005600",1.60341533436896e-06,0.160341533436896,0.0144352474452301
"37099950800",1.6214548648391e-06,0.16214548648391,0.0145976539537314
"37099950900",1.6214548648391e-06,0.16214548648391,0.0145976539537314
"08069002404",1.6372548229256e-06,0.16372548229256,0.0147398980122196
"17011964700",1.64136928842304e-06,0.164136928842304,0.0147769397731953
"39111966700",1.64986568309701e-06,0.164986568309701,0.0148534312204717
"01059973703",1.65069244986806e-06,0.165069244986806,0.0148608744466052
"01093964001",1.65069244986806e-06,0.165069244986806,0.0148608744466052
"48257051302",1.65559646044415e-06,0.165559646044415,0.0149050243338007
"05149952301",1.6731930686581e-06,0.16731930686581,0.0150634432963242
"55103970500",1.69398672432955e-06,0.169398672432955,0.0152506446773229
"12105980000",1.71177201642259e-06,0.171177201642259,0.0154107623254117
"48497150405",1.7137438119362e-06,0.17137438119362,0.0154285140305004
"48039662000",1.71539405682461e-06,0.171539405682461,0.0154433708756352
"48407200201",1.7277837189081e-06,0.17277837189081,0.0155549126789997
"20125950400",1.73078401080109e-06,0.173078401080109,0.01558192374404
"20125950500",1.73078401080109e-06,0.173078401080109,0.01558192374404
"20125950600",1.73078401080109e-06,0.173078401080109,0.01558192374404
"20125950700",1.73078401080109e-06,0.173078401080109,0.01558192374404
"20125950800",1.73078401080109e-06,0.173078401080109,0.01558192374404
"20125951100",1.73078401080109e-06,0.173078401080109,0.01558192374404
"20125950300",1.73078401080109e-06,0.173078401080109,0.01558192374404
"21127930300",1.73145385698349e-06,0.173145385698349,0.0155879542435531
"41043030300",1.7400254789893e-06,0.17400254789893,0.015665122948385
"28041950202",1.74238158824434e-06,0.174238158824434,0.0156863345579883
"28109950201",1.74238158824434e-06,0.174238158824434,0.0156863345579883
"17099963800",1.74792481300892e-06,0.174792481300892,0.0157362391706024
"17099963900",1.74792481300892e-06,0.174792481300892,0.0157362391706024
"17099964200",1.74792481300892e-06,0.174792481300892,0.0157362391706024
"17099964300",1.74792481300892e-06,0.174792481300892,0.0157362391706024
"17105960300",1.74792481300892e-06,0.174792481300892,0.0157362391706024
"04021000700",1.76653561987233e-06,0.176653561987233,0.0159037887732975
"26035000200",1.77353573121933e-06,0.177353573121933,0.0159668094624927
"16087970200",1.80352835463139e-06,0.180352835463139,0.0162368274242799
"16087970300",1.80352835463139e-06,0.180352835463139,0.0162368274242799
"41045970600",1.80352835463139e-06,0.180352835463139,0.0162368274242799
"48367140502",1.80426838805395e-06,0.180426838805395,0.0162434898063486
"19157370200",1.8161144126338e-06,0.18161144126338,0.0163501373432575
"51057950600",1.82390600502046e-06,0.182390600502046,0.0164202835877663
"31027977100",1.82626385589267e-06,0.182626385589267,0.0164415108768222
"31107976400",1.82626385589267e-06,0.182626385589267,0.0164415108768222
"46135966400",1.82626385589267e-06,0.182626385589267,0.0164415108768222
"13303950100",1.84882796632455e-06,0.184882796632455,0.0166446513298814
"13303950700",1.84882796632455e-06,0.184882796632455,0.0166446513298814
"22113951100",1.85519671177871e-06,0.185519671177871,0.0167019879503913
"12081001914",1.88446470835524e-06,0.188446470835524,0.0169654822327224
"37145920100",1.88563401857514e-06,0.188563401857514,0.0169760093132628
"45067950700",1.88909990771492e-06,0.188909990771492,0.0170072120629671
"12067960202",1.89848075417416e-06,0.189848075417416,0.017091666063738
"12121970200",1.89848075417416e-06,0.189848075417416,0.017091666063738
"12121970301",1.89848075417416e-06,0.189848075417416,0.017091666063738
"12121970303",1.89848075417416e-06,0.189848075417416,0.017091666063738
"12121970304",1.89848075417416e-06,0.189848075417416,0.017091666063738
"12121970501",1.89848075417416e-06,0.189848075417416,0.017091666063738
"48237950100",1.89925760612156e-06,0.189925760612156,0.0170986599160785
"48237950300",1.89925760612156e-06,0.189925760612156,0.0170986599160785
"24041990000",1.89949775625107e-06,0.189949775625107,0.0171008219426409
"35013001401",1.90431701047342e-06,0.190431701047342,0.0171442087842844
"35013001402",1.90431701047342e-06,0.190431701047342,0.0171442087842844
"17099962100",1.9105318365833e-06,0.19105318365833,0.017200159697814
"41013950401",1.93137592810298e-06,0.193137592810298,0.0173878151432922
"41031960100",1.93137592810298e-06,0.193137592810298,0.0173878151432922
"41031940000",1.93137592810298e-06,0.193137592810298,0.0173878151432922
"06057000900",1.95289400329999e-06,0.195289400329999,0.0175815383373741
"06057000401",1.95289400329999e-06,0.195289400329999,0.0175815383373741
"23005016002",1.9667623192366e-06,0.19667623192366,0.0177063921839742
"12051000602",1.96820545539977e-06,0.196820545539977,0.0177193844681105
"06047002303",1.96839330759495e-06,0.196839330759495,0.0177210756661815
"06047002306",1.96839330759495e-06,0.196839330759495,0.0177210756661815
"42127960100",1.97102985060783e-06,0.197102985060783,0.0177448119682956
"42127960200",1.97102985060783e-06,0.197102985060783,0.0177448119682956
"26117970900",1.98429133356045e-06,0.198429133356045,0.0178642026113863
"26117971000",1.98429133356045e-06,0.198429133356045,0.0178642026113863
"12043000300",1.98564812887636e-06,0.198564812887636,0.0178764175850727
"12093910102",1.98564812887636e-06,0.198564812887636,0.0178764175850727
"18155965700",1.99088582538742e-06,0.199088582538742,0.0179235715841393
"51117930800",1.99167238371899e-06,0.199167238371899,0.0179306528212354
"48097000900",2.0218657550467e-06,0.20218657550467,0.0182024780788458
"06047002401",2.05670529079574e-06,0.205670529079574,0.0185161318830937
"06047002403",2.05670529079574e-06,0.205670529079574,0.0185161318830937
"06047002404",2.05670529079574e-06,0.205670529079574,0.0185161318830937
"47155980100",2.05938359371343e-06,0.205938359371343,0.0185402441417964
"48471790301",2.07157620742632e-06,0.207157620742632,0.0186500119556479
"48455950500",2.07157620742632e-06,0.207157620742632,0.0186500119556479
"48471790101",2.07157620742632e-06,0.207157620742632,0.0186500119556479
"36103201010",2.07357049925646e-06,0.207357049925646,0.0186679661908539
"51175200100",2.08601664189748e-06,0.208601664189748,0.0187800164780818
"51175200401",2.08601664189748e-06,0.208601664189748,0.0187800164780818
"51175200402",2.08601664189748e-06,0.208601664189748,0.0187800164780818
"47111970100",2.09853461189554e-06,0.209853461189554,0.01889271341353
"51047930104",2.10169281297307e-06,0.210169281297307,0.018921146105334
"51157950200",2.10169281297307e-06,0.210169281297307,0.018921146105334
"40011959000",2.10768189808128e-06,0.210768189808128,0.0189750647149758
"40015161601",2.10768189808128e-06,0.210768189808128,0.0189750647149758
"22097960100",2.11961972723588e-06,0.211961972723588,0.0190825387512481
"22039950301",2.11961972723588e-06,0.211961972723588,0.0190825387512481
"22039950402",2.11961972723588e-06,0.211961972723588,0.0190825387512481
"22097960200",2.11961972723588e-06,0.211961972723588,0.0190825387512481
"47161110202",2.12097209580119e-06,0.212097209580119,0.0190947138717293
"21171930200",2.12238817031567e-06,0.212238817031567,0.0191074625249193
"28077960100",2.13402296069001e-06,0.213402296069001,0.0192122083599048
"28129950202",2.13402296069001e-06,0.213402296069001,0.0192122083599048
"51117930103",2.14991750406384e-06,0.214991750406384,0.0193553039519901
"51117930104",2.14991750406384e-06,0.214991750406384,0.0193553039519901
"37017950601",2.15135087407658e-06,0.215135087407658,0.0193682083133062
"29071800403",2.15411139069134e-06,0.215411139069134,0.0193930607264998
"29071800404",2.15411139069134e-06,0.215411139069134,0.0193930607264998
"50003970601",2.15673605860229e-06,0.215673605860229,0.0194166901192991
"27115950600",2.16714312867039e-06,0.216714312867039,0.019510383018695
"27115950800",2.16714312867039e-06,0.216714312867039,0.019510383018695
"27065480100",2.16714312867039e-06,0.216714312867039,0.019510383018695
"22113950202",2.1689419595782e-06,0.21689419595782,0.0195265775558868
"17099963200",2.17680268467765e-06,0.217680268467765,0.0195973461892391
"17099964000",2.17680268467765e-06,0.217680268467765,0.0195973461892391
"47085130200",2.17916705464986e-06,0.217916705464986,0.0196186321685293
"06071011408",2.17940305694156e-06,0.217940305694156,0.0196207568528861
"48259970403",2.18207761838829e-06,0.218207761838829,0.0196448354278276
"05073470102",2.1830246846729e-06,0.21830246846729,0.0196533616879128
"48187210905",2.1835012681814e-06,0.21835012681814,0.01965765227983
"05061950200",2.20017863468371e-06,0.220017863468371,0.0198077954816788
"19171290400",2.20921569481961e-06,0.220921569481961,0.0198891544386769
"19075960400",2.20921569481961e-06,0.220921569481961,0.0198891544386769
"53045960201",2.2132848171376e-06,0.22132848171376,0.0199257879835147
"53045960202",2.2132848171376e-06,0.22132848171376,0.0199257879835147
"55123960200",2.21350355889163e-06,0.221350355889163,0.019927757274489
"48267950100",2.23785687449673e-06,0.223785687449673,0.0201470056060572
"06039000109",2.25265080248308e-06,0.225265080248308,0.0202801925642909
"55087013200",2.26104403905411e-06,0.226104403905411,0.0203557552985197
"48495950200",2.26616746993451e-06,0.226616746993451,0.0204018805855503
"48495950300",2.26616746993451e-06,0.226616746993451,0.0204018805855503
"50001960700",2.26888489478843e-06,0.226888489478843,0.0204263450517054
"01009050104",2.2707389421217e-06,0.22707389421217,0.0204430366920167
"32023960407",2.27143765332361e-06,0.227143765332361,0.0204493270578852
"32023960410",2.27143765332361e-06,0.227143765332361,0.0204493270578852
"48185180202",2.28412706829068e-06,0.228412706829068,0.0205635674802252
"12029970201",2.28764260257171e-06,0.228764260257171,0.0205952171758226
"12029970202",2.28764260257171e-06,0.228764260257171,0.0205952171758226
"12075970400",2.28764260257171e-06,0.228764260257171,0.0205952171758226
"20095961100",2.28872105052887e-06,0.228872105052887,0.0206049262404577
"06073021102",2.2894969511283e-06,0.22894969511283,0.0206119115279909
"01083020300",2.29440103378152e-06,0.229440103378152,0.0206560620640833
"36121970800",2.30609241236023e-06,0.230609241236023,0.0207613173520564
"21197970102",2.30822932068547e-06,0.230822932068547,0.020780555536812
"21197970201",2.30822932068547e-06,0.230822932068547,0.020780555536812
"55011960300",2.3316245023067e-06,0.23316245023067,0.0209911779678751
"48039662800",2.34121110514546e-06,0.234121110514546,0.0210774843547297
"48039664200",2.34121110514546e-06,0.234121110514546,0.0210774843547297
"48089750500",2.34826010200041e-06,0.234826010200041,0.0211409451509818
"26151971100",2.36485802280814e-06,0.236485802280814,0.0212903731181467
"39115969000",2.38655544525162e-06,0.238655544525162,0.0214857109418421
"06071011405",2.38977818732688e-06,0.238977818732688,0.0215147246841404
"17099963100",2.41757745424297e-06,0.241757745424297,0.0217649962688809
"48403950100",2.43667962375325e-06,0.243667962375325,0.0219369695173032
"48039662900",2.43773967556085e-06,0.243773967556085,0.0219465129648551
"35028000100",2.44249595287406e-06,0.244249595287406,0.0219893328372005
"35039000200",2.44249595287406e-06,0.244249595287406,0.0219893328372005
"35039000301",2.44249595287406e-06,0.244249595287406,0.0219893328372005
"13107970402",2.4701706311533e-06,0.24701706311533,0.022238482773817
"13107970500",2.4701706311533e-06,0.24701706311533,0.022238482773817
"13167960100",2.4701706311533e-06,0.24701706311533,0.022238482773817
"13167960201",2.4701706311533e-06,0.24701706311533,0.022238482773817
"13167960300",2.4701706311533e-06,0.24701706311533,0.022238482773817
"13209950100",2.4701706311533e-06,0.24701706311533,0.022238482773817
"13209950200",2.4701706311533e-06,0.24701706311533,0.022238482773817
"13279970301",2.4701706311533e-06,0.24701706311533,0.022238482773817
"13279970302",2.4701706311533e-06,0.24701706311533,0.022238482773817
"13309780100",2.4701706311533e-06,0.24701706311533,0.022238482773817
"13309780200",2.4701706311533e-06,0.24701706311533,0.022238482773817
"48481740300",2.47340280362127e-06,0.247340280362127,0.0222675814161717
"05071951800",2.50980472551008e-06,0.250980472551008,0.0225953010897232
"05071952200",2.50980472551008e-06,0.250980472551008,0.0225953010897232
"12086006707",2.54252947630076e-06,0.254252947630076,0.0228899158817371
"39115968900",2.54521822857779e-06,0.254521822857779,0.0229141222140615
"32031002500",2.56114409645849e-06,0.256114409645849,0.0230574998148055
"48505950303",2.56758163093606e-06,0.256758163093606,0.023115455729988
"48505950402",2.56758163093606e-06,0.256758163093606,0.023115455729988
"48089750100",2.57371943975413e-06,0.257371943975413,0.0231707132712882
"20161980000",2.5748105005195e-06,0.25748105005195,0.0231805358866695
"55111000500",2.58704470226762e-06,0.258704470226762,0.0232906781098
"45023020400",2.61224552217404e-06,0.261224552217404,0.0235175563635963
"17011965000",2.64625994962451e-06,0.264625994962451,0.0238237818726274
"17011965500",2.64625994962451e-06,0.264625994962451,0.0238237818726274
"45081960100",2.65064714904014e-06,0.265064714904014,0.023863279005902
"08039961209",2.68216733331827e-06,0.268216733331827,0.0241470493115871
"28109950404",2.69546347108334e-06,0.269546347108334,0.0242667519454529
"36073401200",2.733452290361e-06,0.2733452290361,0.024608758158485
"48163950202",2.7446915016901e-06,0.27446915016901,0.0247099426695391
"48015760400",2.7503425828373e-06,0.27503425828373,0.0247608182929315
"48477170501",2.7503425828373e-06,0.27503425828373,0.0247608182929315
"51157950100",2.77428427262638e-06,0.277428427262638,0.0249763608345015
"26117970800",2.78056473768274e-06,0.278056473768274,0.025032902683152
"22081960100",2.784193616135e-06,0.2784193616135,0.0250655727950588
"22085000100",2.784193616135e-06,0.2784193616135,0.0250655727950588
"22085000201",2.784193616135e-06,0.2784193616135,0.0250655727950588
"22085000202",2.784193616135e-06,0.2784193616135,0.0250655727950588
"22085000300",2.784193616135e-06,0.2784193616135,0.0250655727950588
"48419950100",2.784193616135e-06,0.2784193616135,0.0250655727950588
"12063210902",2.78823519482278e-06,0.278823519482278,0.0251019583697611
"13007960200",2.78823519482278e-06,0.278823519482278,0.0251019583697611
"13099090100",2.78823519482278e-06,0.278823519482278,0.0251019583697611
"13253200100",2.78823519482278e-06,0.278823519482278,0.0251019583697611
"48071710500",2.79409063588837e-06,0.279409063588837,0.0251546738071597
"22117950101",2.81546484618202e-06,0.281546484618202,0.0253471018125065
"42059970400",2.81942345218977e-06,0.281942345218977,0.0253827403997367
"32023960409",2.82496625159815e-06,0.282496625159815,0.0254326411829487
"48287000400",2.82804405984099e-06,0.282804405984099,0.0254603501131442
"12089050402",2.8288923086889e-06,0.28288923086889,0.0254679867383855
"53029971000",2.83699946981942e-06,0.283699946981942,0.0255409739890927
"53029970200",2.83699946981942e-06,0.283699946981942,0.0255409739890927
"53029970300",2.83699946981942e-06,0.283699946981942,0.0255409739890927
"53029970401",2.83699946981942e-06,0.283699946981942,0.0255409739890927
"53029970402",2.83699946981942e-06,0.283699946981942,0.0255409739890927
"53029970500",2.83699946981942e-06,0.283699946981942,0.0255409739890927
"53029970601",2.83699946981942e-06,0.283699946981942,0.0255409739890927
"53029970602",2.83699946981942e-06,0.283699946981942,0.0255409739890927
"53029970700",2.83699946981942e-06,0.283699946981942,0.0255409739890927
"53029970800",2.83699946981942e-06,0.283699946981942,0.0255409739890927
"53029970900",2.83699946981942e-06,0.283699946981942,0.0255409739890927
"49005980100",2.83827662178924e-06,0.283827662178924,0.0255524719486758
"16041970200",2.83827662178924e-06,0.283827662178924,0.0255524719486758
"49005000101",2.83827662178924e-06,0.283827662178924,0.0255524719486758
"49005000301",2.83827662178924e-06,0.283827662178924,0.0255524719486758
"22075050500",2.86545898336541e-06,0.286545898336541,0.0257971896503761
"47111970200",2.8681872962295e-06,0.28681872962295,0.025821752139244
"47111970301",2.8681872962295e-06,0.28681872962295,0.025821752139244
"47111970302",2.8681872962295e-06,0.28681872962295,0.025821752139244
"48365950600",2.86983947759717e-06,0.286983947759717,0.0258366264181383
"49001100200",2.87308179298043e-06,0.287308179298043,0.0258658163752565
"49021110300",2.87308179298043e-06,0.287308179298043,0.0258658163752565
"27065480200",2.89532301023366e-06,0.289532301023366,0.0260660498816049
"55027960600",2.89691986523027e-06,0.289691986523027,0.02608042606756
"26059051100",2.89797021539539e-06,0.289797021539539,0.0260898821730447
"39111966600",2.89806643243936e-06,0.289806643243936,0.0260907483970407
"17149952600",2.92719720366697e-06,0.292719720366697,0.0263530072652999
"47139950400",2.93156238256487e-06,0.293156238256487,0.0263923061519846
"36075020102",2.93579230321951e-06,0.293579230321951,0.0264303873340804
"48163950101",2.94123191958253e-06,0.294123191958253,0.0264793591796929
"48163950201",2.94123191958253e-06,0.294123191958253,0.0264793591796929
"17123961100",2.94263779734206e-06,0.294263779734206,0.026492016033411
"27115950700",2.95417814231309e-06,0.295417814231309,0.026595911594149
"32005002400",2.95547699055547e-06,0.295547699055547,0.0266076048812036
"48213950700",2.95658813510241e-06,0.295658813510241,0.0266176083071025
"48325000301",2.9703729000506e-06,0.29703729000506,0.0267417099598285
"48121020205",2.99097026408105e-06,0.299097026408105,0.0269271441640087
"47045964001",3.00190207005758e-06,0.300190207005758,0.0270255611623447
"47045964800",3.00190207005758e-06,0.300190207005758,0.0270255611623447
"47045964900",3.00190207005758e-06,0.300190207005758,0.0270255611623447
"47095960100",3.00190207005758e-06,0.300190207005758,0.0270255611623447
"47095960200",3.00190207005758e-06,0.300190207005758,0.0270255611623447
"48057000300",3.00766640618891e-06,0.300766640618891,0.0270774563991119
"48057000401",3.00766640618891e-06,0.300766640618891,0.0270774563991119
"48123970201",3.00766640618891e-06,0.300766640618891,0.0270774563991119
"48175960100",3.00766640618891e-06,0.300766640618891,0.0270774563991119
"48175960200",3.00766640618891e-06,0.300766640618891,0.0270774563991119
"48239950100",3.00766640618891e-06,0.300766640618891,0.0270774563991119
"48285000500",3.00766640618891e-06,0.300766640618891,0.0270774563991119
"48285000600",3.00766640618891e-06,0.300766640618891,0.0270774563991119
"48481741100",3.00766640618891e-06,0.300766640618891,0.0270774563991119
"48281950100",3.01047512277923e-06,0.301047512277923,0.0271027427476429
"29073960500",3.01602134995322e-06,0.301602134995322,0.0271526743903857
"36029015102",3.01668484605736e-06,0.301668484605736,0.0271586477213355
"47181950200",3.05657253139224e-06,0.305657253139224,0.0275177490692424
"53033032800",3.06278770157641e-06,0.306278770157641,0.0275737030804082
"12083980100",3.06527620276456e-06,0.306527620276456,0.0275961065897477
"12107980000",3.06527620276456e-06,0.306527620276456,0.0275961065897477
"21057950200",3.07204697408908e-06,0.307204697408908,0.0276570625737461
"06073020903",3.07827377634509e-06,0.307827377634509,0.0277131213062724
"05023480301",3.0946476948283e-06,0.30946476948283,0.0278605326225339
"17083010402",3.10475480830838e-06,0.310475480830838,0.0279515250690415
"17117956500",3.10475480830838e-06,0.310475480830838,0.0279515250690415
"48013960602",3.11311807922208e-06,0.311311807922208,0.028026818028079
"36095740800",3.11754126691559e-06,0.311754126691559,0.0280666391570678
"12105015702",3.12081742046383e-06,0.312081742046383,0.028096133752837
"47103975000",3.14295412544159e-06,0.314295412544159,0.0282954263547765
"47127930200",3.14295412544159e-06,0.314295412544159,0.0282954263547765
"08047013801",3.14896979080369e-06,0.314896979080369,0.0283495842614575
"27155460100",3.15002618352845e-06,0.315002618352845,0.028359094766973
"46109940400",3.15002618352845e-06,0.315002618352845,0.028359094766973
"46109940700",3.15002618352845e-06,0.315002618352845,0.028359094766973
"38077971400",3.15002618352845e-06,0.315002618352845,0.028359094766973
"38081974000",3.15002618352845e-06,0.315002618352845,0.028359094766973
"01127020900",3.15429214335828e-06,0.315429214335828,0.028397500403002
"01127021000",3.15429214335828e-06,0.315429214335828,0.028397500403002
"01127021100",3.15429214335828e-06,0.315429214335828,0.028397500403002
"01127021300",3.15429214335828e-06,0.315429214335828,0.028397500403002
"49005001500",3.16960105350568e-06,0.316960105350568,0.0285353236490179
"48363000100",3.19617012436125e-06,0.319617012436125,0.0287745200094176
"06071011900",3.20683066873793e-06,0.320683066873793,0.0288704948904603
"39059977200",3.21543676365614e-06,0.321543676365614,0.0289479739484553
"01053969801",3.22024713981695e-06,0.322024713981695,0.0289912808625763
"01053969802",3.22024713981695e-06,0.322024713981695,0.0289912808625763
"01053970100",3.22024713981695e-06,0.322024713981695,0.0289912808625763
"01053970200",3.22024713981695e-06,0.322024713981695,0.0289912808625763
"39111966800",3.22450079864697e-06,0.322450079864697,0.0290295757550117
"54007967900",3.24690852625016e-06,0.324690852625016,0.0292313083228025
"54007968100",3.24690852625016e-06,0.324690852625016,0.0292313083228025
"54021967701",3.24690852625016e-06,0.324690852625016,0.0292313083228025
"54021967800",3.24690852625016e-06,0.324690852625016,0.0292313083228025
"54021980000",3.24690852625016e-06,0.324690852625016,0.0292313083228025
"12009071100",3.25051003175806e-06,0.325051003175806,0.0292637320012266
"17025972000",3.26417423797436e-06,0.326417423797436,0.029386748286307
"17025972200",3.26417423797436e-06,0.326417423797436,0.029386748286307
"17051950600",3.26417423797436e-06,0.326417423797436,0.029386748286307
"17079977300",3.26417423797436e-06,0.326417423797436,0.029386748286307
"17079977500",3.26417423797436e-06,0.326417423797436,0.029386748286307
"47143975000",3.27388997447325e-06,0.327388997447325,0.0294742172392775
"51185020400",3.31128000959376e-06,0.331128000959376,0.0298108327108782
"51185020500",3.31128000959376e-06,0.331128000959376,0.0298108327108782
"51185020900",3.31128000959376e-06,0.331128000959376,0.0298108327108782
"51185021000",3.31128000959376e-06,0.331128000959376,0.0298108327108782
"54047954503",3.31128000959376e-06,0.331128000959376,0.0298108327108782
"47029980100",3.31416958827821e-06,0.331416958827821,0.0298368470456724
"13161960101",3.32027653695875e-06,0.332027653695875,0.0298918267589441
"13161960102",3.32027653695875e-06,0.332027653695875,0.0298918267589441
"13161960201",3.32027653695875e-06,0.332027653695875,0.0298918267589441
"13161960202",3.32027653695875e-06,0.332027653695875,0.0298918267589441
"13271950200",3.32027653695875e-06,0.332027653695875,0.0298918267589441
"47071920100",3.32425047610404e-06,0.332425047610404,0.0299276033875349
"28109950406",3.32526151561678e-06,0.332526151561678,0.0299367055865912
"47111970400",3.3259530932515e-06,0.33259530932515,0.0299429317302925
"37185950400",3.34574120291406e-06,0.334574120291406,0.0301210803692195
"37069060100",3.34574120291406e-06,0.334574120291406,0.0301210803692195
"01059973701",3.35653190099224e-06,0.335653190099224,0.0302182269996193
"01093964100",3.35653190099224e-06,0.335653190099224,0.0302182269996193
"06087120200",3.37766259458624e-06,0.337766259458624,0.0304084626698043
"22039950302",3.39349972190272e-06,0.339349972190272,0.0305510413558969
"48363000300",3.40235345023458e-06,0.340235345023458,0.0306307498110574
"06089012500",3.41713685306775e-06,0.341713685306775,0.0307638420133116
"42115032800",3.42148504870306e-06,0.342148504870306,0.0308029880028694
"48013960601",3.45334455205534e-06,0.345334455205534,0.0310898131345208
"40147001000",3.46156802160218e-06,0.346156802160218,0.0311638474880801
"21063920200",3.46290771396698e-06,0.346290771396698,0.0311759084871062
"48493000500",3.488942606281e-06,0.3488942606281,0.0314102957383113
"48021950601",3.49673366105794e-06,0.349673366105794,0.0314804371428207
"48021950602",3.49673366105794e-06,0.349673366105794,0.0314804371428207
"29177080001",3.50363085279163e-06,0.350363085279163,0.0315425312660456
"28023950202",3.5232565775841e-06,0.35232565775841,0.0317192179844514
"12045960200",3.52597447213542e-06,0.352597447213542,0.0317436866792041
"12105015600",3.52639401200368e-06,0.352639401200368,0.0317474637179299
"13043950200",3.53080002213483e-06,0.353080002213483,0.0317871302005473
"13107970101",3.53080002213483e-06,0.353080002213483,0.0317871302005473
"13107970601",3.53080002213483e-06,0.353080002213483,0.0317871302005473
"13165960100",3.53080002213483e-06,0.353080002213483,0.0317871302005473
"13165960200",3.53080002213483e-06,0.353080002213483,0.0317871302005473
"13251970200",3.53080002213483e-06,0.353080002213483,0.0317871302005473
"13251970300",3.53080002213483e-06,0.353080002213483,0.0317871302005473
"13251970401",3.53080002213483e-06,0.353080002213483,0.0317871302005473
"13251970402",3.53080002213483e-06,0.353080002213483,0.0317871302005473
"13267950100",3.53080002213483e-06,0.353080002213483,0.0317871302005473
"13267950203",3.53080002213483e-06,0.353080002213483,0.0317871302005473
"13267950204",3.53080002213483e-06,0.353080002213483,0.0317871302005473
"13267950300",3.53080002213483e-06,0.353080002213483,0.0317871302005473
"13267950402",3.53080002213483e-06,0.353080002213483,0.0317871302005473
"13279970101",3.53080002213483e-06,0.353080002213483,0.0317871302005473
"29139970100",3.53517743829892e-06,0.353517743829892,0.0318265392570438
"01043965600",3.55293285805121e-06,0.355293285805121,0.0319863879700531
"01133965501",3.55293285805121e-06,0.355293285805121,0.0319863879700531
"01133965503",3.55293285805121e-06,0.355293285805121,0.0319863879700531
"41027950100",3.55884425538895e-06,0.355884425538895,0.032039607171272
"01027959100",3.57199344748373e-06,0.357199344748373,0.032157986880836
"48497150300",3.57331763987377e-06,0.357331763987377,0.0321699083364973
"48071710600",3.57994742334044e-06,0.357994742334044,0.0322295950332616
"06041132200",3.58229112500911e-06,0.358229112500911,0.0322506949396925
"47035970701",3.59234878351218e-06,0.359234878351218,0.03234124215232
"24017850400",3.60647768676563e-06,0.360647768676563,0.032468442017646
"51025930100",3.62211708436161e-06,0.362211708436161,0.0326092405801601
"46135966200",3.65252771178533e-06,0.365252771178533,0.0328830217536443
"46135966301",3.65252771178533e-06,0.365252771178533,0.0328830217536443
"46135966302",3.65252771178533e-06,0.365252771178533,0.0328830217536443
"48349970301",3.65442072579758e-06,0.365442072579758,0.0329000642036561
"20125951000",3.67077921347842e-06,0.367077921347842,0.0330473365992988
"20125951400",3.67077921347842e-06,0.367077921347842,0.0330473365992988
"40105172100",3.67077921347842e-06,0.367077921347842,0.0330473365992988
"42053530100",3.67783820513809e-06,0.367783820513809,0.0331108873769027
"16043970200",3.68543783186821e-06,0.368543783186821,0.0331793053906195
"06017031406",3.6876974007909e-06,0.36876974007909,0.0331996478657222
"53053073200",3.68996627635028e-06,0.368996627635028,0.0332200741267289
"13303950400",3.6976559326491e-06,0.36976559326491,0.0332893026597627
"20005081600",3.73137234754255e-06,0.373137234754255,0.0335928452176518
"48471790200",3.75006774487155e-06,0.375006774487155,0.0337611563724389
"48471790102",3.75006774487155e-06,0.375006774487155,0.0337611563724389
"41019100000",3.75745762247896e-06,0.375745762247896,0.0338276860541542
"06107000101",3.76360205228378e-06,0.376360205228378,0.033883003202956
"48231960300",3.76905852218669e-06,0.376905852218669,0.0339321267778263
"12121970100",3.79696150834832e-06,0.379696150834832,0.034183332127476
"12121970401",3.79696150834832e-06,0.379696150834832,0.034183332127476
"12121970402",3.79696150834832e-06,0.379696150834832,0.034183332127476
"12121970502",3.79696150834832e-06,0.379696150834832,0.034183332127476
"55135100200",3.80143705742675e-06,0.380143705742675,0.03422362465619
"40137001000",3.80465011420691e-06,0.380465011420691,0.0342525512035935
"35013001309",3.80863402094684e-06,0.380863402094684,0.0342884175685689
"35013001314",3.80863402094684e-06,0.380863402094684,0.0342884175685689
"32005002500",3.81014409379191e-06,0.381014409379191,0.0343020124710946
"35028000200",3.81342585446163e-06,0.381342585446163,0.0343315575467266
"35028000400",3.81342585446163e-06,0.381342585446163,0.0343315575467266
"35028000500",3.81342585446163e-06,0.381342585446163,0.0343315575467266
"35039000100",3.81342585446163e-06,0.381342585446163,0.0343315575467266
"35039000302",3.81342585446163e-06,0.381342585446163,0.0343315575467266
"35039944100",3.81342585446163e-06,0.381342585446163,0.0343315575467266
"35043940300",3.81342585446163e-06,0.381342585446163,0.0343315575467266
"35043941000",3.81342585446163e-06,0.381342585446163,0.0343315575467266
"35049010309",3.81342585446163e-06,0.381342585446163,0.0343315575467266
"35049010800",3.81342585446163e-06,0.381342585446163,0.0343315575467266
"35049980200",3.81342585446163e-06,0.381342585446163,0.0343315575467266
"22117950300",3.85297296243363e-06,0.385297296243363,0.0346875927405297
"22117950502",3.85297296243363e-06,0.385297296243363,0.0346875927405297
"41031960202",3.86275185620596e-06,0.386275185620596,0.0347756302865844
"55075960800",3.863335425838e-06,0.3863335425838,0.0347808840545006
"55083100500",3.863335425838e-06,0.3863335425838,0.0347808840545006
"29073960300",3.87963350473151e-06,0.387963350473151,0.0349276126011639
"48015760501",3.88537052141643e-06,0.388537052141643,0.0349792618860804
"48213950601",3.88805755678645e-06,0.388805755678645,0.0350034527614131
"48213950604",3.88805755678645e-06,0.388805755678645,0.0350034527614131
"42009960500",3.89175732524232e-06,0.389175732524232,0.0350367610827231
"22011960102",3.89175816778363e-06,0.389175816778363,0.0350367686679645
"22011960702",3.89175816778363e-06,0.389175816778363,0.0350367686679645
"06039000102",3.89519077981965e-06,0.389519077981965,0.0350676718301466
"36039080301",3.89730529545989e-06,0.389730529545989,0.0350867084177602
"36039080402",3.89730529545989e-06,0.389730529545989,0.0350867084177602
"21027960400",3.90858851408329e-06,0.390858851408329,0.0351882891182289
"21219950100",3.91367552229449e-06,0.391367552229449,0.0352340864988018
"21221970202",3.91367552229449e-06,0.391367552229449,0.0352340864988018
"21221980200",3.91367552229449e-06,0.391367552229449,0.0352340864988018
"12051000101",3.93641091079955e-06,0.393641091079955,0.0354387689362211
"12051000102",3.93641091079955e-06,0.393641091079955,0.0354387689362211
"12051000200",3.93641091079955e-06,0.393641091079955,0.0354387689362211
"48091310611",3.95715835917128e-06,0.395715835917128,0.0356255543215691
"12043000100",3.97129625775273e-06,0.397129625775273,0.0357528351701454
"47081950500",3.97254028850911e-06,0.397254028850911,0.0357640349456577
"47085130400",3.97254028850911e-06,0.397254028850911,0.0357640349456577
"29071801000",3.97750187438038e-06,0.397750187438038,0.0358087031724342
"48493000600",3.9872434695056e-06,0.39872434695056,0.0358964049257663
"13001950301",3.99810540230485e-06,0.399810540230485,0.0359941928689959
"13001950302",3.99810540230485e-06,0.399810540230485,0.0359941928689959
"13001950400",3.99810540230485e-06,0.399810540230485,0.0359941928689959
"13305970400",3.99810540230485e-06,0.399810540230485,0.0359941928689959
"39157021800",3.99811182916238e-06,0.399811182916238,0.0359942507287885
"47155081104",4.00825470032122e-06,0.400825470032122,0.0360855650949696
"01117030704",4.01268889911595e-06,0.401268889911595,0.0361254853548369
"33009960402",4.01712312605428e-06,0.401712312605428,0.0361654058680758
"33009960500",4.01712312605428e-06,0.401712312605428,0.0361654058680758
"01079979900",4.02368022354469e-06,0.402368022354469,0.0362244381866321
"22013970400",4.03020706762164e-06,0.403020706762164,0.0362831981393828
"22013970500",4.03020706762164e-06,0.403020706762164,0.0362831981393828
"22027950100",4.03020706762164e-06,0.403020706762164,0.0362831981393828
"22027950201",4.03020706762164e-06,0.403020706762164,0.0362831981393828
"22027950400",4.03020706762164e-06,0.403020706762164,0.0362831981393828
"22049970300",4.03020706762164e-06,0.403020706762164,0.0362831981393828
"22111960300",4.03020706762164e-06,0.403020706762164,0.0362831981393828
"22111960200",4.03020706762164e-06,0.403020706762164,0.0362831981393828
"42047950100",4.03289217166581e-06,0.403289217166581,0.0363073716273512
"48213950802",4.0353199596484e-06,0.40353199596484,0.0363292285470913
"48213950902",4.0353199596484e-06,0.40353199596484,0.0363292285470913
"48213951101",4.0353199596484e-06,0.40353199596484,0.0363292285470913
"06041133000",4.04352565271634e-06,0.404352565271634,0.0364031028623459
"40023966900",4.05662483015472e-06,0.405662483015472,0.0365210322993414
"55093960100",4.09483647961006e-06,0.409483647961006,0.0368650446106589
"49023010200",4.10795679094535e-06,0.410795679094535,0.0369831643121634
"49039972200",4.10795679094535e-06,0.410795679094535,0.0369831643121634
"36105950300",4.12671283396444e-06,0.412671283396444,0.0371520214487209
"51053840101",4.13563897468794e-06,0.413563897468794,0.0372323818190583
"29099701102",4.1415597122244e-06,0.41415597122244,0.0372856851083341
"23005014002",4.14531261138412e-06,0.414531261138412,0.0373194717554032
"55078940104",4.15591383762244e-06,0.415591383762244,0.0374149126063748
"55083100600",4.15591383762244e-06,0.415591383762244,0.0374149126063748
"55115100200",4.15591383762244e-06,0.415591383762244,0.0374149126063748
"55115100600",4.15591383762244e-06,0.415591383762244,0.0374149126063748
"45081960400",4.15723666153105e-06,0.415723666153105,0.0374268217418545
"48493000202",4.16293323432829e-06,0.416293323432829,0.0374781069180377
"45089970200",4.17257117858232e-06,0.417257117858232,0.037564875522022
"45089970400",4.17257117858232e-06,0.417257117858232,0.037564875522022
"32003005612",4.17325599350055e-06,0.417325599350055,0.0375710407822556
"31125966100",4.17844552265069e-06,0.417844552265069,0.0376177611396082
"31169963100",4.17844552265069e-06,0.417844552265069,0.0376177611396082
"31169963200",4.17844552265069e-06,0.417844552265069,0.0376177611396082
"12121970601",4.18612335674587e-06,0.418612335674587,0.0376868832395606
"29219820203",4.18778139711777e-06,0.418778139711777,0.0377018102659707
"39059978000",4.1950839116748e-06,0.41950839116748,0.0377675534345332
"17099963400",4.20434244855213e-06,0.420434244855213,0.0378509063050842
"53051970300",4.20659239915802e-06,0.420659239915802,0.0378711621882851
"05045030101",4.21307536059723e-06,0.421307536059723,0.0379295270738808
"05045030202",4.21307536059723e-06,0.421307536059723,0.0379295270738808
"05141460400",4.21307536059723e-06,0.421307536059723,0.0379295270738808
"05105952700",4.21307536059723e-06,0.421307536059723,0.0379295270738808
"05029950100",4.21307536059723e-06,0.421307536059723,0.0379295270738808
"05029950200",4.21307536059723e-06,0.421307536059723,0.0379295270738808
"05029950600",4.21307536059723e-06,0.421307536059723,0.0379295270738808
"05115950901",4.21307536059723e-06,0.421307536059723,0.0379295270738808
"05115950902",4.21307536059723e-06,0.421307536059723,0.0379295270738808
"05115951000",4.21307536059723e-06,0.421307536059723,0.0379295270738808
"05115951201",4.21307536059723e-06,0.421307536059723,0.0379295270738808
"05115951202",4.21307536059723e-06,0.421307536059723,0.0379295270738808
"05115951301",4.21307536059723e-06,0.421307536059723,0.0379295270738808
"05115951302",4.21307536059723e-06,0.421307536059723,0.0379295270738808
"05115951303",4.21307536059723e-06,0.421307536059723,0.0379295270738808
"05115951400",4.21307536059723e-06,0.421307536059723,0.0379295270738808
"05115951501",4.21307536059723e-06,0.421307536059723,0.0379295270738808
"05115951503",4.21307536059723e-06,0.421307536059723,0.0379295270738808
"05115951504",4.21307536059723e-06,0.421307536059723,0.0379295270738808
"05115951601",4.21307536059723e-06,0.421307536059723,0.0379295270738808
"05115951602",4.21307536059723e-06,0.421307536059723,0.0379295270738808
"05149952302",4.21307536059723e-06,0.421307536059723,0.0379295270738808
"12105014203",4.22238238892254e-06,0.422238238892254,0.0380133165038407
"06053011101",4.22266090594757e-06,0.422266090594757,0.0380158239403656
"04025001401",4.23358290653463e-06,0.423358290653463,0.0381141526626197
"49005001201",4.26167660929315e-06,0.426167660929315,0.0383670749980117
"49005000201",4.26167660929315e-06,0.426167660929315,0.0383670749980117
"49005000202",4.26167660929315e-06,0.426167660929315,0.0383670749980117
"49005000401",4.26167660929315e-06,0.426167660929315,0.0383670749980117
"49005000402",4.26167660929315e-06,0.426167660929315,0.0383670749980117
"49005000403",4.26167660929315e-06,0.426167660929315,0.0383670749980117
"49005000601",4.26167660929315e-06,0.426167660929315,0.0383670749980117
"49005000602",4.26167660929315e-06,0.426167660929315,0.0383670749980117
"49005000701",4.26167660929315e-06,0.426167660929315,0.0383670749980117
"49005000702",4.26167660929315e-06,0.426167660929315,0.0383670749980117
"29057480200",4.26619531204449e-06,0.426619531204449,0.038407756031147
"51111930100",4.27679362078087e-06,0.427679362078087,0.0385031706163959
"51111930200",4.27679362078087e-06,0.427679362078087,0.0385031706163959
"51147930301",4.27679362078087e-06,0.427679362078087,0.0385031706163959
"51029930202",4.27679362078087e-06,0.427679362078087,0.0385031706163959
"22069000602",4.28004647410703e-06,0.428004647410703,0.038532455444637
"35013001207",4.29313090840134e-06,0.429313090840134,0.0386502521518723
"36035970400",4.2953029809436e-06,0.42953029809436,0.0386698069134768
"36041950400",4.2953029809436e-06,0.42953029809436,0.0386698069134768
"51027010200",4.29563205426954e-06,0.429563205426954,0.0386727694988941
"47083120200",4.30013915045105e-06,0.430013915045105,0.0387133460402586
"48039664501",4.30106695317885e-06,0.430106695317885,0.0387216988741558
"47007953200",4.30757835040356e-06,0.430757835040356,0.0387803197617937
"47061955000",4.30757835040356e-06,0.430757835040356,0.0387803197617937
"47061955200",4.30757835040356e-06,0.430757835040356,0.0387803197617937
"37151030700",4.31465121318404e-06,0.431465121318404,0.0388439954184959
"13147960300",4.32067570697056e-06,0.432067570697056,0.0388982328058257
"23025965600",4.32591703140556e-06,0.432591703140556,0.0389454194664109
"23025966200",4.32591703140556e-06,0.432591703140556,0.0389454194664109
"23025966300",4.32591703140556e-06,0.432591703140556,0.0389454194664109
"23007971000",4.32591703140556e-06,0.432591703140556,0.0389454194664109
"23007971300",4.32591703140556e-06,0.432591703140556,0.0389454194664109
"19077950100",4.32979719969458e-06,0.432979719969458,0.0389803518935747
"17099962900",4.33386723264464e-06,0.433386723264464,0.0390169936366621
"40003955600",4.33657946057145e-06,0.433657946057145,0.0390414113158573
"05023480100",4.33716723744991e-06,0.433716723744991,0.0390467029608237
"05023480400",4.33716723744991e-06,0.433716723744991,0.0390467029608237
"05067480401",4.33716723744991e-06,0.433716723744991,0.0390467029608237
"47067960500",4.34188055624111e-06,0.434188055624111,0.0390891360856547
"27025110201",4.35738327293624e-06,0.435738327293624,0.0392287041356607
"16017950802",4.36146852208107e-06,0.436146852208107,0.0392654828672949
"16017950901",4.36146852208107e-06,0.436146852208107,0.0392654828672949
"16055000202",4.36146852208107e-06,0.436146852208107,0.0392654828672949
"16055001901",4.36146852208107e-06,0.436146852208107,0.0392654828672949
"16079960200",4.36146852208107e-06,0.436146852208107,0.0392654828672949
"16079960400",4.36146852208107e-06,0.436146852208107,0.0392654828672949
"41043030201",4.37879464347048e-06,0.437879464347048,0.0394214666876821
"41047010600",4.37879464347048e-06,0.437879464347048,0.0394214666876821
"05057480101",4.38320331935661e-06,0.438320331935661,0.0394611571695915
"05057480200",4.38320331935661e-06,0.438320331935661,0.0394611571695915
"05057480400",4.38320331935661e-06,0.438320331935661,0.0394611571695915
"05073470101",4.38320331935661e-06,0.438320331935661,0.0394611571695915
"05099090200",4.38320331935661e-06,0.438320331935661,0.0394611571695915
"48037011402",4.38320331935661e-06,0.438320331935661,0.0394611571695915
"48067950102",4.38320331935661e-06,0.438320331935661,0.0394611571695915
"48067950500",4.38320331935661e-06,0.438320331935661,0.0394611571695915
"48067950601",4.38320331935661e-06,0.438320331935661,0.0394611571695915
"48067950602",4.38320331935661e-06,0.438320331935661,0.0394611571695915
"45057010201",4.39006172745537e-06,0.439006172745537,0.0395229021310272
"35025000900",4.4099317330649e-06,0.44099317330649,0.0397017880638006
"48165950201",4.4099317330649e-06,0.44099317330649,0.0397017880638006
"48165950100",4.4099317330649e-06,0.44099317330649,0.0397017880638006
"48355006100",4.41830379741259e-06,0.441830379741259,0.0397771601884746
"06017031405",4.43859028134228e-06,0.443859028134228,0.0399597955974306
"28011950200",4.44054488446096e-06,0.444054488446096,0.0399773925226131
"30093000500",4.44846596454645e-06,0.444846596454645,0.0400487045205818
"30093000600",4.44846596454645e-06,0.444846596454645,0.0400487045205818
"42103950204",4.4569024079523e-06,0.44569024079523,0.0401246562378385
"06071011407",4.50357506348824e-06,0.450357506348824,0.0405448413995655
"17099961800",4.50759287505067e-06,0.450759287505067,0.0405810130032971
"26119910400",4.51081033985014e-06,0.451081033985014,0.0406099792352715
"26119910500",4.51081033985014e-06,0.451081033985014,0.0406099792352715
"26143970402",4.51081033985014e-06,0.451081033985014,0.0406099792352715
"26143970500",4.51081033985014e-06,0.451081033985014,0.0406099792352715
"26143970600",4.51081033985014e-06,0.451081033985014,0.0406099792352715
"26011970400",4.51289393054449e-06,0.451289393054449,0.0406287374113989
"18047969800",4.51929107957559e-06,0.451929107957559,0.0406863297439834
"48103950100",4.55346819838896e-06,0.455346819838896,0.0409940199328328
"48475950100",4.55346819838896e-06,0.455346819838896,0.0409940199328328
"23009966300",4.56150400364238e-06,0.456150400364238,0.0410663647799652
"23009966700",4.56150400364238e-06,0.456150400364238,0.0410663647799652
"20115489700",4.5645977273374e-06,0.45645977273374,0.0410942169939909
"06071010410",4.57143509463319e-06,0.457143509463319,0.0411557725290248
"06071010420",4.57143509463319e-06,0.457143509463319,0.0411557725290248
"12029970101",4.57528520514342e-06,0.457528520514342,0.0411904343516451
"12029970103",4.57528520514342e-06,0.457528520514342,0.0411904343516451
"12029970104",4.57528520514342e-06,0.457528520514342,0.0411904343516451
"12075970301",4.57528520514342e-06,0.457528520514342,0.0411904343516451
"36009960500",4.5815559682258e-06,0.45815559682258,0.041246888855244
"39019720400",4.58257046406183e-06,0.458257046406183,0.0412560221709304
"49005000502",4.59300104100959e-06,0.459300104100959,0.0413499266983538
"49005000800",4.59300104100959e-06,0.459300104100959,0.0413499266983538
"49005001102",4.59300104100959e-06,0.459300104100959,0.0413499266983538
"33003956400",4.60013848765267e-06,0.460013848765267,0.0414141837914547
"06071011406",4.60446098099379e-06,0.460446098099379,0.0414530983880798
"36103170206",4.60645781218382e-06,0.460645781218382,0.0414710754846665
"22009030100",4.60718408313917e-06,0.460718408313917,0.0414776139658248
"22125951703",4.60718408313917e-06,0.460718408313917,0.0414776139658248
"48213950603",4.61218459554656e-06,0.461218459554656,0.0415226326409031
"48213950801",4.61218459554656e-06,0.461218459554656,0.0415226326409031
"48213950903",4.61218459554656e-06,0.461218459554656,0.0415226326409031
"48213950904",4.61218459554656e-06,0.461218459554656,0.0415226326409031
"48213950905",4.61218459554656e-06,0.461218459554656,0.0415226326409031
"48213951102",4.61218459554656e-06,0.461218459554656,0.0415226326409031
"28089031000",4.61396878392192e-06,0.461396878392192,0.0415386953541223
"28051950502",4.61396878392192e-06,0.461396878392192,0.0415386953541223
"28163950100",4.61396878392192e-06,0.461396878392192,0.0415386953541223
"40015162000",4.62621924436539e-06,0.462621924436539,0.0416489839512369
"40015162101",4.62621924436539e-06,0.462621924436539,0.0416489839512369
"42103950203",4.66197507341252e-06,0.466197507341252,0.0419708869721456
"37005950100",4.66368225422877e-06,0.466368225422877,0.0419862564007572
"51141030201",4.66368225422877e-06,0.466368225422877,0.0419862564007572
"37005950300",4.66368225422877e-06,0.466368225422877,0.0419862564007572
"47083120100",4.66631066223241e-06,0.466631066223241,0.0420099194649092
"19151780200",4.67741734757737e-06,0.467741734757737,0.0421099108693908
"19151780300",4.67741734757737e-06,0.467741734757737,0.0421099108693908
"08037000404",4.69252835062166e-06,0.469252835062166,0.042245952394886
"08037000405",4.69252835062166e-06,0.469252835062166,0.042245952394886
"08037000302",4.69252835062166e-06,0.469252835062166,0.042245952394886
"08097000101",4.69252835062166e-06,0.469252835062166,0.042245952394886
"08097000102",4.69252835062166e-06,0.469252835062166,0.042245952394886
"08097000402",4.69252835062166e-06,0.469252835062166,0.042245952394886
"08097000403",4.69252835062166e-06,0.469252835062166,0.042245952394886
"08097000404",4.69252835062166e-06,0.469252835062166,0.042245952394886
"08097000500",4.69252835062166e-06,0.469252835062166,0.042245952394886
"08037000100",4.69252835062166e-06,0.469252835062166,0.042245952394886
"51135980100",4.6952236296201e-06,0.46952236296201,0.0422702174860588
"42061951100",4.70477307378755e-06,0.470477307378755,0.0423561893403668
"42061951200",4.70477307378755e-06,0.470477307378755,0.0423561893403668
"06065044406",4.71788697873373e-06,0.471788697873373,0.042474251366352
"21069920100",4.73754195409948e-06,0.473754195409948,0.0426512014221815
"21069920200",4.73754195409948e-06,0.473754195409948,0.0426512014221815
"21135930400",4.73754195409948e-06,0.473754195409948,0.0426512014221815
"21165960100",4.73754195409948e-06,0.473754195409948,0.0426512014221815
"21175950300",4.73754195409948e-06,0.473754195409948,0.0426512014221815
"21175950500",4.73754195409948e-06,0.473754195409948,0.0426512014221815
"08123002501",4.743870674405e-06,0.4743870674405,0.0427081777037872
"48143950204",4.74865339275698e-06,0.474865339275698,0.0427512356198441
"53009000600",4.75538608165612e-06,0.475538608165612,0.0428118487549113
"17099962200",4.79515301680075e-06,0.479515301680075,0.0431698630115088
"27105105100",4.79536437741828e-06,0.479536437741828,0.0431717658514959
"27105105300",4.79536437741828e-06,0.479536437741828,0.0431717658514959
"17011965200",4.82306263430215e-06,0.482306263430215,0.0434211280618664
"47007953000",4.82412176713026e-06,0.482412176713026,0.0434306632360184
"40019892301",4.83768372574866e-06,0.483768372574866,0.0435527590051571
"40019892302",4.83768372574866e-06,0.483768372574866,0.0435527590051571
"40049681500",4.83768372574866e-06,0.483768372574866,0.0435527590051571
"40067371600",4.83768372574866e-06,0.483768372574866,0.0435527590051571
"40069660300",4.83768372574866e-06,0.483768372574866,0.0435527590051571
"40085094300",4.83768372574866e-06,0.483768372574866,0.0435527590051571
"40095094804",4.83768372574866e-06,0.483768372574866,0.0435527590051571
"40095094805",4.83768372574866e-06,0.483768372574866,0.0435527590051571
"40095094806",4.83768372574866e-06,0.483768372574866,0.0435527590051571
"40099790701",4.83768372574866e-06,0.483768372574866,0.0435527590051571
"40099790702",4.83768372574866e-06,0.483768372574866,0.0435527590051571
"40099790801",4.83768372574866e-06,0.483768372574866,0.0435527590051571
"40099790802",4.83768372574866e-06,0.483768372574866,0.0435527590051571
"49005001401",4.84695104863529e-06,0.484695104863529,0.0436361909745015
"49005000302",4.84695104863529e-06,0.484695104863529,0.0436361909745015
"49005000501",4.84695104863529e-06,0.484695104863529,0.0436361909745015
"49005000900",4.84695104863529e-06,0.484695104863529,0.0436361909745015
"49005001101",4.84695104863529e-06,0.484695104863529,0.0436361909745015
"29101960200",4.84910059417031e-06,0.484910059417031,0.0436555429296859
"06029003308",4.86370907784846e-06,0.486370907784846,0.0437870603676033
"48209010811",4.87030321550515e-06,0.487030321550515,0.0438464261518277
"04021000808",4.8773484740138e-06,0.48773484740138,0.0439098532924494
"18047969900",4.89410580745996e-06,0.489410580745996,0.0440607164216914
"29039870102",4.90787194804978e-06,0.490787194804978,0.0441846504028131
"28129950100",4.91990908932627e-06,0.491990908932627,0.0442930185274873
"48471790302",4.93499642416047e-06,0.493499642416047,0.0444288469725273
"47053967300",4.93786302796897e-06,0.493786302796897,0.0444546544688236
"13175950100",4.9403412623066e-06,0.49403412623066,0.044476965547634
"13175951001",4.9403412623066e-06,0.49403412623066,0.044476965547634
"13175951400",4.9403412623066e-06,0.49403412623066,0.044476965547634
"13283960200",4.9403412623066e-06,0.49403412623066,0.044476965547634
"28065950101",4.94948780687203e-06,0.494948780687203,0.0445593101724113
"28065950202",4.94948780687203e-06,0.494948780687203,0.0445593101724113
"35005001400",4.95410446215743e-06,0.495410446215743,0.0446008730538343
"12043000202",4.95832947909211e-06,0.495832947909211,0.0446389100886593
"27107960300",4.9622145985254e-06,0.49622145985254,0.0446738870900461
"27119021000",4.9622145985254e-06,0.49622145985254,0.0446738870900461
"39157021900",4.97015449876254e-06,0.497015449876254,0.0447453685223093
"16017950801",4.97132444988151e-06,0.497132444988151,0.0447559013727438
"16055001902",4.97132444988151e-06,0.497132444988151,0.0447559013727438
"16079960300",4.97132444988151e-06,0.497132444988151,0.0447559013727438
"37177960100",4.98415465391849e-06,0.498415465391849,0.0448714092926674
"24035990100",4.98782202276782e-06,0.498782202276782,0.0449044259263981
"53061053506",4.98786291628161e-06,0.498786291628161,0.0449047940830308
"06071011203",4.99173920695073e-06,0.499173920695073,0.0449396916007101
"48363000401",5.00523756665599e-06,0.500523756665599,0.0450612148007654
"17145030300",5.00552479162023e-06,0.500552479162023,0.0450638006332333
"17157950500",5.00552479162023e-06,0.500552479162023,0.0450638006332333
"17157950700",5.00552479162023e-06,0.500552479162023,0.0450638006332333
"48407200106",5.01535166600453e-06,0.501535166600453,0.0451522701397361
"01059973702",5.01874915814878e-06,0.501874915814878,0.0451828571241214
"01077011300",5.01874915814878e-06,0.501874915814878,0.0451828571241214
"55093960800",5.02905911804121e-06,0.502905911804121,0.0452756757588242
"17163504002",5.03136079516687e-06,0.503136079516687,0.0452963973261784
"42061950800",5.04109605962954e-06,0.504109605962954,0.0453840420857433
"48139061200",5.04631963262069e-06,0.504631963262069,0.0454310689334097
"04021002104",5.05582102380506e-06,0.505582102380506,0.0455166081757261
"06053011400",5.06038225248022e-06,0.506038225248022,0.0455576720617754
"53027000201",5.06841716299992e-06,0.506841716299992,0.045630008853788
"53027000202",5.06841716299992e-06,0.506841716299992,0.045630008853788
"53027001601",5.06841716299992e-06,0.506841716299992,0.045630008853788
"53049950200",5.06841716299992e-06,0.506841716299992,0.045630008853788
"53049950302",5.06841716299992e-06,0.506841716299992,0.045630008853788
"39119911000",5.09043645715559e-06,0.509043645715559,0.0458282444281232
"39119912500",5.09043645715559e-06,0.509043645715559,0.0458282444281232
"39119912600",5.09043645715559e-06,0.509043645715559,0.0458282444281232
"48363000402",5.10157344971422e-06,0.510157344971422,0.0459285086827636
"29221460200",5.15073613841392e-06,0.515073613841392,0.0463711111459191
"05021950100",5.15149482727653e-06,0.515149482727653,0.0463779414794147
"29069360500",5.15149482727653e-06,0.515149482727653,0.0463779414794147
"29069360600",5.15149482727653e-06,0.515149482727653,0.0463779414794147
"29069360700",5.15149482727653e-06,0.515149482727653,0.0463779414794147
"29069360900",5.15149482727653e-06,0.515149482727653,0.0463779414794147
"06107000102",5.17536177148375e-06,0.517536177148375,0.046592811100534
"01049960500",5.1850421645625e-06,0.51850421645625,0.0466799618633236
"26009960300",5.19134308463994e-06,0.519134308463994,0.0467366878646913
"21057950100",5.19443514440475e-06,0.519443514440475,0.0467645250986654
"21171930300",5.19443514440475e-06,0.519443514440475,0.0467645250986654
"21171930400",5.19443514440475e-06,0.519443514440475,0.0467645250986654
"50003970800",5.19912950973055e-06,0.519912950973055,0.0468067875890032
"06053011502",5.21928670769347e-06,0.521928670769347,0.0469882590606552
"48419950300",5.22560421567088e-06,0.522560421567088,0.0470451343997743
"06017030605",5.22873153059589e-06,0.522873153059589,0.0470732890293416
"19063070200",5.26139511532078e-06,0.526139511532078,0.0473673531547403
"23015975800",5.26586223584051e-06,0.526586223584051,0.0474075698027215
"23015976200",5.26586223584051e-06,0.526586223584051,0.0474075698027215
"48221160302",5.26655060788337e-06,0.526655060788337,0.0474137670870807
"45087030700",5.27846159652007e-06,0.527846159652007,0.0475209994832058
"39171950800",5.28289876617424e-06,0.528289876617424,0.0475609464891634
"23017965800",5.28418788303109e-06,0.528418788303109,0.0475725521663797
"06047000901",5.28834004442782e-06,0.528834004442782,0.0476099332964647
"12013010302",5.3060367260976e-06,0.53060367260976,0.0477692532015368
"48349970302",5.31001718624172e-06,0.531001718624172,0.0478050885374567
"48349970701",5.31001718624172e-06,0.531001718624172,0.0478050885374567
"48349970901",5.31001718624172e-06,0.531001718624172,0.0478050885374567
"48015760502",5.31272570145575e-06,0.531272570145575,0.0478294727917953
"56001963900",5.31314139628654e-06,0.531314139628654,0.0478332152143701
"55135100400",5.3418300757994e-06,0.53418300757994,0.0480914940138603
"32003005613",5.34212683808284e-06,0.534212683808284,0.0480941657090238
"47031970803",5.34467892614387e-06,0.534467892614387,0.0481171416790506
"47139950204",5.35780346374449e-06,0.535780346374449,0.048235299428829
"45073030202",5.36548076357165e-06,0.536548076357165,0.0483044167188666
"13111050100",5.37061862233262e-06,0.537061862233262,0.0483506718973992
"13111050200",5.37061862233262e-06,0.537061862233262,0.0483506718973992
"13111050500",5.37061862233262e-06,0.537061862233262,0.0483506718973992
"13123080200",5.37061862233262e-06,0.537061862233262,0.0483506718973992
"17099963300",5.37120818329218e-06,0.537120818329218,0.0483559796041131
"29123960100",5.39017131396959e-06,0.539017131396959,0.0485267011120076
"42115032401",5.3925148993109e-06,0.53925148993109,0.0485477999711651
"19197680400",5.40155430455053e-06,0.540155430455053,0.0486291800406922
"40105172200",5.40156322427951e-06,0.540156322427951,0.0486292603433388
"04021002105",5.41665409962597e-06,0.541665409962597,0.0487651206629465
"06101050900",5.41763150670364e-06,0.541763150670364,0.0487739200754995
"36033950501",5.41945640508708e-06,0.541945640508708,0.048790349293284
"36033950502",5.41945640508708e-06,0.541945640508708,0.048790349293284
"36033951300",5.41945640508708e-06,0.541945640508708,0.048790349293284
"36033951400",5.41945640508708e-06,0.541945640508708,0.048790349293284
"12107951200",5.42860231114599e-06,0.542860231114599,0.0488726881697069
"17095000100",5.44263947117968e-06,0.544263947117968,0.0489990620880369
"20031966100",5.44454406603823e-06,0.544454406603823,0.0490162087982353
"05093010900",5.44459714196228e-06,0.544459714196228,0.0490166866308222
"05093011000",5.44459714196228e-06,0.544459714196228,0.0490166866308222
"06053011204",5.46368957075623e-06,0.546368957075623,0.0491885721854028
"12047960300",5.47182964718686e-06,0.547182964718686,0.0492618557663818
"28051950501",5.47503069620499e-06,0.547503069620499,0.0492906742101565
"48039663000",5.47518783774129e-06,0.547518783774129,0.0492920889259272
"48039664000",5.47518783774129e-06,0.547518783774129,0.0492920889259272
"48039664300",5.47518783774129e-06,0.547518783774129,0.0492920889259272
"48039664400",5.47518783774129e-06,0.547518783774129,0.0492920889259272
"13091960200",5.47566761292883e-06,0.547566761292883,0.049296408251932
"13091960400",5.47566761292883e-06,0.547566761292883,0.049296408251932
"17105960400",5.47693918585891e-06,0.547693918585891,0.049307855984467
"16015950203",5.48390402531985e-06,0.548390402531985,0.0493705591274892
"48449950100",5.4900477384361e-06,0.54900477384361,0.0494258698240783
"04013040502",5.49123615673172e-06,0.549123615673172,0.0494365689310395
"48407200103",5.49139500497421e-06,0.549139500497421,0.0494379990119658
"48407200104",5.49139500497421e-06,0.549139500497421,0.0494379990119658
"48407200105",5.49139500497421e-06,0.549139500497421,0.0494379990119658
"39019720100",5.4944819555632e-06,0.54944819555632,0.0494657902489885
"48349970600",5.5212883599154e-06,0.55212883599154,0.0497071232783331
"29041470300",5.5518054934115e-06,0.55518054934115,0.0499818633060058
"51177020404",5.554471106193e-06,0.5554471106193,0.0500058613177931
"51177020405",5.554471106193e-06,0.5554471106193,0.0500058613177931
"26035000100",5.56924548038469e-06,0.556924548038469,0.0501388722368819
"26051000400",5.56924548038469e-06,0.556924548038469,0.0501388722368819
"04021941401",5.57520247334816e-06,0.557520247334816,0.0501925019269653
"17061973600",5.57583872523807e-06,0.557583872523807,0.0501982299833656
"13087970700",5.57647038964557e-06,0.557647038964557,0.0502039167395224
"13201950100",5.57647038964557e-06,0.557647038964557,0.0502039167395224
"13201950200",5.57647038964557e-06,0.557647038964557,0.0502039167395224
"06007001602",5.59463745679951e-06,0.559463745679951,0.0503674714368612
"04003000303",5.60171650246296e-06,0.560171650246296,0.0504312027568989
"48471790103",5.61634185771401e-06,0.561634185771401,0.0505628720864219
"08047013802",5.6257981469426e-06,0.56257981469426,0.0506480052842918
"21119960400",5.62670626065526e-06,0.562670626065526,0.0506561808616794
"29013070400",5.63085381132024e-06,0.563085381132024,0.0506935204822115
"28091950600",5.63092969236405e-06,0.563092969236405,0.0506942036250132
"18117951800",5.65354280499014e-06,0.565354280499014,0.0508977852356337
"24041960800",5.65653079093432e-06,0.565653079093432,0.0509246855125255
"13039010500",5.6577846173778e-06,0.56577846173778,0.050935973476771
"19179960100",5.65790357647809e-06,0.565790357647809,0.0509370444432334
"19179960700",5.65790357647809e-06,0.565790357647809,0.0509370444432334
"39015951900",5.65891980663386e-06,0.565891980663386,0.0509461933726751
"34029980100",5.66024565691058e-06,0.566024565691058,0.0509581297539792
"35013001315",5.67584846199166e-06,0.567584846199166,0.0510985988809467
"06057000403",5.68319899047075e-06,0.568319899047075,0.0511647743098418
"06029006500",5.69218918064699e-06,0.569218918064699,0.0512457113053862
"28005950100",5.69652331431322e-06,0.569652331431322,0.0512847306976745
"28005950200",5.69652331431322e-06,0.569652331431322,0.0512847306976745
"28005950302",5.69652331431322e-06,0.569652331431322,0.0512847306976745
"28037950102",5.69652331431322e-06,0.569652331431322,0.0512847306976745
"28085950201",5.69652331431322e-06,0.569652331431322,0.0512847306976745
"28085950302",5.69652331431322e-06,0.569652331431322,0.0512847306976745
"06031980100",5.72955050623924e-06,0.572955050623924,0.0515820683104901
"12105012513",5.73364030403989e-06,0.573364030403989,0.0516188879928193
"48091310608",5.74003514938964e-06,0.574003514938964,0.0516764595857927
"53015001800",5.75698038339558e-06,0.575698038339558,0.0518290143485232
"53069950100",5.75698038339558e-06,0.575698038339558,0.0518290143485232
"53015001700",5.75698038339558e-06,0.575698038339558,0.0518290143485232
"06061022014",5.77216652892842e-06,0.577216652892842,0.0519657323677457
"06091010000",5.77216652892842e-06,0.577216652892842,0.0519657323677457
"34029980000",5.77947989488118e-06,0.577947989488118,0.0520315732293882
"04013723306",5.77978721888746e-06,0.577978721888746,0.0520343400097609
"28051950400",5.78014344371955e-06,0.578014344371955,0.0520375470350944
"39031960900",5.78994206772658e-06,0.578994206772658,0.0521257622087505
"13271950101",5.79044716811205e-06,0.579044716811205,0.0521303095327611
"13271950102",5.79044716811205e-06,0.579044716811205,0.0521303095327611
"13271950103",5.79044716811205e-06,0.579044716811205,0.0521303095327611
"48289950202",5.79624977770101e-06,0.579624977770101,0.052182549338287
"29071800401",5.79636862590582e-06,0.579636862590582,0.0521836193063783
"06093000100",5.81150808093689e-06,0.581150808093689,0.0523199169797727
"06093000200",5.81150808093689e-06,0.581150808093689,0.0523199169797727
"41035970300",5.81150808093689e-06,0.581150808093689,0.0523199169797727
"41035970400",5.81150808093689e-06,0.581150808093689,0.0523199169797727
"41035970600",5.81150808093689e-06,0.581150808093689,0.0523199169797727
"53031950502",5.81266938294239e-06,0.581266938294239,0.0523303719638612
"53031950602",5.81266938294239e-06,0.581266938294239,0.0523303719638612
"53031950604",5.81266938294239e-06,0.581266938294239,0.0523303719638612
"18175967400",5.81951757860387e-06,0.581951757860387,0.0523920249846399
"54093965200",5.82143762762257e-06,0.582143762762257,0.0524093108257428
"47129110500",5.82845141341545e-06,0.582845141341545,0.0524724546234089
"50025967900",5.83479370925748e-06,0.583479370925748,0.0525295531230229
"41071030501",5.83928964123555e-06,0.583928964123555,0.0525700291551584
"51077060202",5.84229667229734e-06,0.584229667229734,0.052597100891671
"45087030300",5.84336661283081e-06,0.584336661283081,0.0526067333655668
"45087030401",5.84336661283081e-06,0.584336661283081,0.0526067333655668
"45087030402",5.84336661283081e-06,0.584336661283081,0.0526067333655668
"45087030500",5.84336661283081e-06,0.584336661283081,0.0526067333655668
"47051960100",5.87905541312435e-06,0.587905541312435,0.0529280329391819
"41005980000",5.88656269939214e-06,0.588656269939214,0.05299561962904
"48493000102",5.894669313087e-06,0.5894669313087,0.0530686019512867
"06071012106",5.89661526747188e-06,0.589661526747188,0.0530861210135413
"19131560100",5.91282195678078e-06,0.591282195678078,0.0532320267969196
"45019002300",5.91737432965103e-06,0.591737432965103,0.0532730109558187
"48133950202",5.9182362488303e-06,0.59182362488303,0.0532807706524886
"18049953200",5.92318528231466e-06,0.592318528231466,0.0533253258724807
"47061955100",5.92359349727481e-06,0.592359349727481,0.0533290009551834
"47057500100",5.93380049684262e-06,0.593380049684262,0.0534208926573996
"41067031620",5.94369791854015e-06,0.594369791854015,0.0535099972881283
"17099963700",5.95226726156104e-06,0.595226726156104,0.0535871454756865
"48477170202",5.96283214441437e-06,0.596283214441437,0.0536822591339812
"12093910101",5.96290729392301e-06,0.596290729392301,0.053682935690909
"12093910602",5.96290729392301e-06,0.596290729392301,0.053682935690909
"54045956104",5.9700964859026e-06,0.59700964859026,0.0537476586375668
"54045956600",5.9700964859026e-06,0.59700964859026,0.0537476586375668
"54045956700",5.9700964859026e-06,0.59700964859026,0.0537476586375668
"54045956800",5.9700964859026e-06,0.59700964859026,0.0537476586375668
"54059957700",5.9700964859026e-06,0.59700964859026,0.0537476586375668
"54109003000",5.9700964859026e-06,0.59700964859026,0.0537476586375668
"18065975600",5.97487746952973e-06,0.597487746952973,0.0537907009362213
"13107970102",6.00097065328813e-06,0.600097065328813,0.0540256129743644
"13107970602",6.00097065328813e-06,0.600097065328813,0.0540256129743644
"47045964002",6.00380414011516e-06,0.600380414011516,0.0540511223246894
"47131965300",6.00380414011516e-06,0.600380414011516,0.0540511223246894
"06037900102",6.01177145954475e-06,0.601177145954475,0.0541228506067983
"06029005508",6.01177145954475e-06,0.601177145954475,0.0541228506067983
"06029005512",6.01177145954475e-06,0.601177145954475,0.0541228506067983
"06029005511",6.01177145954475e-06,0.601177145954475,0.0541228506067983
"13241970102",6.01445745529931e-06,0.601445745529931,0.0541470321226681
"13281960200",6.01445745529931e-06,0.601445745529931,0.0541470321226681
"13281960301",6.01445745529931e-06,0.601445745529931,0.0541470321226681
"13281960302",6.01445745529931e-06,0.601445745529931,0.0541470321226681
"37113970502",6.01445745529931e-06,0.601445745529931,0.0541470321226681
"13281960100",6.01445745529931e-06,0.601445745529931,0.0541470321226681
"37113970302",6.01445745529931e-06,0.601445745529931,0.0541470321226681
"37113970303",6.01445745529931e-06,0.601445745529931,0.0541470321226681
"37113970304",6.01445745529931e-06,0.601445745529931,0.0541470321226681
"37113970400",6.01445745529931e-06,0.601445745529931,0.0541470321226681
"37113970600",6.01445745529931e-06,0.601445745529931,0.0541470321226681
"37113970700",6.01445745529931e-06,0.601445745529931,0.0541470321226681
"48057000100",6.01533281237781e-06,0.601533281237781,0.0541549127982237
"48057000200",6.01533281237781e-06,0.601533281237781,0.0541549127982237
"48057000402",6.01533281237781e-06,0.601533281237781,0.0541549127982237
"48123970300",6.01533281237781e-06,0.601533281237781,0.0541549127982237
"48239950200",6.01533281237781e-06,0.601533281237781,0.0541549127982237
"48239950300",6.01533281237781e-06,0.601533281237781,0.0541549127982237
"48469000800",6.01533281237781e-06,0.601533281237781,0.0541549127982237
"48469001300",6.01533281237781e-06,0.601533281237781,0.0541549127982237
"48469001401",6.01533281237781e-06,0.601533281237781,0.0541549127982237
"48469001402",6.01533281237781e-06,0.601533281237781,0.0541549127982237
"48469001501",6.01533281237781e-06,0.601533281237781,0.0541549127982237
"48469001607",6.01533281237781e-06,0.601533281237781,0.0541549127982237
"48469001700",6.01533281237781e-06,0.601533281237781,0.0541549127982237
"01121011501",6.02961371442701e-06,0.602961371442701,0.0542834810801919
"27005450100",6.03956053618384e-06,0.603956053618384,0.0543730304503867
"27005940000",6.03956053618384e-06,0.603956053618384,0.0543730304503867
"27087940100",6.03956053618384e-06,0.603956053618384,0.0543730304503867
"26085960100",6.05736278904557e-06,0.605736278904557,0.0545333007930941
"26101000600",6.05736278904557e-06,0.605736278904557,0.0545333007930941
"50025967500",6.06426303019324e-06,0.606426303019324,0.054595422369621
"28047003506",6.0685326249395e-06,0.60685326249395,0.0546338607301206
"04013980700",6.0691419411041e-06,0.60691419411041,0.0546393462892393
"50025967400",6.07610929202757e-06,0.607610929202757,0.0547020720424875
"23025966400",6.08501030619599e-06,0.608501030619599,0.0547822062031635
"37099950600",6.10131223469026e-06,0.610131223469026,0.0549289694070603
"35013001501",6.10286426758675e-06,0.610286426758675,0.0549429420680569
"12017450502",6.10314526796165e-06,0.610314526796165,0.0549454718617148
"53077003003",6.10564571999017e-06,0.610564571999017,0.0549679829622281
"53077003004",6.10564571999017e-06,0.610564571999017,0.0549679829622281
"51047930103",6.12816026938757e-06,0.612816026938757,0.0551706772265918
"51061930204",6.12816026938757e-06,0.612816026938757,0.0551706772265918
"21053970203",6.12985258827411e-06,0.612985258827411,0.0551859128560384
"29039870101",6.14479359112422e-06,0.614479359112422,0.0553204239016784
"29059480301",6.14479359112422e-06,0.614479359112422,0.0553204239016784
"29085470502",6.14479359112422e-06,0.614479359112422,0.0553204239016784
"12105015900",6.14577614721931e-06,0.614577614721931,0.0553292696698693
"55047100500",6.16311037889677e-06,0.616311037889677,0.0554853265056582
"55077960200",6.16311037889677e-06,0.616311037889677,0.0554853265056582
"13303950300",6.16782656380239e-06,0.616782656380239,0.0555277854335796
"22007050202",6.16994928195087e-06,0.616994928195087,0.0555468958668361
"27065480400",6.17987045310989e-06,0.617987045310989,0.055636214309511
"05001480300",6.18400907116753e-06,0.618400907116753,0.055673473511455
"05001480400",6.18400907116753e-06,0.618400907116753,0.055673473511455
"05001480500",6.18400907116753e-06,0.618400907116753,0.055673473511455
"05041950200",6.18400907116753e-06,0.618400907116753,0.055673473511455
"05043490300",6.18400907116753e-06,0.618400907116753,0.055673473511455
"05043490400",6.18400907116753e-06,0.618400907116753,0.055673473511455
"05079960300",6.18400907116753e-06,0.618400907116753,0.055673473511455
"05117460100",6.1892549342424e-06,0.61892549342424,0.0557207010325634
"36017970201",6.19995956072553e-06,0.619995956072553,0.0558170727765405
"36017970202",6.19995956072553e-06,0.619995956072553,0.0558170727765405
"48501950100",6.22508319318951e-06,0.622508319318951,0.0560432561262734
"42031160701",6.23450455316258e-06,0.623450455316258,0.0561280748626087
"17047957000",6.23719173873818e-06,0.623719173873818,0.0561522670902141
"12083000401",6.248115760703e-06,0.6248115760703,0.056250614010553
"48373210204",6.25529277860358e-06,0.625529277860358,0.0563152273562613
"35039940700",6.25592180733569e-06,0.625592180733569,0.0563208903839271
"35039940800",6.25592180733569e-06,0.625592180733569,0.0563208903839271
"35049010102",6.25592180733569e-06,0.625592180733569,0.0563208903839271
"35049940300",6.25592180733569e-06,0.625592180733569,0.0563208903839271
"35049940500",6.25592180733569e-06,0.625592180733569,0.0563208903839271
"35049940900",6.25592180733569e-06,0.625592180733569,0.0563208903839271
"17057953200",6.2623992684615e-06,0.62623992684615,0.0563792057512331
"37131920402",6.26797047605208e-06,0.626797047605208,0.05642936228798
"51025930202",6.26797047605208e-06,0.626797047605208,0.05642936228798
"51025930203",6.26797047605208e-06,0.626797047605208,0.05642936228798
"51025930301",6.26797047605208e-06,0.626797047605208,0.05642936228798
"51025930302",6.26797047605208e-06,0.626797047605208,0.05642936228798
"18009975400",6.26961133217514e-06,0.626961133217514,0.0564441346078217
"18135951500",6.26961133217514e-06,0.626961133217514,0.0564441346078217
"36035970500",6.28504798457514e-06,0.628504798457514,0.0565831078933726
"08029964700",6.29118767837076e-06,0.629118767837076,0.0566383824047721
"08029965002",6.29118767837076e-06,0.629118767837076,0.0566383824047721
"08029965201",6.29118767837076e-06,0.629118767837076,0.0566383824047721
"08029965202",6.29118767837076e-06,0.629118767837076,0.0566383824047721
"08091967602",6.29118767837076e-06,0.629118767837076,0.0566383824047721
"04021001600",6.29724843693051e-06,0.629724843693051,0.0566929462770518
"22041950100",6.30878746743645e-06,0.630878746743645,0.0567968300039072
"28013950500",6.32775273681007e-06,0.632775273681007,0.0569675707660825
"28007060200",6.32775273681007e-06,0.632775273681007,0.0569675707660825
"48143950203",6.3467384549376e-06,0.63467384549376,0.0571384956245529
"48143950401",6.3467384549376e-06,0.63467384549376,0.0571384956245529
"48143950402",6.3467384549376e-06,0.63467384549376,0.0571384956245529
"21147960200",6.34798062825068e-06,0.634798062825068,0.0571496786778515
"31129960000",6.3487886698418e-06,0.63487886698418,0.0571569533247031
"31181965100",6.3487886698418e-06,0.63487886698418,0.0571569533247031
"40099790600",6.36567853155745e-06,0.636567853155745,0.0573090095810922
"13315960200",6.37641372541105e-06,0.637641372541105,0.057405656517371
"27065480300",6.38387403442032e-06,0.638387403442032,0.0574728202797839
"48117950300",6.3844794754675e-06,0.63844794754675,0.0574782709519474
"48117950400",6.3844794754675e-06,0.63844794754675,0.0574782709519474
"48117950500",6.3844794754675e-06,0.63844794754675,0.0574782709519474
"48117950600",6.3844794754675e-06,0.63844794754675,0.0574782709519474
"48437950200",6.3844794754675e-06,0.63844794754675,0.0574782709519474
"48437950300",6.3844794754675e-06,0.63844794754675,0.0574782709519474
"48011950100",6.3844794754675e-06,0.63844794754675,0.0574782709519474
"48065950200",6.3844794754675e-06,0.63844794754675,0.0574782709519474
"48341950202",6.3844794754675e-06,0.63844794754675,0.0574782709519474
"48341950301",6.3844794754675e-06,0.63844794754675,0.0574782709519474
"48341950302",6.3844794754675e-06,0.63844794754675,0.0574782709519474
"48341950400",6.3844794754675e-06,0.63844794754675,0.0574782709519474
"48359950100",6.3844794754675e-06,0.63844794754675,0.0574782709519474
"47003950401",6.39177073062848e-06,0.639177073062848,0.0575439127542796
"47003950402",6.39177073062848e-06,0.639177073062848,0.0575439127542796
"47003950500",6.39177073062848e-06,0.639177073062848,0.0575439127542796
"47003950600",6.39177073062848e-06,0.639177073062848,0.0575439127542796
"53025011404",6.39724493521666e-06,0.639724493521666,0.0575931959911942
"53037975201",6.39724493521666e-06,0.639724493521666,0.0575931959911942
"04021941402",6.4097701388315e-06,0.64097701388315,0.0577059580495371
"55115100900",6.41695787667655e-06,0.641695787667655,0.0577706679048945
"48291700801",6.41921152802012e-06,0.641921152802012,0.0577909571051425
"12087970500",6.43178705429376e-06,0.643178705429376,0.0579041722089418
"22053000100",6.43951815711731e-06,0.643951815711731,0.0579737738772621
"33003955902",6.44363731813202e-06,0.644363731813202,0.0580108579110988
"44009990100",6.44917934922398e-06,0.644917934922398,0.0580607517773023
"31083964200",6.45795944519767e-06,0.645795944519767,0.0581397973341561
"22003950501",6.46810994960127e-06,0.646810994960127,0.0582311804210077
"21175950400",6.46899581108297e-06,0.646899581108297,0.0582391556657346
"55137960201",6.46971778058143e-06,0.646971778058143,0.0582456554216836
"01047957000",6.48437611967456e-06,0.648437611967456,0.0583776216985489
"01105686800",6.48437611967456e-06,0.648437611967456,0.0583776216985489
"01105687001",6.48437611967456e-06,0.648437611967456,0.0583776216985489
"01105687002",6.48437611967456e-06,0.648437611967456,0.0583776216985489
"01105687100",6.48437611967456e-06,0.648437611967456,0.0583776216985489
"01095030102",6.50860769556781e-06,0.650860769556781,0.0585957740303305
"53031950603",6.51033191804314e-06,0.651033191804314,0.0586112968818017
"22031950700",6.51187529761772e-06,0.651187529761772,0.0586251916385646
"48231961503",6.51251347508937e-06,0.651251347508937,0.058630937030616
"06107002702",6.51544143613619e-06,0.651544143613619,0.0586572969146179
"37175960403",6.52343753771934e-06,0.652343753771934,0.0587292843170556
"37175960601",6.52343753771934e-06,0.652343753771934,0.0587292843170556
"37175960602",6.52343753771934e-06,0.652343753771934,0.0587292843170556
"17025971900",6.52834847594872e-06,0.652834847594872,0.058773496572614
"17079977400",6.52834847594872e-06,0.652834847594872,0.058773496572614
"45041001901",6.5291105569806e-06,0.65291105569806,0.0587803574451731
"06047000503",6.54298983597738e-06,0.654298983597738,0.0589053099901472
"48143950501",6.55292178081093e-06,0.655292178081093,0.0589947254261927
"48143950502",6.55292178081093e-06,0.655292178081093,0.0589947254261927
"55065970100",6.56556779944679e-06,0.656556779944679,0.0591085751595043
"55065970200",6.56556779944679e-06,0.656556779944679,0.0591085751595043
"19123950400",6.56596078279499e-06,0.656596078279499,0.0591121131148622
"19123950500",6.56596078279499e-06,0.656596078279499,0.0591121131148622
"19123950600",6.56596078279499e-06,0.656596078279499,0.0591121131148622
"19123950700",6.56596078279499e-06,0.656596078279499,0.0591121131148622
"48367140415",6.5685741965125e-06,0.65685741965125,0.0591356411882693
"06073020711",6.58510605553135e-06,0.658510605553135,0.0592844744135425
"26087332500",6.59982669347352e-06,0.659982669347352,0.0594170015552581
"51047930400",6.60531751267954e-06,0.660531751267954,0.0594664343704601
"40049681200",6.61490559865396e-06,0.661490559865396,0.0595527541097068
"40049681300",6.61490559865396e-06,0.661490559865396,0.0595527541097068
"42105950500",6.62207089696487e-06,0.662207089696487,0.0596172619461481
"17027900404",6.62559889668856e-06,0.662559889668856,0.0596490238657871
"41047010501",6.62646352946735e-06,0.662646352946735,0.0596568079924844
"18139974100",6.63559447608238e-06,0.663559447608238,0.0597390121918405
"48251130502",6.63849525814739e-06,0.663849525814739,0.0597651273885681
"13069010200",6.6405530739175e-06,0.66405530739175,0.0597836535178881
"13069010801",6.6405530739175e-06,0.66405530739175,0.0597836535178881
"13161960300",6.6405530739175e-06,0.66405530739175,0.0597836535178881
"45053950100",6.66071102209136e-06,0.666071102209136,0.0599651317435484
"12023110300",6.66842360178579e-06,0.666842360178579,0.0600345666516123
"01059973100",6.66944160801684e-06,0.666944160801684,0.0600437315707266
"01059973300",6.66944160801684e-06,0.666944160801684,0.0600437315707266
"36103200906",6.68002831144029e-06,0.668002831144029,0.0601390416755204
"36103201006",6.68002831144029e-06,0.668002831144029,0.0601390416755204
"36103201009",6.68002831144029e-06,0.668002831144029,0.0601390416755204
"01005950300",6.68599282228219e-06,0.668599282228219,0.0601927390476529
"01005950400",6.68599282228219e-06,0.668599282228219,0.0601927390476529
"01031010200",6.68599282228219e-06,0.668599282228219,0.0601927390476529
"01109188600",6.68599282228219e-06,0.668599282228219,0.0601927390476529
"01109188800",6.68599282228219e-06,0.668599282228219,0.0601927390476529
"35013001308",6.69293826567704e-06,0.669293826567704,0.0602552675715309
"13111050400",6.70078735509519e-06,0.670078735509519,0.0603259314510275
"01127020802",6.70722500140949e-06,0.670722500140949,0.060383888373055
"16017950702",6.71336487839898e-06,0.671336487839898,0.0604391645337146
"48477170300",6.71835882128466e-06,0.671835882128466,0.0604841240646215
"21065920100",6.72245911344007e-06,0.672245911344007,0.0605210382256578
"21065920202",6.72245911344007e-06,0.672245911344007,0.0605210382256578
"21065920400",6.72245911344007e-06,0.672245911344007,0.0605210382256578
"24017850500",6.72991506094235e-06,0.672991506094235,0.0605881627222415
"47169090100",6.73670332115465e-06,0.673670332115465,0.0606492761554155
"17099961702",6.74011285715582e-06,0.674011285715582,0.0606799715683852
"47007953101",6.74152221401527e-06,0.674152221401527,0.0606926597437872
"48387950502",6.74782176496385e-06,0.674782176496385,0.0607493734191447
"26035000800",6.75726340982285e-06,0.675726340982285,0.0608343747765024
"26035000900",6.75726340982285e-06,0.675726340982285,0.0608343747765024
"26035001302",6.75726340982285e-06,0.675726340982285,0.0608343747765024
"48039662600",6.77446975680012e-06,0.677446975680012,0.0609892802903275
"39031961100",6.77920619518355e-06,0.677920619518355,0.06103192155651
"17015960600",6.7836657287666e-06,0.67836657287666,0.0610720699007236
"36025971100",6.78574445913399e-06,0.678574445913399,0.0610907843202392
"36025971200",6.78574445913399e-06,0.678574445913399,0.0610907843202392
"47125101701",6.78728275803361e-06,0.678728275803361,0.0611046333366386
"13167960202",6.78916922863114e-06,0.678916922863114,0.0611216168775153
"13175950300",6.78916922863114e-06,0.678916922863114,0.0611216168775153
"06037920050",6.79521206121432e-06,0.679521206121432,0.0611760193655909
"45091061900",6.80020311338483e-06,0.680020311338483,0.0612209528719315
"48003950400",6.80157607015834e-06,0.680157607015834,0.0612333133441886
"51035080604",6.80436177224957e-06,0.680436177224957,0.061258392497502
"21083020400",6.80500550092553e-06,0.680500550092553,0.0612641878660044
"19105070500",6.81261791827776e-06,0.681261791827776,0.0613327210312925
"37069060701",6.81682053522632e-06,0.681682053522632,0.0613705564032449
"27025110100",6.81996587492932e-06,0.681996587492932,0.0613988733065069
"13049010101",6.82699771099376e-06,0.682699771099376,0.0614621796073814
"53045960301",6.83295571615743e-06,0.683295571615743,0.0615158184101133
"48427950104",6.84178274645876e-06,0.684178274645876,0.0615952865079137
"48427950108",6.84178274645876e-06,0.684178274645876,0.0615952865079137
"48427950204",6.84178274645876e-06,0.684178274645876,0.0615952865079137
"48427950601",6.84178274645876e-06,0.684178274645876,0.0615952865079137
"53041971800",6.84630455670117e-06,0.684630455670117,0.0616359955172081
"21105970100",6.85459060193491e-06,0.685459060193491,0.0617105932279369
"48367140504",6.85524689140172e-06,0.685524689140172,0.0617165016788829
"39073965000",6.85564640501502e-06,0.685564640501502,0.0617200984249923
"48187210506",6.85646619758961e-06,0.685646619758961,0.0617274788637435
"51037930200",6.86430081221376e-06,0.686430081221376,0.0617980124293852
"13147960501",6.86438098937376e-06,0.686438098937376,0.0617987342493149
"48143950201",6.86463567006399e-06,0.686463567006399,0.0618010270917895
"48143950600",6.86463567006399e-06,0.686463567006399,0.0618010270917895
"21221970302",6.86599249134269e-06,0.686599249134269,0.061813242299214
"01049961000",6.9095619420736e-06,0.69095619420736,0.0622054898902606
"47031970804",6.91615598886466e-06,0.691615598886466,0.0622648548564388
"47051960202",6.91615598886466e-06,0.691615598886466,0.0622648548564388
"35006974201",6.91955312985622e-06,0.691955312985622,0.0622954386794623
"35006974202",6.91955312985622e-06,0.691955312985622,0.0622954386794623
"35031943602",6.91955312985622e-06,0.691955312985622,0.0622954386794623
"35031946003",6.91955312985622e-06,0.691955312985622,0.0622954386794623
"06083001911",6.92104810789882e-06,0.692104810789882,0.0623088976863132
"26151971200",6.92795363497327e-06,0.692795363497327,0.0623710668510472
"19171290300",6.93004235508388e-06,0.693004235508388,0.0623898712063469
"19021960200",6.93984581246473e-06,0.693984581246473,0.0624781298939608
"19021960400",6.93984581246473e-06,0.693984581246473,0.0624781298939608
"19021960500",6.93984581246473e-06,0.693984581246473,0.0624781298939608
"19021960600",6.93984581246473e-06,0.693984581246473,0.0624781298939608
"19021960100",6.93984581246473e-06,0.693984581246473,0.0624781298939608
"19151780100",6.93984581246473e-06,0.693984581246473,0.0624781298939608
"06107003202",6.9530193317361e-06,0.69530193317361,0.0625967286165317
"13123080100",6.96325150713243e-06,0.696325150713243,0.0626888469720089
"45057010202",6.96624980819412e-06,0.696624980819412,0.0627158401139685
"06025010101",6.9670437147344e-06,0.69670437147344,0.0627229875056091
"06025010102",6.9670437147344e-06,0.69670437147344,0.0627229875056091
"36017970101",6.97090546019317e-06,0.697090546019317,0.0627577540754884
"17099963000",6.98012718226914e-06,0.698012718226914,0.0628407755092894
"47071920200",6.98884931125903e-06,0.698884931125903,0.0629192992002629
"47071920300",6.98884931125903e-06,0.698884931125903,0.0629192992002629
"47071920401",6.98884931125903e-06,0.698884931125903,0.0629192992002629
"47071920402",6.98884931125903e-06,0.698884931125903,0.0629192992002629
"47109930100",6.98884931125903e-06,0.698884931125903,0.0629192992002629
"40051000702",6.9950982514345e-06,0.69950982514345,0.062975557236325
"01021060500",6.99664952355304e-06,0.699664952355304,0.0629895230481805
"48099010102",7.00146705387072e-06,0.700146705387072,0.0630328943698337
"36103200904",7.00173094090416e-06,0.700173094090416,0.063035270095289
"36103201005",7.00173094090416e-06,0.700173094090416,0.063035270095289
"48315950200",7.00433067809721e-06,0.700433067809721,0.0630586750415121
"36031961300",7.00947153965229e-06,0.700947153965229,0.0631049572536368
"36113074000",7.00947153965229e-06,0.700947153965229,0.0631049572536368
"36113076000",7.00947153965229e-06,0.700947153965229,0.0631049572536368
"39029951200",7.01103988477767e-06,0.701103988477767,0.0631190767705699
"48251130604",7.02739140135274e-06,0.702739140135274,0.0632662864066551
"12019031105",7.02884681058882e-06,0.702884681058882,0.0632793891829643
"48315950100",7.03855650400982e-06,0.703855650400982,0.0633668037312382
"55047100600",7.04235892271266e-06,0.704235892271266,0.0634010361934639
"21011970100",7.04577127478495e-06,0.704577127478495,0.0634317569589936
"21173920400",7.04577127478495e-06,0.704577127478495,0.0634317569589936
"21173920500",7.04577127478495e-06,0.704577127478495,0.0634317569589936
"13031110100",7.06160004426966e-06,0.706160004426966,0.0635742604010947
"13031110703",7.06160004426966e-06,0.706160004426966,0.0635742604010947
"13043950100",7.06160004426966e-06,0.706160004426966,0.0635742604010947
"13043950300",7.06160004426966e-06,0.706160004426966,0.0635742604010947
"13109970200",7.06160004426966e-06,0.706160004426966,0.0635742604010947
"13251970600",7.06160004426966e-06,0.706160004426966,0.0635742604010947
"27137011401",7.06367833900977e-06,0.706367833900977,0.0635929708987396
"27137014000",7.06367833900977e-06,0.706367833900977,0.0635929708987396
"27137014100",7.06367833900977e-06,0.706367833900977,0.0635929708987396
"27137015300",7.06367833900977e-06,0.706367833900977,0.0635929708987396
"27137015501",7.06367833900977e-06,0.706367833900977,0.0635929708987396
"22069000400",7.06424009024203e-06,0.706424009024203,0.0635980282396959
"22069000500",7.06424009024203e-06,0.706424009024203,0.0635980282396959
"22069000800",7.06424009024203e-06,0.706424009024203,0.0635980282396959
"42105950102",7.06729904490653e-06,0.706729904490653,0.0636255674346626
"26005031002",7.08471227148814e-06,0.708471227148814,0.0637823354467537
"05065960400",7.08659411540716e-06,0.708659411540716,0.0637992773345117
"05075470300",7.08659411540716e-06,0.708659411540716,0.0637992773345117
"05137950201",7.08659411540716e-06,0.708659411540716,0.0637992773345117
"48231961600",7.08937811098753e-06,0.708937811098753,0.0638243411244279
"51143010100",7.10149879858453e-06,0.710149879858453,0.0639334614009518
"13147960102",7.11336167081769e-06,0.711336167081769,0.0640402606141227
"35013001313",7.11995407127212e-06,0.711995407127212,0.0640996107586411
"36009940000",7.13475363620166e-06,0.713475363620166,0.0642328484652168
"22019002401",7.13738238293577e-06,0.713738238293577,0.0642565145788958
"22019002402",7.13738238293577e-06,0.713738238293577,0.0642565145788958
"22023970203",7.13738238293577e-06,0.713738238293577,0.0642565145788958
"39075976600",7.14233013746326e-06,0.714233013746326,0.0643010582846791
"13317010301",7.14601623825272e-06,0.714601623825272,0.0643342435585525
"48251130603",7.15639247327378e-06,0.715639247327378,0.0644276588558047
"13091960301",7.16112598474659e-06,0.716112598474659,0.06447027377156
"39039958200",7.16218236994483e-06,0.716218236994483,0.0644797842093157
"31175971300",7.17315750179474e-06,0.717315750179474,0.0645785912623615
"31175971400",7.17315750179474e-06,0.717315750179474,0.0645785912623615
"31183973600",7.17315750179474e-06,0.717315750179474,0.0645785912623615
"06037980003",7.18140189845692e-06,0.718140189845692,0.0646528140188141
"48037011602",7.18205412298358e-06,0.718205412298358,0.0646586858738665
"51061930205",7.18216237078848e-06,0.718216237078848,0.0646596604085461
"25005990000",7.18911514180669e-06,0.718911514180669,0.0647222549016425
"21229930300",7.19687656565325e-06,0.719687656565325,0.0647921295444446
"39067975700",7.20279887352525e-06,0.720279887352525,0.0648454469711566
"05083950200",7.21692758811702e-06,0.721692758811702,0.0649726451379969
"01043965700",7.22304349564385e-06,0.722304349564385,0.0650277055060809
"06079010301",7.23492700419001e-06,0.723492700419001,0.0651346905041063
"48497150403",7.25183682859809e-06,0.725183682859809,0.0652869264808703
"27059130100",7.27385201005734e-06,0.727385201005734,0.0654851250293711
"06003010000",7.27624875045835e-06,0.727624875045835,0.0655067024335589
"40121486000",7.29154833410674e-06,0.729154833410674,0.065644441714854
"40121486100",7.29154833410674e-06,0.729154833410674,0.065644441714854
"40121486200",7.29154833410674e-06,0.729154833410674,0.065644441714854
"40121486300",7.29154833410674e-06,0.729154833410674,0.065644441714854
"40121486400",7.29154833410674e-06,0.729154833410674,0.065644441714854
"40121486500",7.29154833410674e-06,0.729154833410674,0.065644441714854
"40121486600",7.29154833410674e-06,0.729154833410674,0.065644441714854
"40091779601",7.29154833410674e-06,0.729154833410674,0.065644441714854
"40091780200",7.29154833410674e-06,0.729154833410674,0.065644441714854
"40091780302",7.29154833410674e-06,0.729154833410674,0.065644441714854
"40091779602",7.29154833410674e-06,0.729154833410674,0.065644441714854
"40091780301",7.29154833410674e-06,0.729154833410674,0.065644441714854
"26031960402",7.29310895379147e-06,0.729310895379147,0.0656584916810942
"26031990000",7.29310895379147e-06,0.729310895379147,0.0656584916810942
"26031960401",7.29310895379147e-06,0.729310895379147,0.0656584916810942
"26047970100",7.29310895379147e-06,0.729310895379147,0.0656584916810942
"26097950200",7.29310895379147e-06,0.729310895379147,0.0656584916810942
"48291700400",7.29791165770306e-06,0.729791165770306,0.0657017295233949
"55077960500",7.30021002243861e-06,0.730021002243861,0.0657224212699224
"55111000901",7.30021002243861e-06,0.730021002243861,0.0657224212699224
"55123960100",7.30021002243861e-06,0.730021002243861,0.0657224212699224
"17063000600",7.30144807501853e-06,0.730144807501853,0.0657335672250335
"21171930100",7.31682331472043e-06,0.731682331472043,0.0658719876235849
"13001950500",7.31838193926361e-06,0.731838193926361,0.06588601962794
"13003960300",7.31838193926361e-06,0.731838193926361,0.06588601962794
"13005970100",7.31838193926361e-06,0.731838193926361,0.06588601962794
"13005970201",7.31838193926361e-06,0.731838193926361,0.06588601962794
"47153060200",7.32043678514621e-06,0.732043678514621,0.06590451901992
"49029970200",7.32642329964584e-06,0.732642329964584,0.065958414486855
"29061470100",7.34242843769371e-06,0.734242843769371,0.0661025057420425
"01111000300",7.34294366132661e-06,0.734294366132661,0.0661071442037505
"19035080101",7.34713294154224e-06,0.734713294154224,0.0661448595075984
"19035080102",7.34713294154224e-06,0.734713294154224,0.0661448595075984
"19167070300",7.34713294154224e-06,0.734713294154224,0.0661448595075984
"45049920401",7.36169269588768e-06,0.736169269588768,0.0662759382444753
"45005970202",7.36169269588768e-06,0.736169269588768,0.0662759382444753
"45005970500",7.36169269588768e-06,0.736169269588768,0.0662759382444753
"45011970402",7.36169269588768e-06,0.736169269588768,0.0662759382444753
"45011970500",7.36169269588768e-06,0.736169269588768,0.0662759382444753
"45049920100",7.36169269588768e-06,0.736169269588768,0.0662759382444753
"51183870202",7.36483535781344e-06,0.736483535781344,0.0663042310402112
"06053011303",7.37364173844181e-06,0.737364173844181,0.0663835132328799
"21231920101",7.38919103646974e-06,0.738919103646974,0.0665235006458861
"21231920401",7.38919103646974e-06,0.738919103646974,0.0665235006458861
"21231920702",7.38919103646974e-06,0.738919103646974,0.0665235006458861
"17099963500",7.3908057987133e-06,0.73908057987133,0.066538038047426
"17061974000",7.39487798814496e-06,0.739487798814496,0.0665746992049127
"37139960702",7.39931720745102e-06,0.739931720745102,0.0666146646635017
"51047930203",7.41858649387819e-06,0.741858649387819,0.0667881424341746
"06107003402",7.4206534207114e-06,0.74206534207114,0.0668067505886865
"06107003902",7.4206534207114e-06,0.74206534207114,0.0668067505886865
"06107004000",7.4206534207114e-06,0.74206534207114,0.0668067505886865
"35013001204",7.42093583101711e-06,0.742093583101711,0.0668092930756869
"08093000200",7.42286862295014e-06,0.742286862295014,0.066826693638857
"39031961600",7.4494247302619e-06,0.74494247302619,0.0670657732909037
"39031961700",7.4494247302619e-06,0.74494247302619,0.0670657732909037
"23007971400",7.46273817517861e-06,0.746273817517861,0.0671856317378087
"23005013001",7.46273817517861e-06,0.746273817517861,0.0671856317378087
"23017966100",7.46273817517861e-06,0.746273817517861,0.0671856317378087
"23017966401",7.46273817517861e-06,0.746273817517861,0.0671856317378087
"48213950500",7.46935180580624e-06,0.746935180580624,0.0672451730135935
"53077940003",7.47136180861374e-06,0.747136180861374,0.0672632686917811
"49003960200",7.49595700378104e-06,0.749595700378104,0.0674846946196699
"21033920100",7.49610523307158e-06,0.749610523307158,0.0674860291001639
"21177960800",7.49610523307158e-06,0.749610523307158,0.0674860291001639
"06071011602",7.50003060184084e-06,0.750003060184084,0.0675213684587714
"51047930300",7.52944770484354e-06,0.752944770484354,0.0677862051182842
"39157021400",7.54465980283298e-06,0.754465980283298,0.0679231567826046
"47005963200",7.55972935351646e-06,0.755972935351646,0.0680588251202721
"47017962000",7.55972935351646e-06,0.755972935351646,0.0680588251202721
"05041950300",7.56262625578309e-06,0.756262625578309,0.0680849053879028
"05069000102",7.56262625578309e-06,0.756262625578309,0.0680849053879028
"18029080700",7.56651904189386e-06,0.756651904189386,0.0681199514109486
"55021970100",7.58096123936523e-06,0.758096123936523,0.0682499718053426
"50025968100",7.59020690209169e-06,0.759020690209169,0.0683332087723286
"40071000201",7.60934852339821e-06,0.760934852339821,0.068505537197871
"40071000400",7.60934852339821e-06,0.760934852339821,0.068505537197871
"40071000600",7.60934852339821e-06,0.760934852339821,0.068505537197871
"40117957400",7.60934852339821e-06,0.760934852339821,0.068505537197871
"35049010204",7.62685170892326e-06,0.762685170892326,0.0686631150934531
"35049010205",7.62685170892326e-06,0.762685170892326,0.0686631150934531
"35049010602",7.62685170892326e-06,0.762685170892326,0.0686631150934531
"35049940600",7.62685170892326e-06,0.762685170892326,0.0686631150934531
"19171290600",7.63212787214533e-06,0.763212787214533,0.0687106154011023
"28051950200",7.63304672699239e-06,0.763304672699239,0.0687188876789079
"06047001007",7.63592688637484e-06,0.763592688637484,0.0687448172134933
"24017990000",7.63910911094399e-06,0.763910911094399,0.0687734661842854
"06069000802",7.64294905119988e-06,0.764294905119988,0.068808036446014
"01109189102",7.64556858951308e-06,0.764556858951308,0.068831619658007
"37123960302",7.64890397992554e-06,0.764890397992554,0.0688616475521516
"45087030200",7.65388546065212e-06,0.765388546065212,0.0689064948885781
"51067020600",7.65623385821472e-06,0.765623385821472,0.0689276370712611
"42031160702",7.660514773168e-06,0.7660514773168,0.0689661773454608
"17057953000",7.66058902923908e-06,0.766058902923908,0.0689668458589379
"35031945702",7.66136737784249e-06,0.766136737784249,0.0689738531853916
"47047060502",7.66163777255812e-06,0.766163777255812,0.0689762874982888
"54001965700",7.67934802174244e-06,0.767934802174244,0.0691357295491489
"42083421200",7.71073037680389e-06,0.771073037680389,0.0694182590042538
"42083421100",7.71073037680389e-06,0.771073037680389,0.0694182590042538
"53029971700",7.71664876706167e-06,0.771664876706167,0.06947154116142
"26109960400",7.72667085167601e-06,0.772667085167601,0.0695617681090012
"55075960900",7.72667085167601e-06,0.772667085167601,0.0695617681090012
"55075961000",7.72667085167601e-06,0.772667085167601,0.0695617681090012
"22053000401",7.74198994426811e-06,0.774198994426811,0.0696996830256565
"40041375902",7.76053745016121e-06,0.776053745016121,0.0698666627415915
"08065961701",7.76350887846999e-06,0.776350887846999,0.0698934139531981
"08065961702",7.76350887846999e-06,0.776350887846999,0.0698934139531981
"08065961900",7.76350887846999e-06,0.776350887846999,0.0698934139531981
"08093000300",7.76350887846999e-06,0.776350887846999,0.0698934139531981
"08037000501",7.76350887846999e-06,0.776350887846999,0.0698934139531981
"08037000502",7.76350887846999e-06,0.776350887846999,0.0698934139531981
"08037000600",7.76350887846999e-06,0.776350887846999,0.0698934139531981
"08037000701",7.76350887846999e-06,0.776350887846999,0.0698934139531981
"08037000702",7.76350887846999e-06,0.776350887846999,0.0698934139531981
"08037000703",7.76350887846999e-06,0.776350887846999,0.0698934139531981
"48419950200",7.76425710471511e-06,0.776425710471511,0.0699001500937113
"48419950401",7.76425710471511e-06,0.776425710471511,0.0699001500937113
"48419950500",7.76425710471511e-06,0.776425710471511,0.0699001500937113
"26059051200",7.76565087954157e-06,0.776565087954157,0.0699126979869936
"35061971301",7.77592381534321e-06,0.777592381534321,0.070005183300753
"01041963700",7.78091413263557e-06,0.778091413263557,0.0700501101911234
"01041963900",7.78091413263557e-06,0.778091413263557,0.0700501101911234
"01013953300",7.78091413263557e-06,0.778091413263557,0.0700501101911234
"01013953400",7.78091413263557e-06,0.778091413263557,0.0700501101911234
"01013953500",7.78091413263557e-06,0.778091413263557,0.0700501101911234
"01035960500",7.78091413263557e-06,0.778091413263557,0.0700501101911234
"01035960600",7.78091413263557e-06,0.778091413263557,0.0700501101911234
"48367140503",7.78977966863606e-06,0.778977966863606,0.0701299249485094
"47041920300",7.79261755067455e-06,0.779261755067455,0.0701554738680986
"17073031000",7.79943369049026e-06,0.779943369049026,0.0702168382961118
"13109970100",7.82314167768444e-06,0.782314167768444,0.070430276857064
"13109970300",7.82314167768444e-06,0.782314167768444,0.070430276857064
"13251970500",7.82314167768444e-06,0.782314167768444,0.070430276857064
"39171950500",7.82409478114116e-06,0.782409478114116,0.070438857468677
"36035970100",7.83031921888696e-06,0.783031921888696,0.0704948949139615
"28077960200",7.83054627500323e-06,0.783054627500323,0.0704969390575793
"37193960401",7.83064813463154e-06,0.783064813463154,0.0704978560807035
"40105172300",7.83078257029583e-06,0.783078257029583,0.0704990663797682
"40105172400",7.83078257029583e-06,0.783078257029583,0.0704990663797682
"26133970100",7.8308985202649e-06,0.78308985202649,0.0705001102555868
"13133950500",7.83365533837087e-06,0.783365533837087,0.0705249293717997
"01011952202",7.83617117387226e-06,0.783617117387226,0.0705475789668332
"01011952500",7.83617117387226e-06,0.783617117387226,0.0705475789668332
"01109188700",7.83617117387226e-06,0.783617117387226,0.0705475789668332
"48213951000",7.85662958930374e-06,0.785662958930374,0.0707317622428445
"06107003903",7.85823131631131e-06,0.785823131631131,0.0707461822906003
"06107003904",7.85823131631131e-06,0.785823131631131,0.0707461822906003
"48007950101",7.859168999162e-06,0.7859168999162,0.0707546240733902
"48061010102",7.86176165005955e-06,0.786176165005955,0.0707779652230244
"48061012305",7.86176165005955e-06,0.786176165005955,0.0707779652230244
"06019006411",7.87208088328022e-06,0.787208088328022,0.0708708673437616
"22067950100",7.87327339998064e-06,0.787327339998064,0.0708816033478924
"18181958501",7.87837332932126e-06,0.787837332932126,0.0709275170549694
"06047000401",7.89671930189197e-06,0.789671930189197,0.0710926824042118
"47175925000",7.89992713391574e-06,0.789992713391574,0.0711215619141137
"47123925501",7.90134189782907e-06,0.790134189782907,0.0711342987682074
"47123925504",7.90134189782907e-06,0.790134189782907,0.0711342987682074
"51083930500",7.90187939071914e-06,0.790187939071914,0.0711391377158599
"50015953000",7.90332050772355e-06,0.790332050772355,0.0711521118218887
"45087030900",7.90782960820794e-06,0.790782960820794,0.071192706407616
"40125501104",7.90795799344769e-06,0.790795799344769,0.0711938622358436
"53029971600",7.92594065001733e-06,0.792594065001733,0.0713557567192886
"04021000805",7.92844852707778e-06,0.792844852707778,0.0713783346659714
"21075960200",7.93014840605382e-06,0.793014840605382,0.0713936383574855
"47131965900",7.93976509802655e-06,0.793976509802655,0.0714802156311683
"06047002002",7.94470922077259e-06,0.794470922077259,0.0715247266407046
"47085130100",7.94508057701821e-06,0.794508057701821,0.0715280698913153
"36049950601",7.95630009523655e-06,0.795630009523655,0.0716290771089877
"17015960200",7.96417965505583e-06,0.796417965505583,0.0717000153077892
"17015960300",7.96417965505583e-06,0.796417965505583,0.0717000153077892
"48477170400",7.9842399932217e-06,0.79842399932217,0.0718806147688598
"12105015302",7.98667888814786e-06,0.798667888814786,0.0719025716823291
"49013940502",7.99509269373616e-06,0.799509269373616,0.0719783195955614
"49013940600",7.99509269373616e-06,0.799509269373616,0.0719783195955614
"13025960300",7.99621080460971e-06,0.799621080460971,0.0719883857379919
"13229960100",7.99621080460971e-06,0.799621080460971,0.0719883857379919
"13229960200",7.99621080460971e-06,0.799621080460971,0.0719883857379919
"13229960302",7.99621080460971e-06,0.799621080460971,0.0719883857379919
"13229960402",7.99621080460971e-06,0.799621080460971,0.0719883857379919
"13299950900",7.99621080460971e-06,0.799621080460971,0.0719883857379919
"36103190708",8.00674466767138e-06,0.800674466767138,0.0720832201309217
"36103190711",8.00674466767138e-06,0.800674466767138,0.0720832201309217
"36103200901",8.00674466767138e-06,0.800674466767138,0.0720832201309217
"36103200903",8.00674466767138e-06,0.800674466767138,0.0720832201309217
"36103200905",8.00674466767138e-06,0.800674466767138,0.0720832201309217
"13315960100",8.01123189055204e-06,0.801123189055204,0.0721236177566871
"06047001006",8.01752280972578e-06,0.801752280972578,0.072180253721795
"28073020501",8.02157574037068e-06,0.802157574037068,0.0722167414960376
"12087970400",8.02310645684661e-06,0.802310645684661,0.072230522249299
"22047952701",8.02514536057999e-06,0.802514536057999,0.0722488781171003
"22077952100",8.02514536057999e-06,0.802514536057999,0.0722488781171003
"22125951801",8.02514536057999e-06,0.802514536057999,0.0722488781171003
"40049681600",8.03047256389055e-06,0.803047256389055,0.0722968379290908
"40087400201",8.03047256389055e-06,0.803047256389055,0.0722968379290908
"33009960401",8.03424625210857e-06,0.803424625210857,0.0723308117361517
"04021001200",8.05409514218964e-06,0.805409514218964,0.0725095075697837
"29009960102",8.05877192181079e-06,0.805877192181079,0.0725516117393217
"48081950200",8.06113135969402e-06,0.806113135969402,0.0725728533159401
"48095950300",8.06113135969402e-06,0.806113135969402,0.0725728533159401
"48413950300",8.06113135969402e-06,0.806113135969402,0.0725728533159401
"48235950100",8.06113135969402e-06,0.806113135969402,0.0725728533159401
"47181950400",8.07532168954102e-06,0.807532168954102,0.0727006061933638
"47181950300",8.07532168954102e-06,0.807532168954102,0.0727006061933638
"06031001401",8.08874277909978e-06,0.808874277909978,0.0728214337447864
"48367140411",8.090952212577e-06,0.8090952212577,0.0728413248598792
"48363000500",8.11143924671508e-06,0.811143924671508,0.0730257657847369
"48363000900",8.11143924671508e-06,0.811143924671508,0.0730257657847369
"48277000102",8.11324966030944e-06,0.811324966030944,0.0730420645986827
"48277000200",8.11324966030944e-06,0.811324966030944,0.0730420645986827
"48387950700",8.11324966030944e-06,0.811324966030944,0.0730420645986827
"40023967000",8.11324966030944e-06,0.811324966030944,0.0730420645986827
"40023967100",8.11324966030944e-06,0.811324966030944,0.0730420645986827
"40023967200",8.11324966030944e-06,0.811324966030944,0.0730420645986827
"48277000302",8.11324966030944e-06,0.811324966030944,0.0730420645986827
"12131950400",8.1266549259347e-06,0.81266549259347,0.0731627496902007
"12059960202",8.1266549259347e-06,0.81266549259347,0.0731627496902007
"48143950100",8.15100684299155e-06,0.815100684299155,0.0733819854309015
"27059130200",8.15469295540524e-06,0.815469295540524,0.0734151708094257
"47125101102",8.15561971389688e-06,0.815561971389688,0.0734235142422606
"47125101103",8.15561971389688e-06,0.815561971389688,0.0734235142422606
"47125101501",8.15561971389688e-06,0.815561971389688,0.0734235142422606
"47125101502",8.15561971389688e-06,0.815561971389688,0.0734235142422606
"13147960101",8.16042829010119e-06,0.816042829010119,0.073466804951711
"13147960103",8.16042829010119e-06,0.816042829010119,0.073466804951711
"22117950600",8.18283224742213e-06,0.818283224742213,0.073668503576358
"48287000200",8.18666602145218e-06,0.818666602145218,0.0737030183247121
"48395960300",8.18666602145218e-06,0.818666602145218,0.0737030183247121
"12099008203",8.18694008353134e-06,0.818694008353134,0.0737054856541952
"55001950700",8.19326800037668e-06,0.819326800037668,0.0737624547023995
"55111000200",8.19326800037668e-06,0.819326800037668,0.0737624547023995
"55111001003",8.19326800037668e-06,0.819326800037668,0.0737624547023995
"55111001004",8.19326800037668e-06,0.819326800037668,0.0737624547023995
"21063920102",8.20044966806646e-06,0.820044966806646,0.0738271099092878
"13179010206",8.20332011225669e-06,0.820332011225669,0.0738529519798203
"13179010208",8.20332011225669e-06,0.820332011225669,0.0738529519798203
"40039960600",8.24290723823299e-06,0.824290723823299,0.0742093474482086
"40039960701",8.24290723823299e-06,0.824290723823299,0.0742093474482086
"40039960702",8.24290723823299e-06,0.824290723823299,0.0742093474482086
"40129960000",8.24290723823299e-06,0.824290723823299,0.0742093474482086
"40149965000",8.24290723823299e-06,0.824290723823299,0.0742093474482086
"40149965100",8.24290723823299e-06,0.824290723823299,0.0742093474482086
"48483950100",8.24290723823299e-06,0.824290723823299,0.0742093474482086
"48483950300",8.24290723823299e-06,0.824290723823299,0.0742093474482086
"48257051201",8.24333824266563e-06,0.824333824266563,0.0742132277002567
"37161960301",8.26343153342611e-06,0.826343153342611,0.0743941238273544
"47043060100",8.27267943896016e-06,0.827267943896016,0.0744773809859163
"51135000102",8.31734071398171e-06,0.831734071398171,0.074879458066219
"01001020803",8.33458907708623e-06,0.833458907708623,0.0750347418433552
"01001021100",8.33458907708623e-06,0.833458907708623,0.0750347418433552
"45073030301",8.33867704461579e-06,0.833867704461579,0.0750715450480972
"19005960200",8.33962144129194e-06,0.833962144129194,0.0750800472741982
"27045960600",8.33962144129194e-06,0.833962144129194,0.0750800472741982
"08075966000",8.34170603895554e-06,0.834170603895554,0.0750988145158809
"08121924200",8.34170603895554e-06,0.834170603895554,0.0750988145158809
"06029003303",8.34265876321139e-06,0.834265876321139,0.0751073917136197
"45089970900",8.34514235716465e-06,0.834514235716465,0.0751297510440441
"51175200200",8.35398711794956e-06,0.835398711794956,0.0752093787660618
"51175200300",8.35398711794956e-06,0.835398711794956,0.0752093787660618
"39127965902",8.35535087214554e-06,0.835535087214554,0.07522165638924
"31059091600",8.35689104530139e-06,0.835689104530139,0.0752355222792166
"31143960000",8.35689104530139e-06,0.835689104530139,0.0752355222792166
"31143960100",8.35689104530139e-06,0.835689104530139,0.0752355222792166
"08019014900",8.36109558243704e-06,0.836109558243704,0.0752733749382531
"21187970201",8.36387144819326e-06,0.836387144819326,0.0752983655368877
"39031961000",8.36444737179701e-06,0.836444737179701,0.0753035504690456
"37171930803",8.36529940850531e-06,0.836529940850531,0.0753112211956834
"51077060102",8.36529940850531e-06,0.836529940850531,0.0753112211956834
"39083006801",8.3718141954695e-06,0.83718141954695,0.0753698726005098
"48231961700",8.37257817179194e-06,0.837257817179194,0.0753767505360143
"01033020902",8.37528105914102e-06,0.837528105914102,0.0754010841237406
"04021000208",8.37625444654295e-06,0.837625444654295,0.075409847347907
"04025001403",8.38790158689083e-06,0.838790158689083,0.0755147043673874
"12075970700",8.39078787053336e-06,0.839078787053336,0.0755406890375374
"38021973400",8.39302631760684e-06,0.839302631760684,0.0755608413565941
"46037952800",8.39302631760684e-06,0.839302631760684,0.0755608413565941
"46115000100",8.39302631760684e-06,0.839302631760684,0.0755608413565941
"46115000200",8.39302631760684e-06,0.839302631760684,0.0755608413565941
"08059009858",8.39517486582131e-06,0.839517486582131,0.0755801843330888
"39127966000",8.39651872804081e-06,0.839651872804081,0.0755922828725346
"48049950100",8.40437151491472e-06,0.840437151491472,0.0756629800395316
"48083950300",8.40437151491472e-06,0.840437151491472,0.0756629800395316
"48083950700",8.40437151491472e-06,0.840437151491472,0.0756629800395316
"48093950200",8.40437151491472e-06,0.840437151491472,0.0756629800395316
"48093950300",8.40437151491472e-06,0.840437151491472,0.0756629800395316
"48333950100",8.40437151491472e-06,0.840437151491472,0.0756629800395316
"42057960200",8.41222870721698e-06,0.841222870721698,0.0757337168677737
"47103975200",8.43587591388331e-06,0.843587591388331,0.0759466082330364
"01075030000",8.43681009125588e-06,0.843681009125588,0.0759550184566645
"35013001317",8.43802563470248e-06,0.843802563470248,0.0759659617662711
"06031001300",8.43814123960106e-06,0.843814123960106,0.0759670025354849
"06031001402",8.43814123960106e-06,0.843814123960106,0.0759670025354849
"06031001500",8.43814123960106e-06,0.843814123960106,0.0759670025354849
"26153000300",8.4398576000867e-06,0.84398576000867,0.0759824546069379
"22065960100",8.45059049673665e-06,0.845059049673665,0.0760790808619232
"28149950101",8.45059049673665e-06,0.845059049673665,0.0760790808619232
"28149950102",8.45059049673665e-06,0.845059049673665,0.0760790808619232
"28149951101",8.45059049673665e-06,0.845059049673665,0.0760790808619232
"28149951102",8.45059049673665e-06,0.845059049673665,0.0760790808619232
"26151970500",8.4608701896002e-06,0.84608701896002,0.0761716270082432
"26151970800",8.4608701896002e-06,0.84608701896002,0.0761716270082432
"13283960100",8.47114128444142e-06,0.847114128444142,0.0762640957481813
"06047000303",8.48064515001476e-06,0.848064515001476,0.0763496572669573
"06047000505",8.48064515001476e-06,0.848064515001476,0.0763496572669573
"42005950200",8.48745140342327e-06,0.848745140342327,0.0764109326895012
"05019953601",8.49695266106287e-06,0.849695266106287,0.076496470729539
"05019953602",8.49695266106287e-06,0.849695266106287,0.076496470729539
"05019953800",8.49695266106287e-06,0.849695266106287,0.076496470729539
"05097953000",8.49695266106287e-06,0.849695266106287,0.076496470729539
"05097953100",8.49695266106287e-06,0.849695266106287,0.076496470729539
"05109953300",8.49695266106287e-06,0.849695266106287,0.076496470729539
"05125010515",8.49695266106287e-06,0.849695266106287,0.076496470729539
"05125010517",8.49695266106287e-06,0.849695266106287,0.076496470729539
"06019008304",8.50644109826576e-06,0.850644109826576,0.0765818933495903
"28147950101",8.51198816049524e-06,0.851198816049524,0.076631832510181
"28147950102",8.51198816049524e-06,0.851198816049524,0.076631832510181
"28147950301",8.51198816049524e-06,0.851198816049524,0.076631832510181
"28147950302",8.51198816049524e-06,0.851198816049524,0.076631832510181
"08069002403",8.51886568788222e-06,0.851886568788222,0.0766937495989816
"48497150604",8.52488661088802e-06,0.852488661088802,0.0767479548392425
"49003960400",8.52615894276333e-06,0.852615894276333,0.076759409404419
"27127750600",8.53058638546336e-06,0.853058638546336,0.0767992688404332
"27127750100",8.53058638546336e-06,0.853058638546336,0.0767992688404332
"27129790600",8.53058638546336e-06,0.853058638546336,0.0767992688404332
"36003950300",8.5480515830898e-06,0.85480515830898,0.0769565047380908
"17083010500",8.55054583858843e-06,0.855054583858843,0.0769789600524081
"51049930102",8.55358724156174e-06,0.855358724156174,0.0770063412327918
"51049930200",8.55358724156174e-06,0.855358724156174,0.0770063412327918
"51147930302",8.55358724156174e-06,0.855358724156174,0.0770063412327918
"51147930202",8.55358724156174e-06,0.855358724156174,0.0770063412327918
"22003950502",8.58772967683714e-06,0.858772967683714,0.0773137191722557
"36039080302",8.61408491222453e-06,0.861408491222453,0.0775509904120521
"47177930201",8.61515670080711e-06,0.861515670080711,0.0775606395235873
"47177930900",8.61515670080711e-06,0.861515670080711,0.0775606395235873
"41041950303",8.62334867728319e-06,0.862334867728319,0.0776343903509387
"41041950304",8.62334867728319e-06,0.862334867728319,0.0776343903509387
"41041950401",8.62334867728319e-06,0.862334867728319,0.0776343903509387
"41041950402",8.62334867728319e-06,0.862334867728319,0.0776343903509387
"41041950601",8.62334867728319e-06,0.862334867728319,0.0776343903509387
"49021110100",8.62787325219348e-06,0.862787325219348,0.0776751242500193
"28141950102",8.63954176112709e-06,0.863954176112709,0.0777801736468681
"28141950401",8.63954176112709e-06,0.863954176112709,0.0777801736468681
"37199960101",8.64866672494065e-06,0.864866672494065,0.077862323984185
"37199960200",8.64866672494065e-06,0.864866672494065,0.077862323984185
"37199960300",8.64866672494065e-06,0.864866672494065,0.077862323984185
"05145070200",8.67433447489983e-06,0.867433447489983,0.0780934059216475
"05145070300",8.67433447489983e-06,0.867433447489983,0.0780934059216475
"05147490200",8.67433447489983e-06,0.867433447489983,0.0780934059216475
"53045960500",8.68753034566763e-06,0.868753034566763,0.0782122058705475
"53045961101",8.68753034566763e-06,0.868753034566763,0.0782122058705475
"53045961102",8.68753034566763e-06,0.868753034566763,0.0782122058705475
"39029951000",8.70478788799563e-06,0.870478788799563,0.0783675722865106
"53041970100",8.71503845261458e-06,0.871503845261458,0.0784598561967092
"41043030202",8.72326788376152e-06,0.872326788376152,0.0785339442214357
"18181958100",8.73150991553418e-06,0.873150991553418,0.0786081456872315
"48349970500",8.73885332797045e-06,0.873885332797045,0.0786742570517282
"47039955004",8.76324903252678e-06,0.876324903252678,0.078893887003072
"05057480301",8.76640663871322e-06,0.876640663871322,0.0789223143391831
"05057480302",8.76640663871322e-06,0.876640663871322,0.0789223143391831
"05057480500",8.76640663871322e-06,0.876640663871322,0.0789223143391831
"05081030101",8.76640663871322e-06,0.876640663871322,0.0789223143391831
"05081030103",8.76640663871322e-06,0.876640663871322,0.0789223143391831
"05081030104",8.76640663871322e-06,0.876640663871322,0.0789223143391831
"05081030302",8.76640663871322e-06,0.876640663871322,0.0789223143391831
"05091020901",8.76640663871322e-06,0.876640663871322,0.0789223143391831
"05091021001",8.76640663871322e-06,0.876640663871322,0.0789223143391831
"05091021002",8.76640663871322e-06,0.876640663871322,0.0789223143391831
"48037011404",8.76640663871322e-06,0.876640663871322,0.0789223143391831
"48067950101",8.76640663871322e-06,0.876640663871322,0.0789223143391831
"48067950300",8.76640663871322e-06,0.876640663871322,0.0789223143391831
"48067950400",8.76640663871322e-06,0.876640663871322,0.0789223143391831
"06071011601",8.77144397256484e-06,0.877144397256484,0.0789676645108159
"04023966101",8.77464566890921e-06,0.877464566890921,0.0789964887823473
"39031961800",8.77935031899149e-06,0.877935031899149,0.0790388438644183
"37137950203",8.78109396466113e-06,0.878109396466113,0.0790545415792639
"37013930800",8.78109396466113e-06,0.878109396466113,0.0790545415792639
"37137950104",8.78109396466113e-06,0.878109396466113,0.0790545415792639
"37137950202",8.78109396466113e-06,0.878109396466113,0.0790545415792639
"48231960700",8.78159311070272e-06,0.878159311070272,0.0790590352974336
"47107970601",8.80873384370776e-06,0.880873384370776,0.0793033782249177
"08043979200",8.8192451473035e-06,0.88192451473035,0.0793980095192082
"35025000800",8.8198634661298e-06,0.88198634661298,0.0794035761276011
"48165950202",8.8198634661298e-06,0.88198634661298,0.0794035761276011
"48165950300",8.8198634661298e-06,0.88198634661298,0.0794035761276011
"51135000101",8.83086260430803e-06,0.883086260430803,0.0795025993051171
"35049010308",8.84105317111862e-06,0.884105317111862,0.0795943430663029
"28009950101",8.84180260218399e-06,0.884180260218399,0.0796010900535868
"45003021800",8.86552266957834e-06,0.886552266957834,0.0798146373703147
"06107003401",8.87734392451942e-06,0.887734392451942,0.0799210619108127
"26149041600",8.88199846634706e-06,0.888199846634706,0.0799629658776677
"08059980000",8.89297568550842e-06,0.889297568550842,0.0800617917223869
"41035970100",8.89750816065822e-06,0.889750816065822,0.0801025967458417
"26147655100",8.90929273543421e-06,0.890929273543421,0.0802086910616948
"21191930200",8.9100665665112e-06,0.89100665665112,0.0802156577177057
"29041470100",8.91761163222902e-06,0.891761163222902,0.0802835845288648
"29079960100",8.91761163222902e-06,0.891761163222902,0.0802835845288648
"29115490100",8.91761163222902e-06,0.891761163222902,0.0802835845288648
"29115490200",8.91761163222902e-06,0.891761163222902,0.0802835845288648
"39171950200",8.93180607470762e-06,0.893180607470762,0.0804113744315392
"48349970800",8.9583551922191e-06,0.89583551922191,0.0806503911557254
"48349970902",8.9583551922191e-06,0.89583551922191,0.0806503911557254
"51135000200",8.97201725040097e-06,0.897201725040097,0.0807733881024547
"51135000300",8.97201725040097e-06,0.897201725040097,0.0807733881024547
"51007930101",8.97201725040097e-06,0.897201725040097,0.0807733881024547
"51147930102",8.97201725040097e-06,0.897201725040097,0.0807733881024547
"48467951002",8.97905930872388e-06,0.897905930872388,0.0808367864324046
"29151490100",8.97937539682054e-06,0.897937539682054,0.0808396321142388
"48481740400",8.97941626126267e-06,0.897941626126267,0.0808400000091449
"42015951200",8.98487319699722e-06,0.898487319699722,0.08088912777781
"42113960102",8.98487319699722e-06,0.898487319699722,0.08088912777781
"42015951100",8.98487319699722e-06,0.898487319699722,0.08088912777781
"20163974600",9.000501352251e-06,0.9000501352251,0.0810298251276265
"20167973900",9.000501352251e-06,0.9000501352251,0.0810298251276265
"08039961204",9.0194485184153e-06,0.90194485184153,0.0812004029100045
"26039960100",9.02162067970028e-06,0.902162067970028,0.081219958470543
"26039960200",9.02162067970028e-06,0.902162067970028,0.081219958470543
"26039960300",9.02162067970028e-06,0.902162067970028,0.081219958470543
"26137950400",9.02162067970028e-06,0.902162067970028,0.081219958470543
"20145970300",9.02603865784594e-06,0.902603865784594,0.0812597326989498
"20159967100",9.02603865784594e-06,0.902603865784594,0.0812597326989498
"20185470600",9.02603865784594e-06,0.902603865784594,0.0812597326989498
"20185470700",9.02603865784594e-06,0.902603865784594,0.0812597326989498
"21065920201",9.03068843412554e-06,0.903068843412554,0.0813015937624699
"48469000100",9.03203124981654e-06,0.903203124981654,0.0813136828802158
"48469000201",9.03203124981654e-06,0.903203124981654,0.0813136828802158
"48469000202",9.03203124981654e-06,0.903203124981654,0.0813136828802158
"48469000301",9.03203124981654e-06,0.903203124981654,0.0813136828802158
"48469000302",9.03203124981654e-06,0.903203124981654,0.0813136828802158
"48469000400",9.03203124981654e-06,0.903203124981654,0.0813136828802158
"48469000501",9.03203124981654e-06,0.903203124981654,0.0813136828802158
"48469000502",9.03203124981654e-06,0.903203124981654,0.0813136828802158
"48469000601",9.03203124981654e-06,0.903203124981654,0.0813136828802158
"48469000602",9.03203124981654e-06,0.903203124981654,0.0813136828802158
"48469000700",9.03203124981654e-06,0.903203124981654,0.0813136828802158
"48469001503",9.03203124981654e-06,0.903203124981654,0.0813136828802158
"48469001504",9.03203124981654e-06,0.903203124981654,0.0813136828802158
"48469001601",9.03203124981654e-06,0.903203124981654,0.0813136828802158
"48469001604",9.03203124981654e-06,0.903203124981654,0.0813136828802158
"48469001605",9.03203124981654e-06,0.903203124981654,0.0813136828802158
"48469001608",9.03203124981654e-06,0.903203124981654,0.0813136828802158
"48469980000",9.03203124981654e-06,0.903203124981654,0.0813136828802158
"37115010200",9.05412806191558e-06,0.905412806191558,0.0815126163340523
"17095001500",9.05877879001666e-06,0.905877879001666,0.0815544859666426
"06047000504",9.06632452921299e-06,0.906632452921299,0.0816224188410023
"54097967000",9.06834615387272e-06,0.906834615387272,0.0816406191485453
"49003960801",9.0768860422569e-06,0.90768860422569,0.081717502161535
"55075960200",9.07806275231324e-06,0.907806275231324,0.0817280958614146
"26043950100",9.07806275231324e-06,0.907806275231324,0.0817280958614146
"26071000100",9.07806275231324e-06,0.907806275231324,0.0817280958614146
"26071000300",9.07806275231324e-06,0.907806275231324,0.0817280958614146
"26071000500",9.07806275231324e-06,0.907806275231324,0.0817280958614146
"45043920202",9.08150388359017e-06,0.908150388359017,0.0817590757207244
"48457950500",9.08193303555457e-06,0.908193303555457,0.0817629392953485
"13179010102",9.0824464454828e-06,0.90824464454828,0.0817675614286136
"01059972900",9.08605157566111e-06,0.908605157566111,0.0818000177392655
"42081010200",9.10605880838257e-06,0.910605880838257,0.0819801391019829
"42113960202",9.10605880838257e-06,0.910605880838257,0.0819801391019829
"20019964600",9.10760211401779e-06,0.910760211401779,0.0819940331930836
"06071009300",9.10826099727398e-06,0.910826099727398,0.0819999649954288
"06071011801",9.10826099727398e-06,0.910826099727398,0.0819999649954288
"27081201001",9.10893722692165e-06,0.910893722692165,0.0820060529640821
"27117460100",9.10893722692165e-06,0.910893722692165,0.0820060529640821
"27173970200",9.10893722692165e-06,0.910893722692165,0.0820060529640821
"46029954100",9.10893722692165e-06,0.910893722692165,0.0820060529640821
"46029954301",9.10893722692165e-06,0.910893722692165,0.0820060529640821
"46029954302",9.10893722692165e-06,0.910893722692165,0.0820060529640821
"46029954401",9.10893722692165e-06,0.910893722692165,0.0820060529640821
"46029954402",9.10893722692165e-06,0.910893722692165,0.0820060529640821
"46029954501",9.10893722692165e-06,0.910893722692165,0.0820060529640821
"46029954502",9.10893722692165e-06,0.910893722692165,0.0820060529640821
"46039953600",9.10893722692165e-06,0.910893722692165,0.0820060529640821
"46057955100",9.10893722692165e-06,0.910893722692165,0.0820060529640821
"46079960100",9.10893722692165e-06,0.910893722692165,0.0820060529640821
"46079960202",9.10893722692165e-06,0.910893722692165,0.0820060529640821
"46079960300",9.10893722692165e-06,0.910893722692165,0.0820060529640821
"12003040201",9.11000673116241e-06,0.911000673116241,0.0820156815101164
"47015960202",9.12787201831125e-06,0.912787201831125,0.0821765193386851
"47031970201",9.12787201831125e-06,0.912787201831125,0.0821765193386851
"47031970401",9.12787201831125e-06,0.912787201831125,0.0821765193386851
"47031970700",9.12787201831125e-06,0.912787201831125,0.0821765193386851
"47031980100",9.12787201831125e-06,0.912787201831125,0.0821765193386851
"48497150500",9.13032722839176e-06,0.913032722839176,0.0821986231344281
"17045070200",9.14252487947333e-06,0.914252487947333,0.0823084362987648
"21013960100",9.14873644822808e-06,0.914873644822808,0.0823643578869372
"21013960400",9.14873644822808e-06,0.914873644822808,0.0823643578869372
"21095970600",9.14873644822808e-06,0.914873644822808,0.0823643578869372
"28137950100",9.15602238253027e-06,0.915602238253027,0.082429951786576
"06071009202",9.16367591330515e-06,0.916367591330515,0.0824988550882951
"51027010300",9.18064405939959e-06,0.918064405939959,0.0826516161242599
"51167030201",9.18064405939959e-06,0.918064405939959,0.0826516161242599
"41045970700",9.18625660790651e-06,0.918625660790651,0.0827021448455207
"17131040200",9.18749397825701e-06,0.918749397825701,0.0827132846586484
"53005011600",9.21003081105677e-06,0.921003081105677,0.082916179536303
"12097043209",9.2128017156289e-06,0.92128017156289,0.082941125470328
"22009030900",9.21436816627834e-06,0.921436816627834,0.0829552279316496
"45015020304",9.22601660814993e-06,0.922601660814993,0.0830600966685037
"12077950202",9.24092898093121e-06,0.924092898093121,0.0831943499630052
"48333950200",9.24941598029168e-06,0.924941598029168,0.0832707568260368
"29015460400",9.25930719415671e-06,0.925930719415671,0.0833598055688141
"42103950701",9.25961148370918e-06,0.925961148370918,0.0833625450305685
"36101961800",9.26120853666368e-06,0.926120853666368,0.0833769229987014
"06025011100",9.26246329044615e-06,0.926246329044615,0.0833882193116058
"48209010810",9.26307252317116e-06,0.926307252317116,0.0833937041195335
"21053970100",9.27261948477991e-06,0.927261948477991,0.0834796536238312
"21053970202",9.27261948477991e-06,0.927261948477991,0.0834796536238312
"48367140410",9.31352225591284e-06,0.931352225591284,0.0838478935987419
"48477170601",9.31609902953594e-06,0.931609902953594,0.0838710918082529
"06071011205",9.32234130336182e-06,0.932234130336182,0.0839272898284202
"34011010302",9.33236692927038e-06,0.933236692927038,0.0840175486576089
"48051970202",9.3351874809738e-06,0.93351874809738,0.0840429415554428
"48041000103",9.3351874809738e-06,0.93351874809738,0.0840429415554428
"48331950500",9.3351874809738e-06,0.93351874809738,0.0840429415554428
"06019008403",9.34486032595318e-06,0.934486032595318,0.0841300243641099
"06019008404",9.34486032595318e-06,0.934486032595318,0.0841300243641099
"06019008405",9.34486032595318e-06,0.934486032595318,0.0841300243641099
"19025950100",9.35483469515473e-06,0.935483469515473,0.0842198217387814
"19187010100",9.35483469515473e-06,0.935483469515473,0.0842198217387814
"19187010300",9.35483469515473e-06,0.935483469515473,0.0842198217387814
"19187010400",9.35483469515473e-06,0.935483469515473,0.0842198217387814
"26001000100",9.36956291017161e-06,0.936956291017161,0.0843524170954792
"26001970100",9.36956291017161e-06,0.936956291017161,0.0843524170954792
"26001970400",9.36956291017161e-06,0.936956291017161,0.0843524170954792
"26007000102",9.36956291017161e-06,0.936956291017161,0.0843524170954792
"26119910100",9.36956291017161e-06,0.936956291017161,0.0843524170954792
"26141950300",9.36956291017161e-06,0.936956291017161,0.0843524170954792
"37185950201",9.37198178532952e-06,0.937198178532952,0.0843741937747307
"13085970101",9.37453085503853e-06,0.937453085503853,0.0843971425711005
"47031970202",9.38206136600207e-06,0.938206136600207,0.0844649383485374
"08037000301",9.38505670124332e-06,0.938505670124332,0.0844919047897719
"08037000200",9.38505670124332e-06,0.938505670124332,0.0844919047897719
"08045951901",9.38505670124332e-06,0.938505670124332,0.0844919047897719
"08045951902",9.38505670124332e-06,0.938505670124332,0.0844919047897719
"08045952001",9.38505670124332e-06,0.938505670124332,0.0844919047897719
"08045952004",9.38505670124332e-06,0.938505670124332,0.0844919047897719
"01049960302",9.39119924424626e-06,0.939119924424626,0.0845472049520504
"06099003502",9.40362941260263e-06,0.940362941260263,0.0846591114257906
"45083023806",9.41207569829087e-06,0.941207569829087,0.0847351517512692
"48497150101",9.4126773518726e-06,0.94126773518726,0.0847405683255918
"47125101702",9.41974625343152e-06,0.941974625343152,0.0848042083201594
"23017966200",9.42950049441521e-06,0.942950049441521,0.084892023921783
"23017966500",9.42950049441521e-06,0.942950049441521,0.084892023921783
"04012020201",9.43895596870184e-06,0.943895596870184,0.0849771497828832
"04012940200",9.43895596870184e-06,0.943895596870184,0.0849771497828832
"48187210902",9.44163320991043e-06,0.944163320991043,0.085001252483218
"48185180302",9.44306771309877e-06,0.944306771309877,0.0850141670463015
"45071950300",9.44802011067955e-06,0.944802011067955,0.0850587525526225
"27157490200",9.46089306354473e-06,0.946089306354473,0.0851746453322265
"48159950300",9.46444473404964e-06,0.946444473404964,0.085206620355468
"48223950700",9.46444473404964e-06,0.946444473404964,0.085206620355468
"37053110302",9.47178606806849e-06,0.947178606806849,0.0852727130083625
"49005001402",9.47422893642354e-06,0.947422893642354,0.0852947056938667
"22041950200",9.47473756721028e-06,0.947473756721028,0.0852992848014176
"22041950300",9.47473756721028e-06,0.947473756721028,0.0852992848014176
"22083970200",9.47473756721028e-06,0.947473756721028,0.0852992848014176
"22083970600",9.47473756721028e-06,0.947473756721028,0.0852992848014176
"04003000600",9.47491648878317e-06,0.947491648878317,0.0853008955987715
"04003000901",9.47491648878317e-06,0.947491648878317,0.0853008955987715
"04003000902",9.47491648878317e-06,0.947491648878317,0.0853008955987715
"04003001100",9.47491648878317e-06,0.947491648878317,0.0853008955987715
"04003001200",9.47491648878317e-06,0.947491648878317,0.0853008955987715
"21069920400",9.47508390819896e-06,0.947508390819896,0.0853024028443631
"06047001008",9.47644300155582e-06,0.947644300155582,0.085314638506881
"45043920100",9.47658297478101e-06,0.947658297478101,0.0853158986595676
"39157022002",9.50037591791791e-06,0.950037591791791,0.0855301020629338
"53009000700",9.51077216331224e-06,0.951077216331224,0.0856236975098225
"53009000800",9.51077216331224e-06,0.951077216331224,0.0856236975098225
"53009000900",9.51077216331224e-06,0.951077216331224,0.0856236975098225
"53009001000",9.51077216331224e-06,0.951077216331224,0.0856236975098225
"53009001100",9.51077216331224e-06,0.951077216331224,0.0856236975098225
"53009001200",9.51077216331224e-06,0.951077216331224,0.0856236975098225
"53009001300",9.51077216331224e-06,0.951077216331224,0.0856236975098225
"53009001400",9.51077216331224e-06,0.951077216331224,0.0856236975098225
"53009001500",9.51077216331224e-06,0.951077216331224,0.0856236975098225
"53009001800",9.51077216331224e-06,0.951077216331224,0.0856236975098225
"53009002301",9.51077216331224e-06,0.951077216331224,0.0856236975098225
"45071950700",9.51110469898329e-06,0.951110469898329,0.0856266912660834
"19003950100",9.51204060093131e-06,0.951204060093131,0.0856351170157407
"48497150104",9.53408603751166e-06,0.953408603751166,0.0858335879454208
"45023020602",9.53883292585307e-06,0.953883292585307,0.0858763232906145
"47147080200",9.5411127750418e-06,0.95411127750418,0.0858968483451476
"18139974200",9.54243938687912e-06,0.954243938687912,0.0859087915826388
"24039930200",9.54273742085587e-06,0.954273742085587,0.0859114747266186
"51035080300",9.54391382657389e-06,0.954391382657389,0.0859220656865973
"51035080501",9.54391382657389e-06,0.954391382657389,0.0859220656865973
"51077060101",9.54391382657389e-06,0.954391382657389,0.0859220656865973
"51077060201",9.54391382657389e-06,0.954391382657389,0.0859220656865973
"48387950501",9.54667256859082e-06,0.954667256859082,0.0859469021234196
"16077960100",9.55741186027343e-06,0.955741186027343,0.0860435859516842
"17083010100",9.55893363630057e-06,0.955893363630057,0.0860572862157625
"08013013705",9.57009617889902e-06,0.957009617889902,0.0861577804926181
"12089050403",9.57223826210484e-06,0.957223826210484,0.0861770652658527
"41003010300",9.57611848896865e-06,0.957611848896865,0.0862119982203544
"51109950101",9.5793682712451e-06,0.95793682712451,0.0862412554005111
"13311950102",9.57954842155538e-06,0.957954842155538,0.0862428772599573
"19119950100",9.59072875483655e-06,0.959072875483655,0.0863435317029917
"27105105500",9.59072875483655e-06,0.959072875483655,0.0863435317029917
"48481740200",9.62246358001454e-06,0.962246358001454,0.0866292343804304
"30081000800",9.65058310532986e-06,0.965058310532986,0.0868823891914568
"12053041602",9.65077970679208e-06,0.965077970679208,0.0868841591575376
"48267950200",9.66573063102354e-06,0.966573063102354,0.0870187595235126
"05071951900",9.67236302546794e-06,0.967236302546794,0.0870784697264196
"05071952000",9.67236302546794e-06,0.967236302546794,0.0870784697264196
"05071952100",9.67236302546794e-06,0.967236302546794,0.0870784697264196
"35049010603",9.67481830862076e-06,0.967481830862076,0.0871005741800189
"40019892100",9.67536745149732e-06,0.967536745149732,0.0871055180103142
"40019892400",9.67536745149732e-06,0.967536745149732,0.0871055180103142
"40019892502",9.67536745149732e-06,0.967536745149732,0.0871055180103142
"40085094100",9.67536745149732e-06,0.967536745149732,0.0871055180103142
"40085094200",9.67536745149732e-06,0.967536745149732,0.0871055180103142
"40095094698",9.67536745149732e-06,0.967536745149732,0.0871055180103142
"47161110201",9.68070144931766e-06,0.968070144931766,0.0871535389920015
"06053011203",9.6863504767038e-06,0.96863504767038,0.0872043961257684
"48471790401",9.68817905995354e-06,0.968817905995354,0.0872208585177129
"13257970201",9.68841803322462e-06,0.968841803322462,0.0872230099492396
"21103090400",9.6939439574224e-06,0.96939439574224,0.0872727588080966
"26079950601",9.70215342449008e-06,0.970215342449008,0.0873466670999628
"13141480400",9.70502787421972e-06,0.970502787421972,0.0873725452316152
"13237960302",9.70502787421972e-06,0.970502787421972,0.0873725452316152
"06047000702",9.71906884125817e-06,0.971906884125817,0.0874989534236948
"06047001003",9.71906884125817e-06,0.971906884125817,0.0874989534236948
"53025011406",9.72209903796862e-06,0.972209903796862,0.0875262337161964
"22065960300",9.73172395839615e-06,0.973172395839615,0.0876128850691141
"22065960400",9.73172395839615e-06,0.973172395839615,0.0876128850691141
"31023967700",9.73698370364332e-06,0.973698370364332,0.0876602375688154
"31151960800",9.73698370364332e-06,0.973698370364332,0.0876602375688154
"47085130500",9.73889640816632e-06,0.973889640816632,0.0876774572888014
"12017451701",9.73894104998549e-06,0.973894104998549,0.0876778591907243
"40057967800",9.75498380804512e-06,0.975498380804512,0.0878222891318199
"40075964200",9.75498380804512e-06,0.975498380804512,0.0878222891318199
"48363000800",9.75504352606282e-06,0.975504352606282,0.0878228267619299
"27045960500",9.75555915799313e-06,0.975555915799313,0.0878274688994629
"41007951200",9.75905136628331e-06,0.975905136628331,0.0878589085955407
"53049950701",9.75905136628331e-06,0.975905136628331,0.0878589085955407
"08025969602",9.76238641189143e-06,0.976238641189143,0.0878889333854765
"08025969601",9.76238641189143e-06,0.976238641189143,0.0878889333854765
"08043980200",9.76238641189143e-06,0.976238641189143,0.0878889333854765
"08055960600",9.76238641189143e-06,0.976238641189143,0.0878889333854765
"08089968000",9.76238641189143e-06,0.976238641189143,0.0878889333854765
"08101980100",9.76238641189143e-06,0.976238641189143,0.0878889333854765
"39039958900",9.77528895292445e-06,0.977528895292445,0.0880050925418046
"39157021503",9.78301041829555e-06,0.978301041829555,0.0880746074459486
"21197970202",9.78763251638853e-06,0.978763251638853,0.0881162193279471
"36103190714",9.7964835561434e-06,0.97964835561434,0.0881959035783533
"48367140413",9.79833187031086e-06,0.979833187031086,0.0882125436040484
"45087030100",9.8017618885156e-06,0.98017618885156,0.0882434234144542
"51083930301",9.81181468353825e-06,0.981181468353825,0.08833392684208
"51083930302",9.81181468353825e-06,0.981181468353825,0.08833392684208
"08013013706",9.81229341030766e-06,0.981229341030766,0.0883382367293731
"48425000102",9.8148437511146e-06,0.98148437511146,0.0883611969691991
"05017080200",9.82057354918906e-06,0.982057354918906,0.0884127812663198
"05041950400",9.82057354918906e-06,0.982057354918906,0.0884127812663198
"05041950500",9.82057354918906e-06,0.982057354918906,0.0884127812663198
"28011950400",9.82057354918906e-06,0.982057354918906,0.0884127812663198
"28125950100",9.82057354918906e-06,0.982057354918906,0.0884127812663198
"28125950200",9.82057354918906e-06,0.982057354918906,0.0884127812663198
"12019030104",9.83627259275733e-06,0.983627259275733,0.0885541168103326
"23031023502",9.84103313418245e-06,0.984103313418245,0.0885969750716775
"48497150103",9.84240640296935e-06,0.984240640296935,0.0886093383529327
"48037011700",9.8732510577927e-06,0.98732510577927,0.0888870269936697
"12017450501",9.87640166350304e-06,0.987640166350304,0.0889153913058079
"47003950300",9.876457927597e-06,0.9876457927597,0.0889158978408903
"17099962400",9.88623999097335e-06,0.988623999097335,0.0890039639222953
"17099962700",9.88623999097335e-06,0.988623999097335,0.0890039639222953
"17099962800",9.88623999097335e-06,0.988623999097335,0.0890039639222953
"17099963600",9.88623999097335e-06,0.988623999097335,0.0890039639222953
"55111001100",9.88725472470623e-06,0.988725472470623,0.0890130993797224
"06073018700",9.88823943606191e-06,0.988823943606191,0.08902196455132
"20105086100",9.89137027845613e-06,0.989137027845613,0.0890501509380308
"20029977200",9.89137027845613e-06,0.989137027845613,0.0890501509380308
"20029977300",9.89137027845613e-06,0.989137027845613,0.0890501509380308
"51083930204",9.89626092225333e-06,0.989626092225333,0.0890941804866236
"19035080200",9.89890150566621e-06,0.989890150566621,0.0891179531637009
"48257051301",9.89893470310977e-06,0.989893470310977,0.0891182520340572
"37185950202",9.90138384194634e-06,0.990138384194634,0.0891403011715301
"48099980000",9.90283473625571e-06,0.990283473625571,0.0891533633008011
"31061964700",9.90342727061207e-06,0.990342727061207,0.0891586977764485
"31073967600",9.90342727061207e-06,0.990342727061207,0.0891586977764485
"31019968900",9.90342727061207e-06,0.990342727061207,0.0891586977764485
"12059960401",9.90671717989689e-06,0.990671717989689,0.0891883162125335
"36049950700",9.90714640180279e-06,0.990714640180279,0.0891921804168278
"35005001200",9.90820892431485e-06,0.990820892431485,0.0892017461076685
"35005001300",9.90820892431485e-06,0.990820892431485,0.0892017461076685
"53067012531",9.90900049445564e-06,0.990900049445564,0.0892088724651428
"32003007500",9.91553703087106e-06,0.991553703087106,0.0892677196761984
"27119020800",9.92442919705079e-06,0.992442919705079,0.0893477741800921
"31067964700",9.92605473802911e-06,0.992605473802911,0.0893624086205589
"31067964800",9.92605473802911e-06,0.992605473802911,0.0893624086205589
"31067964900",9.92605473802911e-06,0.992605473802911,0.0893624086205589
"31067965000",9.92605473802911e-06,0.992605473802911,0.0893624086205589
"31067965100",9.92605473802911e-06,0.992605473802911,0.0893624086205589
"31097967500",9.92605473802911e-06,0.992605473802911,0.0893624086205589
"31097967600",9.92605473802911e-06,0.992605473802911,0.0893624086205589
"31151960900",9.92605473802911e-06,0.992605473802911,0.0893624086205589
"48417950300",9.92617756864752e-06,0.992617756864752,0.0893635144415727
"19171290500",9.92989081941427e-06,0.992989081941427,0.0893969441415982
"25011040100",9.93263456736581e-06,0.993263456736581,0.0894216455896628
"49051960500",9.93566666925073e-06,0.993566666925073,0.0894489430340927
"49005001300",9.94529725365795e-06,0.994529725365795,0.0895356453787569
"49003960301",9.94529725365795e-06,0.994529725365795,0.0895356453787569
"49003960302",9.94529725365795e-06,0.994529725365795,0.0895356453787569
"42099030602",9.94760527040173e-06,0.994760527040173,0.0895564240205037
"21231920300",9.94952492000063e-06,0.994952492000063,0.0895737062657051
"42019910200",9.95095422006718e-06,0.995095422006718,0.0895865739860592
"06047000601",9.95517812376315e-06,0.995517812376315,0.089624600998605
"06047000602",9.95517812376315e-06,0.995517812376315,0.089624600998605
"06047000603",9.95517812376315e-06,0.995517812376315,0.089624600998605
"06047000701",9.95517812376315e-06,0.995517812376315,0.089624600998605
"06047000801",9.95517812376315e-06,0.995517812376315,0.089624600998605
"06047000802",9.95517812376315e-06,0.995517812376315,0.089624600998605
"06047000903",9.95517812376315e-06,0.995517812376315,0.089624600998605
"06047000904",9.95517812376315e-06,0.995517812376315,0.089624600998605
"37187950201",9.96830930783697e-06,0.996830930783697,0.0897428185853347
"37187950300",9.96830930783697e-06,0.996830930783697,0.0897428185853347
"13069010100",9.97080041128754e-06,0.997080041128754,0.0897652455223546
"06065044403",9.97372677040108e-06,0.997372677040108,0.0897915909844517
"21217920100",9.99114131824683e-06,0.999114131824683,0.089948370891636
"18137968600",9.99939335322003e-06,0.999939335322003,0.0900226624143697
"28109950505",9.99997544217311e-06,0.999997544217311,0.090027902852011
"17157950600",1.00110495832405e-05,1.00110495832405,0.090127601266467
"17157951000",1.00110495832405e-05,1.00110495832405,0.090127601266467
"01093964600",1.0013956162935e-05,1.0013956162935,0.0901537686581653
"48185180304",1.00165329145273e-05,1.00165329145273,0.0901769666693371
"39031961400",1.00239300343323e-05,1.00239300343323,0.0902435615511986
"49045130706",1.00278163621762e-05,1.00278163621762,0.0902785494316794
"21127930500",1.00316135909205e-05,1.00316135909205,0.090312735169682
"48379950200",1.00335530938076e-05,1.00335530938076,0.0903301961503124
"01033020801",1.00374983162976e-05,1.00374983162976,0.0903657142482431
"01033020901",1.00374983162976e-05,1.00374983162976,0.0903657142482431
"01077011200",1.00374983162976e-05,1.00374983162976,0.0903657142482431
"01077011401",1.00374983162976e-05,1.00374983162976,0.0903657142482431
"01077011402",1.00374983162976e-05,1.00374983162976,0.0903657142482431
"13009970102",1.00593589998193e-05,1.00593589998193,0.0905625218807969
"13141480300",1.00593589998193e-05,1.00593589998193,0.0905625218807969
"35049010500",1.00766824844786e-05,1.00766824844786,0.0907184819631976
"35049940400",1.00766824844786e-05,1.00766824844786,0.0907184819631976
"19197680200",1.00789716521279e-05,1.00789716521279,0.0907390909100829
"41045970900",1.00880207852222e-05,1.00880207852222,0.0908205585576607
"42005950100",1.00961121787084e-05,1.00961121787084,0.0908934038552242
"47081950301",1.00983540987355e-05,1.00983540987355,0.0909135874406309
"12107950100",1.01129146068776e-05,1.01129146068776,0.0910446729637977
"06071012002",1.0114478709621e-05,1.0114478709621,0.0910587542873617
"39157021300",1.01191651069034e-05,1.01191651069034,0.0911009450428996
"39001770100",1.01253150649135e-05,1.01253150649135,0.0911563119610965
"39001770302",1.01253150649135e-05,1.01253150649135,0.0911563119610965
"39015951700",1.01253150649135e-05,1.01253150649135,0.0911563119610965
"06099003400",1.01348646557051e-05,1.01348646557051,0.0912422851354342
"53027000300",1.01368343259998e-05,1.01368343259998,0.0912600177075757
"53027001602",1.01368343259998e-05,1.01368343259998,0.0912600177075757
"42033330700",1.01449154973221e-05,1.01449154973221,0.0913327709769153
"42047951000",1.01449154973221e-05,1.01449154973221,0.0913327709769153
"42047951200",1.01449154973221e-05,1.01449154973221,0.0913327709769153
"42047951300",1.01449154973221e-05,1.01449154973221,0.0913327709769153
"53041971100",1.01489135471444e-05,1.01489135471444,0.091368764669408
"01121011200",1.0158793752181e-05,1.0158793752181,0.0914577143017682
"12055961500",1.016197150145e-05,1.016197150145,0.0914863229822727
"12055961601",1.016197150145e-05,1.016197150145,0.0914863229822727
"12055980100",1.016197150145e-05,1.016197150145,0.0914863229822727
"13227050101",1.01718004227406e-05,1.01718004227406,0.0915748109166889
"13311950205",1.01778822936629e-05,1.01778822936629,0.0916295648596078
"48363000600",1.018216685978e-05,1.018216685978,0.0916681380045504
"48363000700",1.018216685978e-05,1.018216685978,0.0916681380045504
"17171970600",1.01872573994437e-05,1.01872573994437,0.0917139671781276
"06071012103",1.01898152005748e-05,1.01898152005748,0.0917369945818525
"06071012105",1.01898152005748e-05,1.01898152005748,0.0917369945818525
"22013970300",1.01959704062812e-05,1.01959704062812,0.0917924087440746
"18139974500",1.01974878979961e-05,1.01974878979961,0.0918060704372936
"18049953300",1.02024690217137e-05,1.02024690217137,0.0918509145596351
"56025001802",1.02160297022368e-05,1.02160297022368,0.0919729988223217
"01037961200",1.02171077782353e-05,1.02171077782353,0.0919827045382828
"28053950100",1.02206883281805e-05,1.02206883281805,0.0920149395577073
"55111000101",1.02247487559132e-05,1.02247487559132,0.0920514948268248
"51177020403",1.02257818084225e-05,1.02257818084225,0.0920607952047594
"48241950600",1.02375055089688e-05,1.02375055089688,0.0921663414813429
"48241950702",1.02375055089688e-05,1.02375055089688,0.0921663414813429
"39031961200",1.02417844096798e-05,1.02417844096798,0.0922048636216972
"46005956900",1.02717580203306e-05,1.02717580203306,0.0924747104151618
"46097961600",1.02717580203306e-05,1.02717580203306,0.0924747104151618
"45023020500",1.02741883553134e-05,1.02741883553134,0.0924965902650669
"22091951100",1.0276874559305e-05,1.0276874559305,0.0925207736556557
"22105953501",1.0276874559305e-05,1.0276874559305,0.0925207736556557
"04021000400",1.02772015781179e-05,1.02772015781179,0.0925237177446776
"47173040300",1.02867139481956e-05,1.02867139481956,0.0926093558279108
"47109930400",1.03130997873631e-05,1.03130997873631,0.0928469025877981
"13119890201",1.03224911904872e-05,1.03224911904872,0.0929314516282422
"39039958400",1.03239788347824e-05,1.03239788347824,0.0929448446107412
"29005950200",1.03268577629471e-05,1.03268577629471,0.0929707630609042
"21095970900",1.03342582201343e-05,1.03342582201343,0.0930373879885915
"21095971300",1.03342582201343e-05,1.03342582201343,0.0930373879885915
"51105950100",1.03342582201343e-05,1.03342582201343,0.0930373879885915
"51195931700",1.03342582201343e-05,1.03342582201343,0.0930373879885915
"13241970304",1.03351331622699e-05,1.03351331622699,0.093045264928494
"49005001202",1.03384953021796e-05,1.03384953021796,0.0930755336433439
"49005001001",1.03384953021796e-05,1.03384953021796,0.0930755336433439
"49005001002",1.03384953021796e-05,1.03384953021796,0.0930755336433439
"12023110202",1.03560941722956e-05,1.03560941722956,0.0932339729693474
"55095960100",1.03668901577243e-05,1.03668901577243,0.0933311672007719
"55095960200",1.03668901577243e-05,1.03668901577243,0.0933311672007719
"55095960301",1.03668901577243e-05,1.03668901577243,0.0933311672007719
"17037001900",1.03678538534214e-05,1.03678538534214,0.093339843172338
"20107955101",1.03714176157415e-05,1.03714176157415,0.0933719270559232
"20035493600",1.0372815521796e-05,1.0372815521796,0.0933845121418765
"20035493500",1.0372815521796e-05,1.0372815521796,0.0933845121418765
"51017920101",1.03811546448263e-05,1.03811546448263,0.09345958770205
"51017920102",1.03811546448263e-05,1.03811546448263,0.09345958770205
"13085970103",1.03863957403085e-05,1.03863957403085,0.0935067723014161
"48209010813",1.03918182300443e-05,1.03918182300443,0.0935555899592167
"05145071002",1.04023302948396e-05,1.04023302948396,0.093650228106444
"51081880102",1.040360945074e-05,1.040360945074,0.0936617441070382
"48019000301",1.04087166996859e-05,1.04087166996859,0.0937077237111483
"29113810206",1.04116687496128e-05,1.04116687496128,0.0937343004628184
"48479001815",1.04225715381865e-05,1.04225715381865,0.0938324562229205
"42015950100",1.04303833441594e-05,1.04303833441594,0.093902784446554
"13187960106",1.04403464457001e-05,1.04403464457001,0.0939924803805889
"13187960206",1.04403464457001e-05,1.04403464457001,0.0939924803805889
"39001770301",1.0467349218133e-05,1.0467349218133,0.0942355812749242
"39001770400",1.0467349218133e-05,1.0467349218133,0.0942355812749242
"05123960100",1.04774598309952e-05,1.04774598309952,0.0943266052257125
"05123960600",1.04774598309952e-05,1.04774598309952,0.0943266052257125
"05093011100",1.04774598309952e-05,1.04774598309952,0.0943266052257125
"05093011200",1.04774598309952e-05,1.04774598309952,0.0943266052257125
"12099008002",1.04830181450988e-05,1.04830181450988,0.094376645684815
"20099950200",1.0496639130167e-05,1.0496639130167,0.0944992728580075
"20099950300",1.0496639130167e-05,1.0496639130167,0.0944992728580075
"20099950400",1.0496639130167e-05,1.0496639130167,0.0944992728580075
"51035080402",1.05059789265261e-05,1.05059789265261,0.0945833572924281
"51035080601",1.05059789265261e-05,1.05059789265261,0.0945833572924281
"28079040100",1.0509343706003e-05,1.0509343706003,0.0946136497708063
"28079040401",1.0509343706003e-05,1.0509343706003,0.0946136497708063
"28079040402",1.0509343706003e-05,1.0509343706003,0.0946136497708063
"28101050200",1.0509343706003e-05,1.0509343706003,0.0946136497708063
"28019950300",1.0509343706003e-05,1.0509343706003,0.0946136497708063
"28159950200",1.0509343706003e-05,1.0509343706003,0.0946136497708063
"28159950300",1.0509343706003e-05,1.0509343706003,0.0946136497708063
"28159950400",1.0509343706003e-05,1.0509343706003,0.0946136497708063
"28159950500",1.0509343706003e-05,1.0509343706003,0.0946136497708063
"28007060500",1.0509343706003e-05,1.0509343706003,0.0946136497708063
"26149041301",1.0509648865426e-05,1.0509648865426,0.0946163970638419
"27063480100",1.05227902306416e-05,1.05227902306416,0.094734706309481
"27091790100",1.05227902306416e-05,1.05227902306416,0.094734706309481
"27091790300",1.05227902306416e-05,1.05227902306416,0.094734706309481
"27091790400",1.05227902306416e-05,1.05227902306416,0.094734706309481
"06053011302",1.05240718232364e-05,1.05240718232364,0.0947462442471777
"06053011305",1.05240718232364e-05,1.05240718232364,0.0947462442471777
"06053011306",1.05240718232364e-05,1.05240718232364,0.0947462442471777
"06029006002",1.05336660875449e-05,1.05336660875449,0.094832619608807
"04021000802",1.05360784968497e-05,1.05360784968497,0.0948543380771961
"39083007400",1.05392930093964e-05,1.05392930093964,0.0948832777305926
"29093950100",1.05409074523835e-05,1.05409074523835,0.0948978122579266
"29093950200",1.05409074523835e-05,1.05409074523835,0.0948978122579266
"48419950402",1.05484507208501e-05,1.05484507208501,0.0949657228887701
"47183968500",1.0561631423574e-05,1.0561631423574,0.0950843862826165
"20125950200",1.05685331288603e-05,1.05685331288603,0.0951465210405087
"20205097100",1.05685331288603e-05,1.05685331288603,0.0951465210405087
"12079110100",1.05755637337189e-05,1.05755637337189,0.0952098162570681
"12079110301",1.05755637337189e-05,1.05755637337189,0.0952098162570681
"13101880100",1.05755637337189e-05,1.05755637337189,0.0952098162570681
"13173950202",1.05755637337189e-05,1.05755637337189,0.0952098162570681
"12017450402",1.05915754309262e-05,1.05915754309262,0.0953539665631374
"48061012301",1.06022547442425e-05,1.06022547442425,0.0954501104174224
"13031110201",1.0603003069474e-05,1.0603003069474,0.0954568474490914
"13031110202",1.0603003069474e-05,1.0603003069474,0.0954568474490914
"13031110301",1.0603003069474e-05,1.0603003069474,0.0954568474490914
"13031110602",1.0603003069474e-05,1.0603003069474,0.0954568474490914
"13031110604",1.0603003069474e-05,1.0603003069474,0.0954568474490914
"29009960201",1.0631954579201e-05,1.0631954579201,0.0957174924596911
"29009960202",1.0631954579201e-05,1.0631954579201,0.0957174924596911
"48365950500",1.06340965823123e-05,1.06340965823123,0.0957367765118498
"48401951100",1.06340965823123e-05,1.06340965823123,0.0957367765118498
"48467951001",1.0634655769168e-05,1.0634655769168,0.0957418107662049
"48501950200",1.06350149262544e-05,1.06350149262544,0.0957450441900738
"13069010301",1.06386584762224e-05,1.06386584762224,0.0957778463868845
"13069010302",1.06386584762224e-05,1.06386584762224,0.0957778463868845
"06065044405",1.06387333829953e-05,1.06387333829953,0.0957785207585079
"22091951201",1.06392144089351e-05,1.06392144089351,0.0957828513448006
"21187970100",1.06446188560048e-05,1.06446188560048,0.0958315065678633
"28077960300",1.06460111211853e-05,1.06460111211853,0.0958440408700862
"06107003302",1.06651553204477e-05,1.06651553204477,0.0960163925044819
"06107003501",1.06651553204477e-05,1.06651553204477,0.0960163925044819
"06107003503",1.06651553204477e-05,1.06651553204477,0.0960163925044819
"01063060200",1.06748837840149e-05,1.06748837840149,0.0961039760368608
"40041375901",1.06795481268273e-05,1.06795481268273,0.0961459682401428
"01111000200",1.06917403839691e-05,1.06917403839691,0.0962557328438517
"55027960500",1.06942639506387e-05,1.06942639506387,0.0962784520411422
"47017962400",1.06992099904382e-05,1.06992099904382,0.0963229803095511
"47023970102",1.06992099904382e-05,1.06992099904382,0.0963229803095511
"47033961200",1.06992099904382e-05,1.06992099904382,0.0963229803095511
"47039955003",1.06992099904382e-05,1.06992099904382,0.0963229803095511
"47053966800",1.06992099904382e-05,1.06992099904382,0.0963229803095511
"47077975000",1.06992099904382e-05,1.06992099904382,0.0963229803095511
"47077975100",1.06992099904382e-05,1.06992099904382,0.0963229803095511
"47077975200",1.06992099904382e-05,1.06992099904382,0.0963229803095511
"47077975301",1.06992099904382e-05,1.06992099904382,0.0963229803095511
"47077975400",1.06992099904382e-05,1.06992099904382,0.0963229803095511
"47077975500",1.06992099904382e-05,1.06992099904382,0.0963229803095511
"47031970801",1.0699349081032e-05,1.0699349081032,0.0963242325160729
"47031970900",1.0699349081032e-05,1.0699349081032,0.0963242325160729
"47031971001",1.0699349081032e-05,1.0699349081032,0.0963242325160729
"47031971002",1.0699349081032e-05,1.0699349081032,0.0963242325160729
"48051970201",1.07103587723925e-05,1.07103587723925,0.096423350701909
"06099003501",1.07187905038279e-05,1.07187905038279,0.0964992599981798
"36013036100",1.07222099626327e-05,1.07222099626327,0.0965300447442889
"06071011206",1.07397401269767e-05,1.07397401269767,0.0966878655251166
"37145920200",1.07433548968998e-05,1.07433548968998,0.0967204086205823
"01033020802",1.07482688328176e-05,1.07482688328176,0.0967646478637671
"01059973000",1.07482688328176e-05,1.07482688328176,0.0967646478637671
"01059973200",1.07482688328176e-05,1.07482688328176,0.0967646478637671
"49003960602",1.07499743607772e-05,1.07499743607772,0.0967800024120204
"29177080100",1.07500436759937e-05,1.07500436759937,0.0967806264439106
"48471790402",1.07550678107653e-05,1.07550678107653,0.0968258577867022
"45029970602",1.07552179177926e-05,1.07552179177926,0.0968272091721081
"45029970401",1.07552179177926e-05,1.07552179177926,0.0968272091721081
"35009000601",1.07629753647453e-05,1.07629753647453,0.0968970480116808
"35041000401",1.07629753647453e-05,1.07629753647453,0.0968970480116808
"35041000402",1.07629753647453e-05,1.07629753647453,0.0968970480116808
"48017950101",1.07629753647453e-05,1.07629753647453,0.0968970480116808
"48369950200",1.07629753647453e-05,1.07629753647453,0.0968970480116808
"48369950300",1.07629753647453e-05,1.07629753647453,0.0968970480116808
"51083930400",1.07659084887519e-05,1.07659084887519,0.096923454376841
"42061950500",1.07672778785877e-05,1.07672778785877,0.0969357827366272
"31067964600",1.0774767122064e-05,1.0774767122064,0.0970032069906184
"39083007301",1.07772995759895e-05,1.07772995759895,0.0970260061982066
"39171950600",1.07786270728406e-05,1.07786270728406,0.0970379574033108
"29186960102",1.07803426279392e-05,1.07803426279392,0.0970534022240154
"27043460300",1.07855026107367e-05,1.07855026107367,0.0970998565810983
"25011040502",1.07923780020009e-05,1.07923780020009,0.0971617544387863
"01043964500",1.08083703649963e-05,1.08083703649963,0.0973057306825731
"01043964600",1.08083703649963e-05,1.08083703649963,0.0973057306825731
"29079960200",1.08089175324372e-05,1.08089175324372,0.0973106567283916
"55057100100",1.08202200585897e-05,1.08202200585897,0.0974124112509226
"48349970200",1.08265716435924e-05,1.08265716435924,0.0974695933791074
"40027202405",1.08331167860576e-05,1.08331167860576,0.0975285180688146
"16055940000",1.083442258625e-05,1.083442258625,0.097540273942971
"20125951300",1.08383861248189e-05,1.08383861248189,0.0975759569371238
"36033940000",1.08389128101742e-05,1.08389128101742,0.0975806985865684
"36033950200",1.08389128101742e-05,1.08389128101742,0.0975806985865684
"36089490300",1.08389128101742e-05,1.08389128101742,0.0975806985865684
"22011960101",1.08493445195831e-05,1.08493445195831,0.097674613309327
"22085000701",1.08493445195831e-05,1.08493445195831,0.097674613309327
"22085000702",1.08493445195831e-05,1.08493445195831,0.097674613309327
"22115950801",1.08493445195831e-05,1.08493445195831,0.097674613309327
"22115950802",1.08493445195831e-05,1.08493445195831,0.097674613309327
"48241950300",1.08493445195831e-05,1.08493445195831,0.097674613309327
"48241950400",1.08493445195831e-05,1.08493445195831,0.097674613309327
"48351950100",1.08493445195831e-05,1.08493445195831,0.097674613309327
"48351950201",1.08493445195831e-05,1.08493445195831,0.097674613309327
"47003950100",1.08494267071197e-05,1.08494267071197,0.0976753532283001
"48339694502",1.08657857214067e-05,1.08657857214067,0.0978226303648792
"48391950200",1.08668354053509e-05,1.08668354053509,0.0978320804725021
"39069000600",1.08843651735514e-05,1.08843651735514,0.0979898976869241
"12099980400",1.088551914427e-05,1.088551914427,0.098000286668812
"53045940000",1.09008151628052e-05,1.09008151628052,0.0981379938540619
"01027958900",1.09149371088103e-05,1.09149371088103,0.0982651310845861
"37049960302",1.09261942280269e-05,1.09261942280269,0.0983664768169918
"37009970200",1.09360252375876e-05,1.09360252375876,0.0984549835517119
"37009970300",1.09360252375876e-05,1.09360252375876,0.0984549835517119
"37011930100",1.09360252375876e-05,1.09360252375876,0.0984549835517119
"37011930400",1.09360252375876e-05,1.09360252375876,0.0984549835517119
"37121950300",1.09360252375876e-05,1.09360252375876,0.0984549835517119
"37189921000",1.09360252375876e-05,1.09360252375876,0.0984549835517119
"47091956200",1.09360252375876e-05,1.09360252375876,0.0984549835517119
"48477170502",1.09370086042895e-05,1.09370086042895,0.0984638366176438
"47131965200",1.09410651970425e-05,1.09410651970425,0.0985003573611585
"47131965400",1.09410651970425e-05,1.09410651970425,0.0985003573611585
"47131965800",1.09410651970425e-05,1.09410651970425,0.0985003573611585
"28051950100",1.0941721520732e-05,1.0941721520732,0.0985062661202049
"12019030105",1.09491745136836e-05,1.09491745136836,0.0985733640175231
"05091020902",1.09559869530698e-05,1.09559869530698,0.0986346951312636
"48037011403",1.09559869530698e-05,1.09559869530698,0.0986346951312636
"42111021904",1.09589071751636e-05,1.09589071751636,0.0986609853429233
"48063950102",1.09800954768722e-05,1.09800954768722,0.0988517396481565
"48449950200",1.09800954768722e-05,1.09800954768722,0.0988517396481565
"48449950400",1.09800954768722e-05,1.09800954768722,0.0988517396481565
"48159950102",1.09800954768722e-05,1.09800954768722,0.0988517396481565
"48427950500",1.09825875174617e-05,1.09825875174617,0.0988741750220624
"39141955603",1.09833747867523e-05,1.09833747867523,0.0988812626597894
"39141956600",1.09833747867523e-05,1.09833747867523,0.0988812626597894
"29099701300",1.0995252406594e-05,1.0995252406594,0.0989881946429133
"42083420700",1.10025210718913e-05,1.10025210718913,0.0990536330729407
"42105950401",1.10025210718913e-05,1.10025210718913,0.0990536330729407
"12019031201",1.10150085610238e-05,1.10150085610238,0.0991660555948746
"47069950600",1.10156326794729e-05,1.10156326794729,0.0991716744161836
"48223950200",1.10369607555535e-05,1.10369607555535,0.0993636870838654
"06037900103",1.10376501769056e-05,1.10376501769056,0.0993698938149589
"39019720500",1.10474151459914e-05,1.10474151459914,0.0994578059996731
"47153060102",1.10491005644188e-05,1.10491005644188,0.0994729795055806
"29041470200",1.10518203483896e-05,1.10518203483896,0.0994974652104223
"29039870300",1.1052665539174e-05,1.1052665539174,0.0995050743044916
"45091061401",1.10558868374623e-05,1.10558868374623,0.0995340750486467
"17191954900",1.10631960656484e-05,1.10631960656484,0.0995998786587522
"17191955100",1.10631960656484e-05,1.10631960656484,0.0995998786587522
"17191955200",1.10631960656484e-05,1.10631960656484,0.0995998786587522
"17193958300",1.10631960656484e-05,1.10631960656484,0.0995998786587522
"40101001302",1.10670840653086e-05,1.10670840653086,0.0996348815902815
"17075950800",1.1073088225838e-05,1.1073088225838,0.0996889359211121
"16055000102",1.107483340048e-05,1.107483340048,0.0997046474010091
"01059973600",1.10991387068363e-05,1.10991387068363,0.0999234635143172
"01009050107",1.11045275246249e-05,1.11045275246249,0.0999719780298943
"29113810205",1.11075945890854e-05,1.11075945890854,0.0999995902358329
"06107003802",1.11176132953392e-05,1.11176132953392,0.100089786768668
"51037930102",1.11410944329946e-05,1.11410944329946,0.100301183045781
"27111960400",1.11545131046757e-05,1.11545131046757,0.100421988829504
"36103159510",1.11685930993915e-05,1.11685930993915,0.100548748380441
"47155081103",1.1169997244028e-05,1.1169997244028,0.100561389631178
"01049960602",1.11743004239596e-05,1.11743004239596,0.100600130352801
"48313000300",1.11761249110039e-05,1.11761249110039,0.100616555867376
"12017451101",1.11842662013105e-05,1.11842662013105,0.100689850376653
"13147960402",1.11850566963443e-05,1.11850566963443,0.10069696705514
"12099008301",1.12031609622908e-05,1.12031609622908,0.100859956364991
"21175950200",1.12065377651824e-05,1.12065377651824,0.100890357087916
"21205950100",1.12065377651824e-05,1.12065377651824,0.100890357087916
"21205950302",1.12065377651824e-05,1.12065377651824,0.100890357087916
"22049970400",1.12263642350171e-05,1.12263642350171,0.101068851076276
"40051000802",1.12411248430194e-05,1.12411248430194,0.101201738060944
"13123080402",1.12430378441164e-05,1.12430378441164,0.10121896045093
"35049000102",1.1290883946674e-05,1.1290883946674,0.101649709936048
"47123925503",1.12944617116541e-05,1.12944617116541,0.101681919882954
"22065960500",1.12962098909403e-05,1.12962098909403,0.101697658413099
"19179960300",1.13158071529562e-05,1.13158071529562,0.101874088886467
"19179960600",1.13158071529562e-05,1.13158071529562,0.101874088886467
"19179960800",1.13158071529562e-05,1.13158071529562,0.101874088886467
"13005970202",1.13164873415685e-05,1.13164873415685,0.101880212496936
"13299950100",1.13164873415685e-05,1.13164873415685,0.101880212496936
"13299950200",1.13164873415685e-05,1.13164873415685,0.101880212496936
"13299950801",1.13164873415685e-05,1.13164873415685,0.101880212496936
"22009030800",1.13339878935142e-05,1.13339878935142,0.102037766682898
"18103952600",1.13447144784291e-05,1.13447144784291,0.102134336114516
"48007950103",1.13608818993577e-05,1.13608818993577,0.102279888372034
"48249950201",1.13608818993577e-05,1.13608818993577,0.102279888372034
"48249950301",1.13608818993577e-05,1.13608818993577,0.102279888372034
"48249950303",1.13608818993577e-05,1.13608818993577,0.102279888372034
"48249950400",1.13608818993577e-05,1.13608818993577,0.102279888372034
"48249950500",1.13608818993577e-05,1.13608818993577,0.102279888372034
"48249950600",1.13608818993577e-05,1.13608818993577,0.102279888372034
"48147950500",1.13610000083085e-05,1.13610000083085,0.10228095168476
"13031110302",1.13645447028887e-05,1.13645447028887,0.10231286390506
"13031110401",1.13645447028887e-05,1.13645447028887,0.10231286390506
"13031110406",1.13645447028887e-05,1.13645447028887,0.10231286390506
"13031110603",1.13645447028887e-05,1.13645447028887,0.10231286390506
"13031110702",1.13645447028887e-05,1.13645447028887,0.10231286390506
"12063211000",1.13657647853165e-05,1.13657647853165,0.102323848078263
"18131959200",1.13668921120176e-05,1.13668921120176,0.10233399718906
"48427950602",1.13678712879833e-05,1.13678712879833,0.10234281252658
"21047980100",1.13755248624681e-05,1.13755248624681,0.102411716221811
"36103170101",1.13758728174583e-05,1.13758728174583,0.10241484879531
"17099962500",1.13825410065625e-05,1.13825410065625,0.102474881250823
"17099962600",1.13825410065625e-05,1.13825410065625,0.102474881250823
"12083000402",1.13843032881742e-05,1.13843032881742,0.102490746741559
"06079010404",1.13913143345631e-05,1.13913143345631,0.102553865876885
"12099008302",1.13923495834381e-05,1.13923495834381,0.102563186028288
"28085950100",1.13930466286264e-05,1.13930466286264,0.102569461395349
"28085950202",1.13930466286264e-05,1.13930466286264,0.102569461395349
"28085950301",1.13930466286264e-05,1.13930466286264,0.102569461395349
"28085950401",1.13930466286264e-05,1.13930466286264,0.102569461395349
"28085950402",1.13930466286264e-05,1.13930466286264,0.102569461395349
"28113950700",1.13930466286264e-05,1.13930466286264,0.102569461395349
"48313000200",1.14067636884001e-05,1.14067636884001,0.102692953511091
"48313000400",1.14067636884001e-05,1.14067636884001,0.102692953511091
"21177960100",1.14097807553661e-05,1.14097807553661,0.102720115598966
"21177960700",1.14097807553661e-05,1.14097807553661,0.102720115598966
"21177960900",1.14097807553661e-05,1.14097807553661,0.102720115598966
"21177960300",1.14097807553661e-05,1.14097807553661,0.102720115598966
"40137001100",1.14253757183391e-05,1.14253757183391,0.102860514124906
"36089492600",1.14725455243692e-05,1.14725455243692,0.103285175039263
"06111007300",1.14945099065788e-05,1.14945099065788,0.10348291625165
"40119011301",1.14974281298208e-05,1.14974281298208,0.103509188468022
"48251130414",1.15094958746721e-05,1.15094958746721,0.103617832110938
"41009970400",1.15139607667912e-05,1.15139607667912,0.103658028697047
"01049960900",1.15186281597558e-05,1.15186281597558,0.103700048360277
"01049961100",1.15186281597558e-05,1.15186281597558,0.103700048360277
"27023950300",1.15192776117807e-05,1.15192776117807,0.103705895255016
"27023950500",1.15192776117807e-05,1.15192776117807,0.103705895255016
"27023950601",1.15192776117807e-05,1.15192776117807,0.103705895255016
"27023950602",1.15192776117807e-05,1.15192776117807,0.103705895255016
"27129790300",1.15192776117807e-05,1.15192776117807,0.103705895255016
"27173970100",1.15192776117807e-05,1.15192776117807,0.103705895255016
"27129790400",1.15192776117807e-05,1.15192776117807,0.103705895255016
"05143010513",1.1526006519768e-05,1.1526006519768,0.103766474351243
"08045952003",1.1537807994326e-05,1.1537807994326,0.103872720812663
"36009960100",1.15511848684513e-05,1.15511848684513,0.103993150300834
"12017451603",1.15534794272481e-05,1.15534794272481,0.104013807783208
"28015950202",1.15602868874391e-05,1.15602868874391,0.104075094070189
"28051950300",1.15602868874391e-05,1.15602868874391,0.104075094070189
"06025011301",1.15647760180369e-05,1.15647760180369,0.104115508870774
"06025011303",1.15647760180369e-05,1.15647760180369,0.104115508870774
"06025011803",1.15647760180369e-05,1.15647760180369,0.104115508870774
"06025011901",1.15647760180369e-05,1.15647760180369,0.104115508870774
"06025011902",1.15647760180369e-05,1.15647760180369,0.104115508870774
"06025011903",1.15647760180369e-05,1.15647760180369,0.104115508870774
"06025012001",1.15647760180369e-05,1.15647760180369,0.104115508870774
"06025012003",1.15647760180369e-05,1.15647760180369,0.104115508870774
"06025012004",1.15647760180369e-05,1.15647760180369,0.104115508870774
"06025012101",1.15647760180369e-05,1.15647760180369,0.104115508870774
"06025012102",1.15647760180369e-05,1.15647760180369,0.104115508870774
"06025012201",1.15647760180369e-05,1.15647760180369,0.104115508870774
"06025012202",1.15647760180369e-05,1.15647760180369,0.104115508870774
"48037011301",1.15652574423402e-05,1.15652574423402,0.104119843043458
"39015951500",1.15654568221781e-05,1.15654568221781,0.104121638022734
"39015951800",1.15654568221781e-05,1.15654568221781,0.104121638022734
"42031160800",1.15709257173276e-05,1.15709257173276,0.104170873459768
"04019004127",1.15875842189649e-05,1.15875842189649,0.104320846824776
"26109960500",1.16016078853994e-05,1.16016078853994,0.104447099262764
"26109960600",1.16016078853994e-05,1.16016078853994,0.104447099262764
"26109960700",1.16016078853994e-05,1.16016078853994,0.104447099262764
"55075961200",1.16016078853994e-05,1.16016078853994,0.104447099262764
"55075961500",1.16016078853994e-05,1.16016078853994,0.104447099262764
"06025010200",1.16052898106167e-05,1.16052898106167,0.104480246944745
"06025010300",1.16052898106167e-05,1.16052898106167,0.104480246944745
"06025010401",1.16052898106167e-05,1.16052898106167,0.104480246944745
"06025010402",1.16052898106167e-05,1.16052898106167,0.104480246944745
"06025010500",1.16052898106167e-05,1.16052898106167,0.104480246944745
"06025010600",1.16052898106167e-05,1.16052898106167,0.104480246944745
"06025010700",1.16052898106167e-05,1.16052898106167,0.104480246944745
"06025011001",1.16052898106167e-05,1.16052898106167,0.104480246944745
"06025011002",1.16052898106167e-05,1.16052898106167,0.104480246944745
"40063485000",1.1609666891986e-05,1.1609666891986,0.104519652987147
"40123088600",1.1609666891986e-05,1.1609666891986,0.104519652987147
"40123088801",1.1609666891986e-05,1.1609666891986,0.104519652987147
"40123088802",1.1609666891986e-05,1.1609666891986,0.104519652987147
"40123089000",1.1609666891986e-05,1.1609666891986,0.104519652987147
"06037901209",1.16123817156307e-05,1.16123817156307,0.104544094035103
"39039958100",1.16216441050264e-05,1.16216441050264,0.104627481589154
"41035970202",1.16230161618738e-05,1.16230161618738,0.104639833959546
"41035970700",1.16230161618738e-05,1.16230161618738,0.104639833959546
"41035970800",1.16230161618738e-05,1.16230161618738,0.104639833959546
"41035970901",1.16230161618738e-05,1.16230161618738,0.104639833959546
"01111000100",1.16254068942257e-05,1.16254068942257,0.104661357274394
"26035000500",1.16266082694303e-05,1.16266082694303,0.104672173029976
"26035000300",1.16266082694303e-05,1.16266082694303,0.104672173029976
"54083966300",1.16428752552451e-05,1.16428752552451,0.104818621651485
"54083966400",1.16428752552451e-05,1.16428752552451,0.104818621651485
"54083966500",1.16428752552451e-05,1.16428752552451,0.104818621651485
"54093965400",1.16428752552451e-05,1.16428752552451,0.104818621651485
"36103170205",1.16458475485531e-05,1.16458475485531,0.104845380650518
"22037951600",1.16524275172638e-05,1.16524275172638,0.104904618874379
"27049080101",1.16527645536816e-05,1.16527645536816,0.104907653150019
"12107951401",1.16639696371718e-05,1.16639696371718,0.105008530414542
"18133956100",1.16701181646083e-05,1.16701181646083,0.105063884453553
"06107000802",1.16918886338242e-05,1.16918886338242,0.105259879903637
"06107003100",1.16918886338242e-05,1.16918886338242,0.105259879903637
"29115490500",1.16935143789348e-05,1.16935143789348,0.105274516181868
"06029005900",1.17039606401917e-05,1.17039606401917,0.105368561912184
"49049010600",1.17127462406305e-05,1.17127462406305,0.105447657024705
"48187210903",1.17159555795547e-05,1.17159555795547,0.105476550100948
"53031950202",1.17169635980386e-05,1.17169635980386,0.105485625102249
"53031950400",1.17169635980386e-05,1.17169635980386,0.105485625102249
"01049960303",1.17245255262162e-05,1.17245255262162,0.10555370372297
"48367140601",1.17273251326021e-05,1.17273251326021,0.10557890805404
"19059450200",1.1735210189883e-05,1.1735210189883,0.105649895745457
"39157021700",1.17397437145078e-05,1.17397437145078,0.105690710217138
"26117970100",1.17409910884264e-05,1.17409910884264,0.105701940090512
"21221980100",1.17446537263296e-05,1.17446537263296,0.105734914132423
"48427950106",1.17452964092988e-05,1.17452964092988,0.105740700086623
"48427950107",1.17452964092988e-05,1.17452964092988,0.105740700086623
"48427950403",1.17452964092988e-05,1.17452964092988,0.105740700086623
"01077011502",1.17484604084161e-05,1.17484604084161,0.105769184977092
"18175967600",1.17796286357517e-05,1.17796286357517,0.106049786680452
"29151490200",1.17819532062064e-05,1.17819532062064,0.106070714352153
"37121950100",1.17826659012052e-05,1.17826659012052,0.106077130611521
"21011970201",1.17833132288844e-05,1.17833132288844,0.106082958381175
"21011970202",1.17833132288844e-05,1.17833132288844,0.106082958381175
"21121930100",1.17875449049673e-05,1.17875449049673,0.106121055367062
"39083006802",1.18036720896478e-05,1.18036720896478,0.106266245385186
"26031960600",1.18039192936416e-05,1.18039192936416,0.106268470916366
"48119950100",1.18189702867765e-05,1.18189702867765,0.106403972183905
"48119950200",1.18189702867765e-05,1.18189702867765,0.106403972183905
"17073030800",1.18245120439135e-05,1.18245120439135,0.106453863583743
"36113073500",1.18322693081738e-05,1.18322693081738,0.10652370077857
"36113075002",1.18322693081738e-05,1.18322693081738,0.10652370077857
"48061012304",1.18328187202615e-05,1.18328187202615,0.106528647032523
"48061014201",1.18328187202615e-05,1.18328187202615,0.106528647032523
"48061014202",1.18328187202615e-05,1.18328187202615,0.106528647032523
"17117956600",1.18707275173349e-05,1.18707275173349,0.106869932820663
"54085962500",1.19012404680261e-05,1.19012404680261,0.107144635191328
"39167021201",1.19012404680261e-05,1.19012404680261,0.107144635191328
"54085962400",1.19012404680261e-05,1.19012404680261,0.107144635191328
"54105030102",1.19012404680261e-05,1.19012404680261,0.107144635191328
"47139950201",1.1903185879573e-05,1.1903185879573,0.107162149366514
"22111960100",1.19034804676023e-05,1.19034804676023,0.107164801487275
"39093097100",1.19108235147488e-05,1.19108235147488,0.107230909563137
"06065044407",1.19156016344329e-05,1.19156016344329,0.107273926078249
"08119010203",1.19326337620828e-05,1.19326337620828,0.107427263128155
"51029930201",1.1934793083277e-05,1.1934793083277,0.107446703091765
"06071011500",1.19410219641734e-05,1.19410219641734,0.107502780537901
"39125960100",1.19522635748134e-05,1.19522635748134,0.107603986649501
"21051950201",1.19650747190316e-05,1.19650747190316,0.107719322977452
"21051950202",1.19650747190316e-05,1.19650747190316,0.107719322977452
"50009950200",1.19666288454115e-05,1.19666288454115,0.107733314485687
"50011010300",1.19666288454115e-05,1.19666288454115,0.107733314485687
"26051000900",1.19765063863511e-05,1.19765063863511,0.107822240133681
"06071009400",1.19830897023669e-05,1.19830897023669,0.107881508492703
"06071009501",1.19830897023669e-05,1.19830897023669,0.107881508492703
"06071009502",1.19830897023669e-05,1.19830897023669,0.107881508492703
"06071011802",1.19830897023669e-05,1.19830897023669,0.107881508492703
"06071012001",1.19830897023669e-05,1.19830897023669,0.107881508492703
"19107080200",1.1995221147121e-05,1.1995221147121,0.107990725613894
"13229960301",1.2006322529444e-05,1.2006322529444,0.108090669276264
"13229960401",1.2006322529444e-05,1.2006322529444,0.108090669276264
"46135966100",1.20132812200504e-05,1.20132812200504,0.108153317062302
"18085962400",1.20139157780628e-05,1.20139157780628,0.108159029869041
"18085962500",1.20139157780628e-05,1.20139157780628,0.108159029869041
"55077960400",1.2029242825233e-05,1.2029242825233,0.108297016399271
"41071030502",1.20576491324977e-05,1.20576491324977,0.108552753054386
"48023950301",1.20578496332484e-05,1.20578496332484,0.108554558125029
"48023950302",1.20578496332484e-05,1.20578496332484,0.108554558125029
"17099962300",1.20616561647229e-05,1.20616561647229,0.108588827613766
"47125101400",1.20692952361914e-05,1.20692952361914,0.108657600741063
"47125980100",1.20692952361914e-05,1.20692952361914,0.108657600741063
"01003011419",1.20706886728949e-05,1.20706886728949,0.108670145590287
"48037011601",1.20734296924764e-05,1.20734296924764,0.108694822475348
"27005450200",1.20791210723677e-05,1.20791210723677,0.108746060900774
"39119912800",1.20834546242589e-05,1.20834546242589,0.10878507505545
"48477170602",1.20855300638111e-05,1.20855300638111,0.108803759848374
"26087331000",1.2092594496306e-05,1.2092594496306,0.108867359608797
"13091960302",1.20948671705386e-05,1.20948671705386,0.108887820068546
"29009960402",1.2100258140857e-05,1.2100258140857,0.108936353962945
"28097950200",1.21078961805296e-05,1.21078961805296,0.109005117801177
"28015950201",1.21078961805296e-05,1.21078961805296,0.109005117801177
"06071011002",1.21116804063384e-05,1.21116804063384,0.10903918647619
"47055920700",1.21119394545145e-05,1.21119394545145,0.109041518638321
"21087930300",1.21135294885625e-05,1.21135294885625,0.109055833416555
"48251130501",1.21198873184594e-05,1.21198873184594,0.109113071766351
"06029005513",1.21222956487161e-05,1.21222956487161,0.109134753511835
"06029005514",1.21222956487161e-05,1.21222956487161,0.109134753511835
"06029005806",1.21222956487161e-05,1.21222956487161,0.109134753511835
"29113810100",1.2132048931728e-05,1.2132048931728,0.109222560489018
"33009960200",1.21354712170675e-05,1.21354712170675,0.109253370681889
"33009960300",1.21354712170675e-05,1.21354712170675,0.109253370681889
"19143460100",1.21424973189605e-05,1.21424973189605,0.109316625359094
"19167070100",1.21424973189605e-05,1.21424973189605,0.109316625359094
"19167070200",1.21424973189605e-05,1.21424973189605,0.109316625359094
"36017970502",1.21469947526233e-05,1.21469947526233,0.109357114910615
"05123960400",1.21471312697206e-05,1.21471312697206,0.109358343948431
"05123960500",1.21471312697206e-05,1.21471312697206,0.109358343948431
"05037950100",1.21471312697206e-05,1.21471312697206,0.109358343948431
"05123960201",1.21471312697206e-05,1.21471312697206,0.109358343948431
"05123960202",1.21471312697206e-05,1.21471312697206,0.109358343948431
"48367140408",1.21501819010978e-05,1.21501819010978,0.109385808210404
"17151971300",1.21652476830729e-05,1.21652476830729,0.109521442619097
"21055930200",1.21652476830729e-05,1.21652476830729,0.109521442619097
"20117070182",1.21720835510934e-05,1.21720835510934,0.109582984656436
"48291700301",1.21772429319906e-05,1.21772429319906,0.109629433594724
"04021000807",1.21786546725043e-05,1.21786546725043,0.109642143229718
"48277000600",1.21820565470112e-05,1.21820565470112,0.109672769667692
"48277000700",1.21820565470112e-05,1.21820565470112,0.109672769667692
"48277000101",1.21820565470112e-05,1.21820565470112,0.109672769667692
"48277000402",1.21820565470112e-05,1.21820565470112,0.109672769667692
"48277000500",1.21820565470112e-05,1.21820565470112,0.109672769667692
"48277000800",1.21820565470112e-05,1.21820565470112,0.109672769667692
"29186960400",1.21909373511123e-05,1.21909373511123,0.109752721880923
"19063070300",1.22012409277855e-05,1.22012409277855,0.109845483048701
"19063070400",1.22012409277855e-05,1.22012409277855,0.109845483048701
"27063480300",1.22012409277855e-05,1.22012409277855,0.109845483048701
"21221970301",1.22068697357151e-05,1.22068697357151,0.109896158150494
"17185957200",1.22094902149433e-05,1.22094902149433,0.109919749833368
"53077002900",1.22112914399803e-05,1.22112914399803,0.109935965924456
"06033000902",1.22136380967359e-05,1.22136380967359,0.10995709243498
"37051002900",1.22151440914417e-05,1.22151440914417,0.109970650622783
"13147960502",1.22321233156278e-05,1.22321233156278,0.110123511392729
"40051000701",1.22355194727792e-05,1.22355194727792,0.110154086358424
"18133956402",1.22364270245542e-05,1.22364270245542,0.110162256876792
"18075963300",1.22444888017049e-05,1.22444888017049,0.110234835544043
"06017030606",1.22472152710458e-05,1.22472152710458,0.110259381436018
"45077010201",1.22625806796355e-05,1.22625806796355,0.11039771332691
"31053963700",1.22681451476667e-05,1.22681451476667,0.110447809188669
"31053963600",1.22681451476667e-05,1.22681451476667,0.110447809188669
"23001044000",1.2271768245466e-05,1.2271768245466,0.110480427258441
"18085961200",1.22753869197979e-05,1.22753869197979,0.110513005504567
"48007950102",1.22774727965746e-05,1.22774727965746,0.110531784261865
"48007950200",1.22774727965746e-05,1.22774727965746,0.110531784261865
"48007950301",1.22774727965746e-05,1.22774727965746,0.110531784261865
"48007950302",1.22774727965746e-05,1.22774727965746,0.110531784261865
"48007950400",1.22774727965746e-05,1.22774727965746,0.110531784261865
"48007950503",1.22774727965746e-05,1.22774727965746,0.110531784261865
"48249950102",1.22774727965746e-05,1.22774727965746,0.110531784261865
"48249950302",1.22774727965746e-05,1.22774727965746,0.110531784261865
"48355005803",1.22774727965746e-05,1.22774727965746,0.110531784261865
"48355005900",1.22774727965746e-05,1.22774727965746,0.110531784261865
"48355006000",1.22774727965746e-05,1.22774727965746,0.110531784261865
"48409010900",1.22774727965746e-05,1.22774727965746,0.110531784261865
"48409011000",1.22774727965746e-05,1.22774727965746,0.110531784261865
"48409011200",1.22774727965746e-05,1.22774727965746,0.110531784261865
"48409011300",1.22774727965746e-05,1.22774727965746,0.110531784261865
"47081950302",1.22775211533853e-05,1.22775211533853,0.11053221960916
"26033970700",1.22825912195407e-05,1.22825912195407,0.110577864463583
"25027703300",1.2286819592204e-05,1.2286819592204,0.110615931709403
"51193010401",1.22893646233e-05,1.22893646233,0.110638844146897
"29167960201",1.22895871822484e-05,1.22895871822484,0.110640847803357
"06079010016",1.22953092566702e-05,1.22953092566702,0.110692362565881
"06079010303",1.22953092566702e-05,1.22953092566702,0.110692362565881
"06079010017",1.22953092566702e-05,1.22953092566702,0.110692362565881
"26109960300",1.23031930259247e-05,1.23031930259247,0.110763338661438
"39127965801",1.23111505901318e-05,1.23111505901318,0.110834979119109
"39141955500",1.2311266179696e-05,1.2311266179696,0.110836019750271
"49057210102",1.2320105426983e-05,1.2320105426983,0.110915597835301
"05107480100",1.23202720197669e-05,1.23202720197669,0.110917097638881
"05107480201",1.23202720197669e-05,1.23202720197669,0.110917097638881
"05107480202",1.23202720197669e-05,1.23202720197669,0.110917097638881
"28119950100",1.23202720197669e-05,1.23202720197669,0.110917097638881
"28133950100",1.23202720197669e-05,1.23202720197669,0.110917097638881
"55047100300",1.23262207577935e-05,1.23262207577935,0.110970653011316
"26073000300",1.23265088902075e-05,1.23265088902075,0.110973247013384
"26073940100",1.23265088902075e-05,1.23265088902075,0.110973247013384
"29131962802",1.23282107334734e-05,1.23282107334734,0.110988568389031
"29029950701",1.23282107334734e-05,1.23282107334734,0.110988568389031
"29029950801",1.23282107334734e-05,1.23282107334734,0.110988568389031
"29029951201",1.23282107334734e-05,1.23282107334734,0.110988568389031
"29085470100",1.23282107334734e-05,1.23282107334734,0.110988568389031
"29105960302",1.23282107334734e-05,1.23282107334734,0.110988568389031
"29141470401",1.23282107334734e-05,1.23282107334734,0.110988568389031
"29141470501",1.23282107334734e-05,1.23282107334734,0.110988568389031
"29141470503",1.23282107334734e-05,1.23282107334734,0.110988568389031
"22019002701",1.23316123378702e-05,1.23316123378702,0.111019192395255
"22019002702",1.23316123378702e-05,1.23316123378702,0.111019192395255
"21053970204",1.2344666458869e-05,1.2344666458869,0.111136716197577
"48367140403",1.23485686858877e-05,1.23485686858877,0.111171847215346
"53027000401",1.23501191431374e-05,1.23501191431374,0.11118580569109
"19011960700",1.23529545324096e-05,1.23529545324096,0.111211332168772
"28079040600",1.23622469892758e-05,1.23622469892758,0.111294990414619
"40079040500",1.23731415022144e-05,1.23731415022144,0.111393071670731
"06017031900",1.2378905591125e-05,1.2378905591125,0.111444964681817
"40141070400",1.23973790140832e-05,1.23973790140832,0.111611277442987
"25027702201",1.24052230817405e-05,1.24052230817405,0.111681896112513
"51193010300",1.24101265538685e-05,1.24101265538685,0.111726041152161
"22077952201",1.24276534600964e-05,1.24276534600964,0.111883832600781
"28039950302",1.24349466316236e-05,1.24349466316236,0.111949491655799
"06071009134",1.2437683814631e-05,1.2437683814631,0.111974134000903
"54027968601",1.24531476439912e-05,1.24531476439912,0.112113351955528
"08037000401",1.24560372290916e-05,1.24560372290916,0.112139366348084
"08037000504",1.24560372290916e-05,1.24560372290916,0.112139366348084
"08037000505",1.24560372290916e-05,1.24560372290916,0.112139366348084
"12053040701",1.2458243913778e-05,1.2458243913778,0.112159232716328
"06009000123",1.24583745006331e-05,1.24583745006331,0.112160408365286
"06009000124",1.24583745006331e-05,1.24583745006331,0.112160408365286
"06009000501",1.24583745006331e-05,1.24583745006331,0.112160408365286
"06009000505",1.24583745006331e-05,1.24583745006331,0.112160408365286
"06009000506",1.24583745006331e-05,1.24583745006331,0.112160408365286
"06109005201",1.24583745006331e-05,1.24583745006331,0.112160408365286
"55135100100",1.24600989012953e-05,1.24600989012953,0.11217593282094
"01043965200",1.24601021767841e-05,1.24601021767841,0.112175962309551
"20041084200",1.24661807789756e-05,1.24661807789756,0.1122306868247
"12123950202",1.24727234989842e-05,1.24727234989842,0.112289589705485
"12047960101",1.24740444878931e-05,1.24740444878931,0.112301482320807
"12047960102",1.24740444878931e-05,1.24740444878931,0.112301482320807
"12047960201",1.24740444878931e-05,1.24740444878931,0.112301482320807
"47129110100",1.24778332165248e-05,1.24778332165248,0.11233559153389
"48339694700",1.24840063773269e-05,1.24840063773269,0.11239116734247
"51001090102",1.24922551769331e-05,1.24922551769331,0.112465429737802
"51131930301",1.24922551769331e-05,1.24922551769331,0.112465429737802
"51131930302",1.24922551769331e-05,1.24922551769331,0.112465429737802
"51001090300",1.24922551769331e-05,1.24922551769331,0.112465429737802
"51131930100",1.24922551769331e-05,1.24922551769331,0.112465429737802
"51131930200",1.24922551769331e-05,1.24922551769331,0.112465429737802
"51033030202",1.24954284499678e-05,1.24954284499678,0.112493998119609
"45045004102",1.25075319074798e-05,1.25075319074798,0.11260296327691
"28135950100",1.25091854726309e-05,1.25091854726309,0.112617850013747
"28135950200",1.25091854726309e-05,1.25091854726309,0.112617850013747
"48139060900",1.25103715973752e-05,1.25103715973752,0.112628528472296
"06061020200",1.2527506569705e-05,1.2527506569705,0.11278279141356
"37083930701",1.25359409521042e-05,1.25359409521042,0.11285872457596
"37131920302",1.25359409521042e-05,1.25359409521042,0.11285872457596
"48367140603",1.2538433061393e-05,1.2538433061393,0.112881160568353
"19091970100",1.25473990112291e-05,1.25473990112291,0.112961879332663
"19091970200",1.25473990112291e-05,1.25473990112291,0.112961879332663
"48001950402",1.25627613439872e-05,1.25627613439872,0.113100183532421
"48161000900",1.25627613439872e-05,1.25627613439872,0.113100183532421
"48225950101",1.25627613439872e-05,1.25627613439872,0.113100183532421
"48225950102",1.25627613439872e-05,1.25627613439872,0.113100183532421
"19001960200",1.25680125306276e-05,1.25680125306276,0.113147458980591
"19175190100",1.25680125306276e-05,1.25680125306276,0.113147458980591
"19175190200",1.25680125306276e-05,1.25680125306276,0.113147458980591
"19175190300",1.25680125306276e-05,1.25680125306276,0.113147458980591
"19175190400",1.25680125306276e-05,1.25680125306276,0.113147458980591
"39031961500",1.25691482629101e-05,1.25691482629101,0.11315768376526
"08085966201",1.25823753567415e-05,1.25823753567415,0.113276764809544
"08085966202",1.25823753567415e-05,1.25823753567415,0.113276764809544
"08085966501",1.25823753567415e-05,1.25823753567415,0.113276764809544
"08091967601",1.25823753567415e-05,1.25823753567415,0.113276764809544
"51141030202",1.25839691625698e-05,1.25839691625698,0.113291113544409
"06107000701",1.25943904028767e-05,1.25943904028767,0.113384934015806
"06107000702",1.25943904028767e-05,1.25943904028767,0.113384934015806
"53041971600",1.26032849400968e-05,1.26032849400968,0.113465009865732
"37187950202",1.2614388461576e-05,1.2614388461576,0.113564972786523
"12105014129",1.26241155434793e-05,1.26241155434793,0.113652543880041
"47017980100",1.26351709483496e-05,1.26351709483496,0.11375207361603
"06107003700",1.26380799764349e-05,1.26380799764349,0.113778263050131
"48347951100",1.26423473280042e-05,1.26423473280042,0.11381668121573
"31077970900",1.2644573154603e-05,1.2644573154603,0.113836719915021
"49057210101",1.26514298586994e-05,1.26514298586994,0.113898449535643
"28043950102",1.26555054736201e-05,1.26555054736201,0.113935141532165
"28043950202",1.26555054736201e-05,1.26555054736201,0.113935141532165
"48279950300",1.26555061534543e-05,1.26555061534543,0.113935147652584
"20035493400",1.26615365723249e-05,1.26615365723249,0.113989438382334
"20191962600",1.26615365723249e-05,1.26615365723249,0.113989438382334
"20015020102",1.26615365723249e-05,1.26615365723249,0.113989438382334
"20035493200",1.26615365723249e-05,1.26615365723249,0.113989438382334
"20173010700",1.26615365723249e-05,1.26615365723249,0.113989438382334
"05067480500",1.26662808954787e-05,1.26662808954787,0.114032150633625
"01057020000",1.26761805815677e-05,1.26761805815677,0.114121275650246
"45055970604",1.26939901718622e-05,1.26939901718622,0.114281612050484
"48015760301",1.27054971135393e-05,1.27054971135393,0.114385206887633
"06065043293",1.27314450126457e-05,1.27314450126457,0.11461881095531
"36057072700",1.27345329709829e-05,1.27345329709829,0.114646611264901
"47085130300",1.27375314153456e-05,1.27375314153456,0.114673605696973
"45029970200",1.2739301654784e-05,1.2739301654784,0.11468954283053
"45049920201",1.2739301654784e-05,1.2739301654784,0.11468954283053
"45049920202",1.2739301654784e-05,1.2739301654784,0.11468954283053
"22067950200",1.27399112657243e-05,1.27399112657243,0.114695031043458
"22067950300",1.27399112657243e-05,1.27399112657243,0.114695031043458
"22067950600",1.27399112657243e-05,1.27399112657243,0.114695031043458
"22067950700",1.27399112657243e-05,1.27399112657243,0.114695031043458
"26087331500",1.27419393127113e-05,1.27419393127113,0.114713289170009
"21001970100",1.27464080167628e-05,1.27464080167628,0.11475352007423
"21021930700",1.27564629657135e-05,1.27564629657135,0.114844042893266
"21137920200",1.27564629657135e-05,1.27564629657135,0.114844042893266
"48381021707",1.2768958950935e-05,1.2768958950935,0.114956541903895
"48381021802",1.2768958950935e-05,1.2768958950935,0.114956541903895
"48381021803",1.2768958950935e-05,1.2768958950935,0.114956541903895
"48381021804",1.2768958950935e-05,1.2768958950935,0.114956541903895
"48381021900",1.2768958950935e-05,1.2768958950935,0.114956541903895
"48375014401",1.2768958950935e-05,1.2768958950935,0.114956541903895
"48375980000",1.2768958950935e-05,1.2768958950935,0.114956541903895
"48381021702",1.2768958950935e-05,1.2768958950935,0.114956541903895
"48381021705",1.2768958950935e-05,1.2768958950935,0.114956541903895
"48381021706",1.2768958950935e-05,1.2768958950935,0.114956541903895
"48381021708",1.2768958950935e-05,1.2768958950935,0.114956541903895
"53037975102",1.27944898704333e-05,1.27944898704333,0.115186391982388
"53037975103",1.27944898704333e-05,1.27944898704333,0.115186391982388
"53037975104",1.27944898704333e-05,1.27944898704333,0.115186391982388
"06037911001",1.28030759432501e-05,1.28030759432501,0.11526369078516
"06037901210",1.28069835207591e-05,1.28069835207591,0.115298869972389
"05035030601",1.28121851766686e-05,1.28121851766686,0.115345699504682
"08059012058",1.28127501293743e-05,1.28127501293743,0.115350785667903
"36071014900",1.283797107795e-05,1.283797107795,0.115577845136332
"48231960500",1.28382179408574e-05,1.28382179408574,0.115580067596775
"51071930400",1.28494400679033e-05,1.28494400679033,0.115681098301232
"16011950300",1.28505164684795e-05,1.28505164684795,0.115690788933681
"55067960300",1.28647281790335e-05,1.28647281790335,0.115818734297598
"47131965100",1.28674094629812e-05,1.28674094629812,0.115842873393955
"47131965500",1.28674094629812e-05,1.28674094629812,0.115842873393955
"47131965600",1.28674094629812e-05,1.28674094629812,0.115842873393955
"47131965700",1.28674094629812e-05,1.28674094629812,0.115842873393955
"13091960100",1.28795794298742e-05,1.28795794298742,0.115952437322736
"20031966300",1.2891242234029e-05,1.2891242234029,0.116057435360531
"21221970201",1.29006401094384e-05,1.29006401094384,0.116142042669745
"55107960200",1.2902320073498e-05,1.2902320073498,0.116157167071003
"48337950401",1.29066175847785e-05,1.29066175847785,0.116195856758823
"21155970500",1.29098256290247e-05,1.29098256290247,0.116224738179324
"47055920600",1.29168642434944e-05,1.29168642434944,0.116288105504909
"05083950300",1.29210501759123e-05,1.29210501759123,0.116325790669162
"18099020800",1.29211219599127e-05,1.29211219599127,0.116326436927051
"48231960600",1.29234859847906e-05,1.29234859847906,0.116347719799522
"36035970200",1.29239226070404e-05,1.29239226070404,0.116351650627724
"51029930102",1.29281094529325e-05,1.29281094529325,0.116389344015813
"45043920400",1.2936525688352e-05,1.2936525688352,0.11646511380436
"48405950300",1.29376869873565e-05,1.29376869873565,0.116475568761431
"48457950100",1.29376869873565e-05,1.29376869873565,0.116475568761431
"35049000103",1.29407629120272e-05,1.29407629120272,0.11650326073418
"35049000201",1.29407629120272e-05,1.29407629120272,0.11650326073418
"35049000500",1.29407629120272e-05,1.29407629120272,0.11650326073418
"35049010702",1.29407629120272e-05,1.29407629120272,0.11650326073418
"55075960600",1.29413981781512e-05,1.29413981781512,0.116508979915915
"12099008001",1.29489321769491e-05,1.29489321769491,0.11657680709367
"35035000903",1.29524529498637e-05,1.29524529498637,0.116608503951703
"35035000904",1.29524529498637e-05,1.29524529498637,0.116608503951703
"06007001702",1.29555404528015e-05,1.29555404528015,0.116636300161418
"06007001704",1.29555404528015e-05,1.29555404528015,0.116636300161418
"17137951400",1.2958387193388e-05,1.2958387193388,0.116661928832853
"06107003601",1.29653132194499e-05,1.29653132194499,0.116724282546125
"06107004104",1.29653132194499e-05,1.29653132194499,0.116724282546125
"01047956102",1.29687522393491e-05,1.29687522393491,0.116755243397098
"01047956900",1.29687522393491e-05,1.29687522393491,0.116755243397098
"01047957100",1.29687522393491e-05,1.29687522393491,0.116755243397098
"06011000400",1.298037232249e-05,1.298037232249,0.11685985682562
"48473680601",1.29826557709233e-05,1.29826557709233,0.116880414283476
"17157951100",1.29831990963917e-05,1.29831990963917,0.116885305740737
"17157950900",1.29831990963917e-05,1.29831990963917,0.116885305740737
"12053041601",1.29836173443221e-05,1.29836173443221,0.116889071148389
"51185020301",1.29855427080942e-05,1.29855427080942,0.11690640483722
"54047953600",1.29855427080942e-05,1.29855427080942,0.11690640483722
"54047954501",1.29855427080942e-05,1.29855427080942,0.11690640483722
"22117951000",1.29958900869498e-05,1.29958900869498,0.116999560347828
"36095740600",1.30208269929652e-05,1.30208269929652,0.117224062634375
"18099020302",1.30275719323654e-05,1.30275719323654,0.117284786058405
"24039930600",1.30310874023244e-05,1.30310874023244,0.117316435174923
"35013000102",1.30382441414396e-05,1.30382441414396,0.117380865954531
"35013000103",1.30382441414396e-05,1.30382441414396,0.117380865954531
"35013000204",1.30382441414396e-05,1.30382441414396,0.117380865954531
"35013000205",1.30382441414396e-05,1.30382441414396,0.117380865954531
"35013000401",1.30382441414396e-05,1.30382441414396,0.117380865954531
"35013000402",1.30382441414396e-05,1.30382441414396,0.117380865954531
"35013001206",1.30382441414396e-05,1.30382441414396,0.117380865954531
"35013001208",1.30382441414396e-05,1.30382441414396,0.117380865954531
"35013001209",1.30382441414396e-05,1.30382441414396,0.117380865954531
"35013001210",1.30382441414396e-05,1.30382441414396,0.117380865954531
"35013001310",1.30382441414396e-05,1.30382441414396,0.117380865954531
"35013001311",1.30382441414396e-05,1.30382441414396,0.117380865954531
"35013001316",1.30382441414396e-05,1.30382441414396,0.117380865954531
"35013001318",1.30382441414396e-05,1.30382441414396,0.117380865954531
"35013001502",1.30382441414396e-05,1.30382441414396,0.117380865954531
"06061022100",1.30484152793868e-05,1.30484152793868,0.117472434801305
"17039971500",1.30506651400434e-05,1.30506651400434,0.117492689874709
"20099950100",1.30559051209989e-05,1.30559051209989,0.1175398644402
"01053970600",1.30560988482499e-05,1.30560988482499,0.117541608530297
"01053970700",1.30560988482499e-05,1.30560988482499,0.117541608530297
"18103952000",1.30611707766272e-05,1.30611707766272,0.117587270149954
"18071968200",1.30612229500215e-05,1.30612229500215,0.117587739857235
"06037901217",1.30665162392261e-05,1.30665162392261,0.117635394346892
"37175960502",1.30733154590971e-05,1.30733154590971,0.117696606447817
"12041950100",1.30801588139145e-05,1.30801588139145,0.117758215887385
"37017950401",1.30803801461919e-05,1.30803801461919,0.117760208500355
"48115950600",1.30827197583602e-05,1.30827197583602,0.117781271589781
"48335950400",1.30827197583602e-05,1.30827197583602,0.117781271589781
"39155930300",1.30938707609339e-05,1.30938707609339,0.117881661973959
"55001950400",1.30960822007773e-05,1.30960822007773,0.11790157115199
"42063960300",1.31220417933062e-05,1.31220417933062,0.118135280493357
"42063960400",1.31220417933062e-05,1.31220417933062,0.118135280493357
"54053954901",1.31288414325298e-05,1.31288414325298,0.118196496369635
"40123088900",1.31376616977948e-05,1.31376616977948,0.118275903563082
"40123089100",1.31376616977948e-05,1.31376616977948,0.118275903563082
"40123089200",1.31376616977948e-05,1.31376616977948,0.118275903563082
"40123089300",1.31376616977948e-05,1.31376616977948,0.118275903563082
"40133583800",1.31376616977948e-05,1.31376616977948,0.118275903563082
"40125501201",1.31376616977948e-05,1.31376616977948,0.118275903563082
"51193010402",1.31391235319396e-05,1.31391235319396,0.118289064181639
"39075976802",1.31456445728781e-05,1.31456445728781,0.118347771889823
"06107003301",1.31502039269506e-05,1.31502039269506,0.118388818899176
"48339694107",1.31546528388113e-05,1.31546528388113,0.118428871618016
"12017451606",1.31551452651524e-05,1.31551452651524,0.118433304839983
"05091020200",1.31627727308006e-05,1.31627727308006,0.118501973482257
"05091020400",1.31627727308006e-05,1.31627727308006,0.118501973482257
"05091020500",1.31627727308006e-05,1.31627727308006,0.118501973482257
"05091020600",1.31627727308006e-05,1.31627727308006,0.118501973482257
"05091020701",1.31627727308006e-05,1.31627727308006,0.118501973482257
"05091020702",1.31627727308006e-05,1.31627727308006,0.118501973482257
"05091020801",1.31627727308006e-05,1.31627727308006,0.118501973482257
"05091020802",1.31627727308006e-05,1.31627727308006,0.118501973482257
"05091980000",1.31627727308006e-05,1.31627727308006,0.118501973482257
"48037010100",1.31627727308006e-05,1.31627727308006,0.118501973482257
"48037010906",1.31627727308006e-05,1.31627727308006,0.118501973482257
"48037011101",1.31627727308006e-05,1.31627727308006,0.118501973482257
"48037011102",1.31627727308006e-05,1.31627727308006,0.118501973482257
"48037011201",1.31627727308006e-05,1.31627727308006,0.118501973482257
"08035014300",1.32013797154803e-05,1.32013797154803,0.118849544922432
"40017300100",1.32049090473469e-05,1.32049090473469,0.118881318835104
"17005951400",1.32057257818086e-05,1.32057257818086,0.118888671742238
"18049953000",1.32089822110038e-05,1.32089822110038,0.118917988763357
"17099961701",1.32100393467177e-05,1.32100393467177,0.118927505957865
"47099960900",1.32436469057457e-05,1.32436469057457,0.119230068506819
"06037900902",1.32535508843209e-05,1.32535508843209,0.119319232167887
"27129790100",1.32603602004647e-05,1.32603602004647,0.119380535163663
"51147930101",1.32616540952683e-05,1.32616540952683,0.119392183855837
"51147930204",1.32616540952683e-05,1.32616540952683,0.119392183855837
"12017451702",1.32623518129829e-05,1.32623518129829,0.119398465277526
"37123960402",1.32651808692639e-05,1.32651808692639,0.119423934740476
"53029971400",1.32671466647577e-05,1.32671466647577,0.119441632428512
"53029971500",1.32671466647577e-05,1.32671466647577,0.119441632428512
"06071009708",1.3274691356044e-05,1.3274691356044,0.119509555868734
"19127950100",1.32749116304265e-05,1.32749116304265,0.119511538957675
"39019720600",1.32762770476099e-05,1.32762770476099,0.119523831552417
"48161000102",1.32868883827473e-05,1.32868883827473,0.119619363411911
"48289950101",1.32868883827473e-05,1.32868883827473,0.119619363411911
"24041960700",1.32889492251511e-05,1.32889492251511,0.119637916789446
"06019008200",1.32904854726356e-05,1.32904854726356,0.11965174733734
"39081011000",1.32927588315515e-05,1.32927588315515,0.119672213961164
"06037901300",1.32954384913488e-05,1.32954384913488,0.1196963384356
"39089758902",1.32982478778737e-05,1.32982478778737,0.119721630815426
"06079010302",1.33012665022487e-05,1.33012665022487,0.119748806924362
"42061951000",1.33013970449211e-05,1.33013970449211,0.119749982175551
"42087960400",1.33013970449211e-05,1.33013970449211,0.119749982175551
"47107970700",1.33028631405897e-05,1.33028631405897,0.119763181159808
"06025011700",1.33121987780546e-05,1.33121987780546,0.119847228152484
"19127950400",1.33155357447493e-05,1.33155357447493,0.119877270237602
"26023951200",1.33159021408993e-05,1.33159021408993,0.119880568833402
"37083930901",1.3339222767317e-05,1.3339222767317,0.120090520057955
"53061053606",1.3343353467395e-05,1.3343353467395,0.120127707975814
"06083003102",1.33469928285803e-05,1.33469928285803,0.1201604724618
"39119912400",1.33477364221951e-05,1.33477364221951,0.120167166895611
"48021950503",1.33658642924024e-05,1.33658642924024,0.120330368710193
"48497150201",1.33773975847159e-05,1.33773975847159,0.120434200777178
"12093910601",1.3385798729635e-05,1.3385798729635,0.120509834708781
"12053041501",1.33924604309584e-05,1.33924604309584,0.120569808756022
"48339694305",1.34121432158034e-05,1.34121432158034,0.120747009175376
"36057072300",1.34130722481319e-05,1.34130722481319,0.120755373079137
"13311950202",1.34333569359354e-05,1.34333569359354,0.120937992317906
"48425000101",1.34339108001458e-05,1.34339108001458,0.120942978653484
"47015960300",1.34354503687148e-05,1.34354503687148,0.120956839100479
"47031970100",1.34354503687148e-05,1.34354503687148,0.120956839100479
"47031970600",1.34354503687148e-05,1.34354503687148,0.120956839100479
"35049000202",1.34505769072178e-05,1.34505769072178,0.121093020488794
"35013000104",1.3451208073352e-05,1.3451208073352,0.12109870275909
"35013000203",1.3451208073352e-05,1.3451208073352,0.12109870275909
"35013000300",1.3451208073352e-05,1.3451208073352,0.12109870275909
"54095961800",1.3475875583576e-05,1.3475875583576,0.121320779725867
"06099002801",1.34775643058792e-05,1.34775643058792,0.121335982975949
"06029006006",1.34840314306606e-05,1.34840314306606,0.121394205287085
"06029006012",1.34840314306606e-05,1.34840314306606,0.121394205287085
"28041950101",1.34865246106818e-05,1.34865246106818,0.121416650919081
"53067990100",1.3489608103726e-05,1.3489608103726,0.121444411028477
"21127930200",1.34945213048875e-05,1.34945213048875,0.121488643656788
"06107002500",1.34996023874519e-05,1.34996023874519,0.121534387689875
"06107002601",1.34996023874519e-05,1.34996023874519,0.121534387689875
"06107002602",1.34996023874519e-05,1.34996023874519,0.121534387689875
"06107002800",1.34996023874519e-05,1.34996023874519,0.121534387689875
"22049970100",1.35049446348319e-05,1.35049446348319,0.1215824829408
"39029951300",1.35054299226039e-05,1.35054299226039,0.121586851895569
"06107004103",1.35065062030301e-05,1.35065062030301,0.121596541446329
"54019020900",1.35146652912227e-05,1.35146652912227,0.121669996186635
"54019021000",1.35146652912227e-05,1.35146652912227,0.121669996186635
"54067950202",1.35146652912227e-05,1.35146652912227,0.121669996186635
"54067950700",1.35146652912227e-05,1.35146652912227,0.121669996186635
"54019020102",1.35146652912227e-05,1.35146652912227,0.121669996186635
"54109002800",1.35146652912227e-05,1.35146652912227,0.121669996186635
"54109003100",1.35146652912227e-05,1.35146652912227,0.121669996186635
"21011970300",1.35147670858679e-05,1.35147670858679,0.121670912624728
"42067070202",1.35150472993947e-05,1.35150472993947,0.12167343533454
"06057000702",1.35198059670325e-05,1.35198059670325,0.121716276726529
"39081011100",1.35526477086217e-05,1.35526477086217,0.122011944764754
"21233960200",1.35538416461646e-05,1.35538416461646,0.122022693560463
"53077002801",1.35770075286039e-05,1.35770075286039,0.122231251654009
"53077940001",1.35770075286039e-05,1.35770075286039,0.122231251654009
"13147960401",1.35796027415542e-05,1.35796027415542,0.122254615869324
"22025000200",1.35986516018109e-05,1.35986516018109,0.122426109184537
"22029000500",1.35986516018109e-05,1.35986516018109,0.122426109184537
"22041950600",1.35986516018109e-05,1.35986516018109,0.122426109184537
"28021950300",1.35986516018109e-05,1.35986516018109,0.122426109184537
"28063950101",1.35986516018109e-05,1.35986516018109,0.122426109184537
"28157950202",1.35986516018109e-05,1.35986516018109,0.122426109184537
"48107950100",1.36027643556927e-05,1.36027643556927,0.122463135536158
"48169980000",1.36027643556927e-05,1.36027643556927,0.122463135536158
"48189950100",1.36027643556927e-05,1.36027643556927,0.122463135536158
"48189950200",1.36027643556927e-05,1.36027643556927,0.122463135536158
"48189950300",1.36027643556927e-05,1.36027643556927,0.122463135536158
"48189950400",1.36027643556927e-05,1.36027643556927,0.122463135536158
"48189950500",1.36027643556927e-05,1.36027643556927,0.122463135536158
"48189950600",1.36027643556927e-05,1.36027643556927,0.122463135536158
"48189950700",1.36027643556927e-05,1.36027643556927,0.122463135536158
"48189950800",1.36027643556927e-05,1.36027643556927,0.122463135536158
"48219950700",1.36027643556927e-05,1.36027643556927,0.122463135536158
"48279950500",1.36027643556927e-05,1.36027643556927,0.122463135536158
"48279950600",1.36027643556927e-05,1.36027643556927,0.122463135536158
"48305950600",1.36027643556927e-05,1.36027643556927,0.122463135536158
"48445950100",1.36027643556927e-05,1.36027643556927,0.122463135536158
"48445950300",1.36027643556927e-05,1.36027643556927,0.122463135536158
"48445950400",1.36027643556927e-05,1.36027643556927,0.122463135536158
"48387950600",1.36032973987455e-05,1.36032973987455,0.122467934422761
"22011960701",1.3605492332537e-05,1.3605492332537,0.122487694999903
"22019002205",1.3605492332537e-05,1.3605492332537,0.122487694999903
"22019002206",1.3605492332537e-05,1.3605492332537,0.122487694999903
"26127010500",1.36091229130073e-05,1.36091229130073,0.122520380434759
"26101000400",1.36091229130073e-05,1.36091229130073,0.122520380434759
"36113078000",1.3626940507393e-05,1.3626940507393,0.122680788894329
"22085000500",1.36335381357181e-05,1.36335381357181,0.122740186104386
"50025968000",1.36544699322849e-05,1.36544699322849,0.122928631141949
"01033021000",1.36582909192759e-05,1.36582909192759,0.12296303077099
"53061053605",1.36644155845803e-05,1.36644155845803,0.123018169983702
"17057953100",1.36785268739609e-05,1.36785268739609,0.123145211274635
"17125956500",1.36785268739609e-05,1.36785268739609,0.123145211274635
"48159950101",1.36793740841582e-05,1.36793740841582,0.1231528385491
"06047000202",1.3679894230651e-05,1.3679894230651,0.123157521330392
"51063920202",1.36865045576875e-05,1.36865045576875,0.123217032864566
"30061964600",1.3687778114688e-05,1.3687778114688,0.123228498459315
"42105950101",1.36893699418714e-05,1.36893699418714,0.123242829380811
"42105950300",1.36893699418714e-05,1.36893699418714,0.123242829380811
"47053967400",1.37011120604957e-05,1.37011120604957,0.123348541471895
"54077964200",1.37017641710573e-05,1.37017641710573,0.123354412300941
"48461950100",1.37194375838101e-05,1.37194375838101,0.123513522720319
"26087342000",1.37249670439848e-05,1.37249670439848,0.123563303412913
"47129110200",1.37279971902654e-05,1.37279971902654,0.123590583251404
"21155970300",1.37284707118212e-05,1.37284707118212,0.123594846277136
"21155970700",1.37284707118212e-05,1.37284707118212,0.123594846277136
"22039950800",1.37361997666376e-05,1.37361997666376,0.123664429507632
"24029950200",1.37391692978561e-05,1.37391692978561,0.12369116364009
"19011960400",1.37426602733616e-05,1.37426602733616,0.123722592237639
"05025970100",1.37466353269506e-05,1.37466353269506,0.123758378899358
"05079960600",1.37466353269506e-05,1.37466353269506,0.123758378899358
"47027955000",1.37489350393366e-05,1.37489350393366,0.123779082778529
"47035970101",1.37489350393366e-05,1.37489350393366,0.123779082778529
"47035970302",1.37489350393366e-05,1.37489350393366,0.123779082778529
"47035970602",1.37489350393366e-05,1.37489350393366,0.123779082778529
"47035970603",1.37489350393366e-05,1.37489350393366,0.123779082778529
"47133950200",1.37489350393366e-05,1.37489350393366,0.123779082778529
"39083006700",1.37523313449455e-05,1.37523313449455,0.123809659080759
"29123960201",1.37524921410904e-05,1.37524921410904,0.123811106698286
"29123960202",1.37524921410904e-05,1.37524921410904,0.123811106698286
"29123960300",1.37524921410904e-05,1.37524921410904,0.123811106698286
"21225950202",1.37614598775481e-05,1.37614598775481,0.123891841547214
"47107970802",1.37742365254098e-05,1.37742365254098,0.124006867310939
"45073030100",1.37767458267633e-05,1.37767458267633,0.124029458080265
"39119911100",1.37839100636983e-05,1.37839100636983,0.124093956361338
"22001960202",1.37855219989799e-05,1.37855219989799,0.12410846831227
"48449950301",1.37873512378674e-05,1.37873512378674,0.124124936606799
"48449950700",1.37873512378674e-05,1.37873512378674,0.124124936606799
"40125501103",1.38001946791234e-05,1.38001946791234,0.124240563698922
"06037900104",1.38239390092146e-05,1.38239390092146,0.124454329448157
"37101041301",1.38288021210621e-05,1.38288021210621,0.124498111131772
"19035080300",1.3844862108449e-05,1.3844862108449,0.124642696185269
"26123970900",1.38491694407015e-05,1.38491694407015,0.124681474289458
"01019955802",1.38519544417257e-05,1.38519544417257,0.124706547131196
"13237960104",1.38635718494658e-05,1.38635718494658,0.124811136473586
"25001010206",1.38703306332135e-05,1.38703306332135,0.12487198453568
"25001010208",1.38703306332135e-05,1.38703306332135,0.12487198453568
"21231920402",1.38754996315083e-05,1.38754996315083,0.124918520057593
"22117950700",1.3877601467052e-05,1.3877601467052,0.124937442488677
"19041080100",1.38796916249295e-05,1.38796916249295,0.124956259787922
"19059451100",1.38796916249295e-05,1.38796916249295,0.124956259787922
"26119910200",1.38803732500217e-05,1.38803732500217,0.12496239633075
"48147950800",1.38817439565956e-05,1.38817439565956,0.124974736544882
"48181000304",1.38817439565956e-05,1.38817439565956,0.124974736544882
"39125960500",1.38896058488526e-05,1.38896058488526,0.125045515685935
"18071968000",1.38938969559902e-05,1.38938969559902,0.125084147718458
"18035002201",1.39031263710652e-05,1.39031263710652,0.125167238410886
"06025011201",1.39076025382074e-05,1.39076025382074,0.125207536503912
"06025011202",1.39076025382074e-05,1.39076025382074,0.125207536503912
"06025011400",1.39076025382074e-05,1.39076025382074,0.125207536503912
"06025011500",1.39076025382074e-05,1.39076025382074,0.125207536503912
"06025011600",1.39076025382074e-05,1.39076025382074,0.125207536503912
"06025011801",1.39076025382074e-05,1.39076025382074,0.125207536503912
"06025011802",1.39076025382074e-05,1.39076025382074,0.125207536503912
"39021010100",1.39142157643679e-05,1.39142157643679,0.125267074138355
"21169960200",1.39191373833051e-05,1.39191373833051,0.125311382550323
"39119912700",1.3936841993076e-05,1.3936841993076,0.125470773830602
"19081270400",1.39390970780512e-05,1.39390970780512,0.125491075937566
"22105953502",1.39471392864445e-05,1.39471392864445,0.125563478430966
"06037911100",1.39640893972631e-05,1.39640893972631,0.125716077098726
"13069010401",1.39689058135924e-05,1.39689058135924,0.125759438391351
"13069010402",1.39689058135924e-05,1.39689058135924,0.125759438391351
"13069010701",1.39689058135924e-05,1.39689058135924,0.125759438391351
"13069010802",1.39689058135924e-05,1.39689058135924,0.125759438391351
"28003950401",1.39776986225181e-05,1.39776986225181,0.125838598400526
"28003950402",1.39776986225181e-05,1.39776986225181,0.125838598400526
"28003950600",1.39776986225181e-05,1.39776986225181,0.125838598400526
"47071920600",1.39776986225181e-05,1.39776986225181,0.125838598400526
"01003011416",1.39810703245371e-05,1.39810703245371,0.125868953201252
"12017451605",1.3990370722737e-05,1.3990370722737,0.125952682941437
"48161000200",1.40110154215074e-05,1.40110154215074,0.126138543291401
"48161000300",1.40110154215074e-05,1.40110154215074,0.126138543291401
"13087970100",1.40167674238651e-05,1.40167674238651,0.126190327489518
"13087970400",1.40167674238651e-05,1.40167674238651,0.126190327489518
"53075000700",1.40211305595467e-05,1.40211305595467,0.126229607981509
"17203030200",1.40236597539533e-05,1.40236597539533,0.12625237784426
"23011014500",1.40308615202564e-05,1.40308615202564,0.126317213995194
"42105950200",1.40369279451321e-05,1.40369279451321,0.126371828880253
"41039000500",1.4037541867074e-05,1.4037541867074,0.12637735590432
"37185950103",1.4038884816492e-05,1.4038884816492,0.126389446225985
"25027703100",1.40440574124839e-05,1.40440574124839,0.126436014137291
"19187000500",1.40462983410732e-05,1.40462983410732,0.126456188796969
"37017950200",1.40579246341705e-05,1.40579246341705,0.126560858132564
"19105070402",1.40731816911032e-05,1.40731816911032,0.126698214553816
"54065971001",1.40785005204206e-05,1.40785005204206,0.126746098976317
"51171040202",1.40785005204206e-05,1.40785005204206,0.126746098976317
"54027968202",1.40785005204206e-05,1.40785005204206,0.126746098976317
"54027968602",1.40785005204206e-05,1.40785005204206,0.126746098976317
"54031970101",1.40785005204206e-05,1.40785005204206,0.126746098976317
"48223950100",1.40790618940503e-05,1.40790618940503,0.126751152917788
"39001770600",1.40819451944773e-05,1.40819451944773,0.126777110730608
"08045951803",1.40916767285936e-05,1.40916767285936,0.126864721906565
"08045951804",1.40916767285936e-05,1.40916767285936,0.126864721906565
"08045951600",1.40916767285936e-05,1.40916767285936,0.126864721906565
"08045951701",1.40916767285936e-05,1.40916767285936,0.126864721906565
"08045951702",1.40916767285936e-05,1.40916767285936,0.126864721906565
"08045951802",1.40916767285936e-05,1.40916767285936,0.126864721906565
"31023967800",1.41045002606798e-05,1.41045002606798,0.126980169760167
"31151960700",1.41045002606798e-05,1.41045002606798,0.126980169760167
"18149953800",1.41197166795822e-05,1.41197166795822,0.127117160324856
"01061050100",1.41203273439841e-05,1.41203273439841,0.127122658021902
"38103959800",1.41252080498924e-05,1.41252080498924,0.127166598101546
"06065043203",1.41272414711958e-05,1.41272414711958,0.127184904612059
"27137013400",1.41273566780195e-05,1.41273566780195,0.127185941797479
"27137013600",1.41273566780195e-05,1.41273566780195,0.127185941797479
"27137013800",1.41273566780195e-05,1.41273566780195,0.127185941797479
"27137013900",1.41273566780195e-05,1.41273566780195,0.127185941797479
"27137015200",1.41273566780195e-05,1.41273566780195,0.127185941797479
"27137015402",1.41273566780195e-05,1.41273566780195,0.127185941797479
"26091061800",1.41497893867385e-05,1.41497893867385,0.127387899265569
"06029003600",1.41551413646244e-05,1.41551413646244,0.127436082118413
"06029004500",1.41551413646244e-05,1.41551413646244,0.127436082118413
"55055101201",1.41588767767657e-05,1.41588767767657,0.127469711333136
"12093910500",1.41595719934626e-05,1.41595719934626,0.127475970238632
"12105015402",1.41690951083517e-05,1.41690951083517,0.127561705055386
"05063490101",1.41731882308143e-05,1.41731882308143,0.127598554669023
"05063490400",1.41731882308143e-05,1.41731882308143,0.127598554669023
"05135470401",1.41731882308143e-05,1.41731882308143,0.127598554669023
"05135470402",1.41731882308143e-05,1.41731882308143,0.127598554669023
"42047950400",1.41778076689879e-05,1.41778076689879,0.127640142604266
"42047950500",1.41778076689879e-05,1.41778076689879,0.127640142604266
"42047951100",1.41778076689879e-05,1.41778076689879,0.127640142604266
"13265010200",1.41853494636022e-05,1.41853494636022,0.127708039966294
"06057000801",1.41868247555336e-05,1.41868247555336,0.127721321742779
"39053953600",1.42008677269466e-05,1.42008677269466,0.127847747979867
"28113950104",1.42085114748085e-05,1.42085114748085,0.127916563207856
"28113950602",1.42085114748085e-05,1.42085114748085,0.127916563207856
"13123080500",1.42143382410438e-05,1.42143382410438,0.127969020491137
"05049550102",1.42257701492335e-05,1.42257701492335,0.128071939815876
"05049550201",1.42257701492335e-05,1.42257701492335,0.128071939815876
"05049550202",1.42257701492335e-05,1.42257701492335,0.128071939815876
"05135470201",1.42257701492335e-05,1.42257701492335,0.128071939815876
"29149480100",1.42257701492335e-05,1.42257701492335,0.128071939815876
"29203470200",1.42257701492335e-05,1.42257701492335,0.128071939815876
"29215480401",1.42257701492335e-05,1.42257701492335,0.128071939815876
"29215480402",1.42257701492335e-05,1.42257701492335,0.128071939815876
"29229490400",1.42257701492335e-05,1.42257701492335,0.128071939815876
"06057000404",1.42328023002112e-05,1.42328023002112,0.128135248951855
"49049980100",1.42411153674793e-05,1.42411153674793,0.12821008993689
"48477170100",1.42469100156761e-05,1.42469100156761,0.128262258067496
"48477170201",1.42469100156761e-05,1.42469100156761,0.128262258067496
"48037011302",1.42564543771493e-05,1.42564543771493,0.128348184163261
"48037011501",1.42564543771493e-05,1.42564543771493,0.128348184163261
"48037011502",1.42564543771493e-05,1.42564543771493,0.128348184163261
"28151000100",1.426111843365e-05,1.426111843365,0.128390173788933
"48499950200",1.42655104286556e-05,1.42655104286556,0.128429714096004
"48467950100",1.42674783371006e-05,1.42674783371006,0.128447430806543
"54035963200",1.42711012700886e-05,1.42711012700886,0.128480047392551
"53009001600",1.4280438683652e-05,1.4280438683652,0.128564110375109
"53009001701",1.4280438683652e-05,1.4280438683652,0.128564110375109
"53009001702",1.4280438683652e-05,1.4280438683652,0.128564110375109
"53009001901",1.4280438683652e-05,1.4280438683652,0.128564110375109
"53009001902",1.4280438683652e-05,1.4280438683652,0.128564110375109
"53009002001",1.4280438683652e-05,1.4280438683652,0.128564110375109
"53009002302",1.4280438683652e-05,1.4280438683652,0.128564110375109
"28153950101",1.42873198002456e-05,1.42873198002456,0.128626059776863
"28153950102",1.42873198002456e-05,1.42873198002456,0.128626059776863
"28153950301",1.42873198002456e-05,1.42873198002456,0.128626059776863
"39015951400",1.42973278823901e-05,1.42973278823901,0.128716160662836
"36103170204",1.42991813296753e-05,1.42991813296753,0.128732846901027
"26059050900",1.42997814690657e-05,1.42997814690657,0.128738249843369
"18131959100",1.43044801830548e-05,1.43044801830548,0.128780551483906
"48231961102",1.43058489852728e-05,1.43058489852728,0.12879287455348
"47003950201",1.4306402175631e-05,1.4306402175631,0.128797854822493
"13235950300",1.43156518929786e-05,1.43156518929786,0.128881128292472
"01077011700",1.43159758340863e-05,1.43159758340863,0.128884044673492
"48497150202",1.43214075564454e-05,1.43214075564454,0.128932945450868
"04021001100",1.43418752045408e-05,1.43418752045408,0.12911721184682
"13071970901",1.43515742119e-05,1.43515742119,0.129204530190484
"29025950100",1.43687341697145e-05,1.43687341697145,0.12935901807138
"06099002901",1.43696901447499e-05,1.43696901447499,0.129367624535277
"12047960103",1.43725252420672e-05,1.43725252420672,0.129393148384544
"40135030101",1.43794858880749e-05,1.43794858880749,0.129455813774693
"40135030401",1.43794858880749e-05,1.43794858880749,0.129455813774693
"04021000804",1.4381380938988e-05,1.4381380938988,0.129472874562541
"35045000706",1.43996466346852e-05,1.43996466346852,0.129637317194152
"35045943201",1.43996466346852e-05,1.43996466346852,0.129637317194152
"47117955500",1.44028274422978e-05,1.44028274422978,0.12966595340835
"36103190713",1.44029413683272e-05,1.44029413683272,0.12966697906302
"18017951100",1.44040486439449e-05,1.44040486439449,0.129676947657674
"26087342100",1.44065094805786e-05,1.44065094805786,0.12969910210822
"37161960201",1.44114638018567e-05,1.44114638018567,0.129743704933227
"21081920301",1.44131765451152e-05,1.44131765451152,0.129759124439463
"06029003305",1.44282520211706e-05,1.44282520211706,0.129894846122142
"06029004601",1.4430867276408e-05,1.4430867276408,0.129918390774407
"48215024302",1.4432705741573e-05,1.4432705741573,0.129934942131381
"22047952901",1.44462507153994e-05,1.44462507153994,0.130056884989624
"27059130600",1.44624946461633e-05,1.44624946461633,0.130203126050835
"12131950102",1.44660681372833e-05,1.44660681372833,0.13023529752098
"12131950104",1.44660681372833e-05,1.44660681372833,0.13023529752098
"12131950202",1.44660681372833e-05,1.44660681372833,0.13023529752098
"06107001400",1.44735038398577e-05,1.44735038398577,0.130302239756276
"42103950806",1.44833674641717e-05,1.44833674641717,0.130391040115502
"06107003504",1.44857799005456e-05,1.44857799005456,0.130412758827589
"06107003801",1.44857799005456e-05,1.44857799005456,0.130412758827589
"18131958900",1.44946034630328e-05,1.44946034630328,0.130492195705309
"48051970502",1.44999326952698e-05,1.44999326952698,0.130540173783344
"22117950900",1.45073995115855e-05,1.45073995115855,0.130607396129816
"01123962502",1.45198867218419e-05,1.45198867218419,0.13071981614108
"01109189002",1.45221639961544e-05,1.45221639961544,0.130740318014486
"01109189003",1.45221639961544e-05,1.45221639961544,0.130740318014486
"40019892501",1.4527578756002e-05,1.4527578756002,0.130789066081553
"40019892601",1.4527578756002e-05,1.4527578756002,0.130789066081553
"40019892602",1.4527578756002e-05,1.4527578756002,0.130789066081553
"40019892700",1.4527578756002e-05,1.4527578756002,0.130789066081553
"40019892801",1.4527578756002e-05,1.4527578756002,0.130789066081553
"40019892802",1.4527578756002e-05,1.4527578756002,0.130789066081553
"40019892900",1.4527578756002e-05,1.4527578756002,0.130789066081553
"40019893001",1.4527578756002e-05,1.4527578756002,0.130789066081553
"40019893002",1.4527578756002e-05,1.4527578756002,0.130789066081553
"40019893100",1.4527578756002e-05,1.4527578756002,0.130789066081553
"12045960302",1.45341223638145e-05,1.45341223638145,0.13084797695507
"56025001401",1.45471206663325e-05,1.45471206663325,0.130964998234082
"48169950101",1.4550022557931e-05,1.4550022557931,0.130991123419731
"48169950102",1.4550022557931e-05,1.4550022557931,0.130991123419731
"48303010700",1.4550022557931e-05,1.4550022557931,0.130991123419731
"28127950102",1.45578447102237e-05,1.45578447102237,0.131061544789341
"04001944000",1.45809205076987e-05,1.45809205076987,0.131269291864854
"04001945002",1.45809205076987e-05,1.45809205076987,0.131269291864854
"04001945100",1.45809205076987e-05,1.45809205076987,0.131269291864854
"35006974401",1.45809205076987e-05,1.45809205076987,0.131269291864854
"35006974402",1.45809205076987e-05,1.45809205076987,0.131269291864854
"35031940500",1.45809205076987e-05,1.45809205076987,0.131269291864854
"35031943801",1.45809205076987e-05,1.45809205076987,0.131269291864854
"35031943803",1.45809205076987e-05,1.45809205076987,0.131269291864854
"35031943907",1.45809205076987e-05,1.45809205076987,0.131269291864854
"35031946002",1.45809205076987e-05,1.45809205076987,0.131269291864854
"35031943802",1.45809205076987e-05,1.45809205076987,0.131269291864854
"26073000100",1.45881619300878e-05,1.45881619300878,0.13133448503209
"29219820201",1.45932697699652e-05,1.45932697699652,0.131380469956245
"36105951702",1.45970738400799e-05,1.45970738400799,0.131414717285822
"55001950502",1.46004200448772e-05,1.46004200448772,0.131444842539845
"55001950501",1.46004200448772e-05,1.46004200448772,0.131444842539845
"55111000902",1.46004200448772e-05,1.46004200448772,0.131444842539845
"55111000903",1.46004200448772e-05,1.46004200448772,0.131444842539845
"21051950500",1.46038831757708e-05,1.46038831757708,0.131476020457576
"45043920800",1.46117467479514e-05,1.46117467479514,0.131546814722666
"48291700302",1.46121559641718e-05,1.46121559641718,0.131550498819527
"06019007802",1.46207439977276e-05,1.46207439977276,0.131627815274464
"06031980000",1.46207439977276e-05,1.46207439977276,0.131627815274464
"06071011700",1.46222182202567e-05,1.46222182202567,0.131641087423321
"45073030903",1.46266693608377e-05,1.46266693608377,0.131681160206912
"01081041002",1.46351716016402e-05,1.46351716016402,0.131757704285787
"01003011418",1.46522068694257e-05,1.46522068694257,0.131911069605744
"36091060505",1.46539456522777e-05,1.46539456522777,0.131926723541554
"39089754400",1.46808061870141e-05,1.46808061870141,0.132168543896593
"37185950102",1.4685858456168e-05,1.4685858456168,0.13221402852795
"06079013000",1.4694848987399e-05,1.4694848987399,0.132294968593947
"06029003304",1.46973036449507e-05,1.46973036449507,0.132317067415376
"06029003400",1.46973036449507e-05,1.46973036449507,0.132317067415376
"06029003500",1.46973036449507e-05,1.46973036449507,0.132317067415376
"31059091700",1.47056797151432e-05,1.47056797151432,0.13239247560392
"56011950200",1.47069692683744e-05,1.47069692683744,0.132404085209733
"47177930202",1.4715334808252e-05,1.4715334808252,0.132479398595826
"36017970602",1.47157320835509e-05,1.47157320835509,0.132482975190811
"36103190712",1.47246439977911e-05,1.47246439977911,0.132563207482788
"12069030112",1.47265930672572e-05,1.47265930672572,0.132580754589535
"47015960201",1.47267402921459e-05,1.47267402921459,0.132582080027588
"47031970402",1.47267402921459e-05,1.47267402921459,0.132582080027588
"47031970502",1.47267402921459e-05,1.47267402921459,0.132582080027588
"41005024000",1.47404773899637e-05,1.47404773899637,0.132705752542081
"51141030301",1.47444779682328e-05,1.47444779682328,0.132741768997706
"51141030302",1.47444779682328e-05,1.47444779682328,0.132741768997706
"20027458100",1.47468940516129e-05,1.47468940516129,0.132763520543106
"28141950402",1.47637375419913e-05,1.47637375419913,0.132915159327045
"48221160212",1.47665652069394e-05,1.47665652069394,0.132940616264087
"26157001100",1.47676578187938e-05,1.47676578187938,0.132950452843631
"13031110407",1.47695372461084e-05,1.47695372461084,0.132967372975153
"13031110408",1.47695372461084e-05,1.47695372461084,0.132967372975153
"13031110500",1.47695372461084e-05,1.47695372461084,0.132967372975153
"21231920201",1.47783820729395e-05,1.47783820729395,0.133047001291772
"48097000100",1.47793488904196e-05,1.47793488904196,0.133055705368165
"16061940002",1.47811445658647e-05,1.47811445658647,0.133071871497318
"17065973200",1.47870954191856e-05,1.47870954191856,0.133125445913351
"01005950700",1.47973253238857e-05,1.47973253238857,0.133217543826176
"01005950800",1.47973253238857e-05,1.47973253238857,0.133217543826176
"18041954000",1.48001508243826e-05,1.48001508243826,0.133242981277069
"17011964900",1.48262789469023e-05,1.48262789469023,0.133478207862326
"17011965400",1.48262789469023e-05,1.48262789469023,0.133478207862326
"13019970100",1.4845277336777e-05,1.4845277336777,0.133649246802159
"39075976801",1.48633439853325e-05,1.48633439853325,0.133811897449695
"12101031804",1.48651504382544e-05,1.48651504382544,0.13382816060645
"12105015401",1.48671735404565e-05,1.48671735404565,0.133846374216029
"12105014126",1.48715990711396e-05,1.48715990711396,0.133886216438514
"48277000401",1.48732534818203e-05,1.48732534818203,0.133901110787495
"48277001000",1.48732534818203e-05,1.48732534818203,0.133901110787495
"42127961202",1.48759939345703e-05,1.48759939345703,0.133925782569478
"05145071101",1.48766139353808e-05,1.48766139353808,0.13393136432046
"35005000201",1.48771905770493e-05,1.48771905770493,0.13393655571722
"35005000202",1.48771905770493e-05,1.48771905770493,0.13393655571722
"35005000301",1.48771905770493e-05,1.48771905770493,0.13393655571722
"35005000302",1.48771905770493e-05,1.48771905770493,0.13393655571722
"35005000400",1.48771905770493e-05,1.48771905770493,0.13393655571722
"35005000500",1.48771905770493e-05,1.48771905770493,0.13393655571722
"35005000600",1.48771905770493e-05,1.48771905770493,0.13393655571722
"35005000700",1.48771905770493e-05,1.48771905770493,0.13393655571722
"35005000800",1.48771905770493e-05,1.48771905770493,0.13393655571722
"35005000900",1.48771905770493e-05,1.48771905770493,0.13393655571722
"35005001001",1.48771905770493e-05,1.48771905770493,0.13393655571722
"35005001002",1.48771905770493e-05,1.48771905770493,0.13393655571722
"35005001101",1.48771905770493e-05,1.48771905770493,0.13393655571722
"35005001102",1.48771905770493e-05,1.48771905770493,0.13393655571722
"22053000200",1.48793723272039e-05,1.48793723272039,0.133956197604552
"54083965900",1.48897837814953e-05,1.48897837814953,0.134049929974288
"45021970602",1.4896401278417e-05,1.4896401278417,0.134109506057593
"06053011202",1.49056371843973e-05,1.49056371843973,0.134192655186424
"20133951600",1.49092188756086e-05,1.49092188756086,0.134224900480453
"33019975600",1.4915013507805e-05,1.4915013507805,0.13427706846701
"23001043000",1.49254763503572e-05,1.49254763503572,0.134371263475617
"23017966300",1.49254763503572e-05,1.49254763503572,0.134371263475617
"06037910717",1.49337141933647e-05,1.49337141933647,0.134445427230746
"53077002202",1.49427236172275e-05,1.49427236172275,0.134526537383562
"53077940002",1.49427236172275e-05,1.49427236172275,0.134526537383562
"48499950303",1.4945196266703e-05,1.4945196266703,0.134548798182907
"09160267100",1.49455493313796e-05,1.49455493313796,0.134551976757953
"37133000500",1.49593539714234e-05,1.49593539714234,0.134676257342436
"04021000902",1.49751231681473e-05,1.49751231681473,0.134818224462148
"06037910719",1.49803141836206e-05,1.49803141836206,0.134864958200589
"21233960300",1.49922104661432e-05,1.49922104661432,0.134972058200328
"37185950300",1.49929786217056e-05,1.49929786217056,0.134978973760746
"12009980100",1.50041020777665e-05,1.50041020777665,0.135079116148837
"29107090401",1.50093173373851e-05,1.50093173373851,0.13512606815277
"29119070101",1.50181040577069e-05,1.50181040577069,0.135205173347387
"36045060101",1.50200555630195e-05,1.50200555630195,0.135222742383603
"04021000904",1.50228675126047e-05,1.50228675126047,0.13524805783818
"39083007302",1.50244379687909e-05,1.50244379687909,0.135262196360597
"13147960503",1.5024809279475e-05,1.5024809279475,0.135265539201026
"48339694602",1.50280065975875e-05,1.50280065975875,0.135294324056158
"42083420800",1.50354132435571e-05,1.50354132435571,0.135361004700292
"37023020203",1.50394098210161e-05,1.50394098210161,0.135396985137374
"01049960402",1.50519385125305e-05,1.50519385125305,0.135509778596622
"01049961300",1.50548545903e-05,1.50548545903,0.135536031497708
"40041976200",1.5059668930863e-05,1.5059668930863,0.135579374102598
"36089492900",1.50634759269257e-05,1.50634759269257,0.135613647773936
"04021002200",1.50690300963461e-05,1.50690300963461,0.135663650919233
"12083000502",1.50696462841055e-05,1.50696462841055,0.135669198342031
"01033020400",1.50713187932396e-05,1.50713187932396,0.135684255627992
"39137030100",1.50837006438289e-05,1.50837006438289,0.13579572710594
"18035002602",1.50896150780603e-05,1.50896150780603,0.135848973647743
"18035002700",1.50896150780603e-05,1.50896150780603,0.135848973647743
"37161960103",1.5096072814603e-05,1.5096072814603,0.135907111438328
"55093960600",1.50987387572786e-05,1.50987387572786,0.13593111242009
"39123050302",1.51075040482466e-05,1.51075040482466,0.136010024690255
"47005963000",1.51194587070329e-05,1.51194587070329,0.136117650240544
"47005963100",1.51194587070329e-05,1.51194587070329,0.136117650240544
"47005963400",1.51194587070329e-05,1.51194587070329,0.136117650240544
"05069002300",1.51252525115662e-05,1.51252525115662,0.136169810775806
"05079960400",1.51252525115662e-05,1.51252525115662,0.136169810775806
"05079960500",1.51252525115662e-05,1.51252525115662,0.136169810775806
"48395960400",1.51314372586748e-05,1.51314372586748,0.13622549089373
"47015960100",1.51408254826664e-05,1.51408254826664,0.13631001131304
"39075976302",1.51459784857101e-05,1.51459784857101,0.136356402832709
"06037910718",1.51769785749813e-05,1.51769785749813,0.13663549082062
"29009960101",1.5177622656677e-05,1.5177622656677,0.136641289367293
"48331950700",1.51809905202303e-05,1.51809905202303,0.136671609611032
"22117950800",1.51815568885984e-05,1.51815568885984,0.136676708519196
"04021000903",1.51819630833659e-05,1.51819630833659,0.136680365414484
"17195000800",1.52087007459562e-05,1.52087007459562,0.136921079574642
"01013953200",1.52111844837276e-05,1.52111844837276,0.136943440199834
"01013952700",1.52111844837276e-05,1.52111844837276,0.136943440199834
"26087330500",1.52160803646278e-05,1.52160803646278,0.136987516897083
"40119011200",1.52186970467964e-05,1.52186970467964,0.137011074395742
"40119011400",1.52186970467964e-05,1.52186970467964,0.137011074395742
"53027001300",1.52204719609607e-05,1.52204719609607,0.137027053614979
"53027001400",1.52204719609607e-05,1.52204719609607,0.137027053614979
"53027001500",1.52204719609607e-05,1.52204719609607,0.137027053614979
"48339694306",1.52354997176366e-05,1.52354997176366,0.137162345689037
"06057000701",1.52404714571258e-05,1.52404714571258,0.137207105326931
"06031001601",1.52551042127131e-05,1.52551042127131,0.137338841280293
"39119911202",1.5255723799353e-05,1.5255723799353,0.137344419302574
"21169960100",1.52562963850683e-05,1.52562963850683,0.137349574184348
"50003971600",1.52568031346194e-05,1.52568031346194,0.137354136355487
"06037980004",1.52675638835603e-05,1.52675638835603,0.137451013359423
"12099008102",1.52787685734341e-05,1.52787685734341,0.137551887080291
"12099008201",1.52787685734341e-05,1.52787685734341,0.137551887080291
"06071010906",1.5291701259613e-05,1.5291701259613,0.137668317627713
"45023020900",1.53062356940363e-05,1.53062356940363,0.137799168414081
"51187020700",1.53198392195254e-05,1.53198392195254,0.137921638401958
"42103950608",1.53208841745056e-05,1.53208841745056,0.137931045935605
"21033920302",1.53234562776606e-05,1.53234562776606,0.137954202097768
"21047201000",1.53234562776606e-05,1.53234562776606,0.137954202097768
"13299950300",1.53265990664028e-05,1.53265990664028,0.137982496035208
"13299950400",1.53265990664028e-05,1.53265990664028,0.137982496035208
"13299950500",1.53265990664028e-05,1.53265990664028,0.137982496035208
"13299950600",1.53265990664028e-05,1.53265990664028,0.137982496035208
"13299950700",1.53265990664028e-05,1.53265990664028,0.137982496035208
"13299950802",1.53265990664028e-05,1.53265990664028,0.137982496035208
"21187970202",1.53328601479948e-05,1.53328601479948,0.138038863378166
"45057010300",1.53357401917139e-05,1.53357401917139,0.138064791871456
"37091950201",1.53370602236153e-05,1.53370602236153,0.138076675871018
"51175200500",1.53370602236153e-05,1.53370602236153,0.138076675871018
"53009002002",1.53377219849383e-05,1.53377219849383,0.138082633584059
"53009002100",1.53377219849383e-05,1.53377219849383,0.138082633584059
"34029738002",1.53459975922552e-05,1.53459975922552,0.138157137324181
"26085961300",1.5347655192729e-05,1.5347655192729,0.138172060390271
"26113960300",1.5347655192729e-05,1.5347655192729,0.138172060390271
"22019003602",1.53488225664786e-05,1.53488225664786,0.138182570037132
"48401950600",1.53568201281808e-05,1.53568201281808,0.138254570584748
"48339694303",1.53600706991043e-05,1.53600706991043,0.138283834864946
"48343950100",1.53632987962288e-05,1.53632987962288,0.138312896817748
"48405950100",1.53790975868924e-05,1.53790975868924,0.138455130366147
"48097000701",1.53805447754766e-05,1.53805447754766,0.138468159133469
"21035010800",1.53907075575515e-05,1.53907075575515,0.138559652753892
"48187210511",1.54002493200827e-05,1.54002493200827,0.13864555545187
"19047070200",1.54091219040159e-05,1.54091219040159,0.138725433660472
"19047070500",1.54091219040159e-05,1.54091219040159,0.138725433660472
"19161080200",1.54091219040159e-05,1.54091219040159,0.138725433660472
"51037930101",1.54178880537755e-05,1.54178880537755,0.138804353662177
"01077011801",1.54211347770062e-05,1.54211347770062,0.138833583302319
"36123150302",1.5432651662493e-05,1.5432651662493,0.138937267661721
"47183968700",1.54402926585609e-05,1.54402926585609,0.139006058115825
"48231961501",1.54518103003074e-05,1.54518103003074,0.139109749283692
"06055201403",1.54526112014312e-05,1.54526112014312,0.139116959646256
"47087960100",1.54543101532882e-05,1.54543101532882,0.139132254991091
"47087960400",1.54543101532882e-05,1.54543101532882,0.139132254991091
"17133600502",1.54701583505351e-05,1.54701583505351,0.13927493333769
"39029950800",1.54713921840127e-05,1.54713921840127,0.139286041309015
"17183010100",1.54796294173249e-05,1.54796294173249,0.139360199575171
"47183968102",1.54898777595703e-05,1.54898777595703,0.139452463477758
"47183968201",1.54898777595703e-05,1.54898777595703,0.139452463477758
"47183968400",1.54898777595703e-05,1.54898777595703,0.139452463477758
"49035115107",1.5490902363207e-05,1.5490902363207,0.139461687792077
"55111001002",1.54934780228153e-05,1.54934780228153,0.139484875972322
"55111001005",1.54934780228153e-05,1.54934780228153,0.139484875972322
"08117000403",1.552701775694e-05,1.552701775694,0.139786827906396
"08117000103",1.552701775694e-05,1.552701775694,0.139786827906396
"08117000302",1.552701775694e-05,1.552701775694,0.139786827906396
"08117000404",1.552701775694e-05,1.552701775694,0.139786827906396
"08117000405",1.552701775694e-05,1.552701775694,0.139786827906396
"08117000406",1.552701775694e-05,1.552701775694,0.139786827906396
"45089970300",1.55382540610783e-05,1.55382540610783,0.139887986244557
"22019002002",1.55486447605384e-05,1.55486447605384,0.139981531762441
"22019002207",1.55486447605384e-05,1.55486447605384,0.139981531762441
"22019002300",1.55486447605384e-05,1.55486447605384,0.139981531762441
"22019980000",1.55486447605384e-05,1.55486447605384,0.139981531762441
"22023970101",1.55486447605384e-05,1.55486447605384,0.139981531762441
"06065045612",1.55514954409226e-05,1.55514954409226,0.140007195903135
"06057000300",1.55530375089969e-05,1.55530375089969,0.140021078852707
"06057000802",1.55530375089969e-05,1.55530375089969,0.140021078852707
"12053041103",1.55559181163534e-05,1.55559181163534,0.140047012420319
"39031961300",1.5558556514175e-05,1.5558556514175,0.140070765420928
"01039961600",1.55618282652711e-05,1.55618282652711,0.140100220382246
"01041963800",1.55618282652711e-05,1.55618282652711,0.140100220382246
"01039961700",1.55618282652711e-05,1.55618282652711,0.140100220382246
"47117955100",1.55673223485841e-05,1.55673223485841,0.140149682583591
"05143011004",1.55674816152133e-05,1.55674816152133,0.140151116431175
"45013010600",1.55681576541445e-05,1.55681576541445,0.140157202682843
"48339694304",1.55773922850278e-05,1.55773922850278,0.140240340332215
"12099008202",1.55826709627423e-05,1.55826709627423,0.140287863277368
"48245011600",1.55939442299358e-05,1.55939442299358,0.14038935438698
"42103950702",1.55958113573864e-05,1.55958113573864,0.140406163785134
"28053950300",1.56007169929086e-05,1.56007169929086,0.140450328301414
"28133950300",1.56007169929086e-05,1.56007169929086,0.140450328301414
"45021970501",1.56194708312707e-05,1.56194708312707,0.140619165589858
"42061951300",1.56204855089846e-05,1.56204855089846,0.140628300542957
"28141950101",1.56283910723861e-05,1.56283910723861,0.140699472847131
"12099980200",1.5628557699301e-05,1.5628557699301,0.140700972957986
"47053966300",1.56370730184071e-05,1.56370730184071,0.140777634778374
"47053966400",1.56370730184071e-05,1.56370730184071,0.140777634778374
"17073030900",1.56453608646406e-05,1.56453608646406,0.140852248703166
"45043920701",1.56523549421291e-05,1.56523549421291,0.140915215070665
"17091010900",1.56529840304547e-05,1.56529840304547,0.14092087863484
"26059050600",1.56586038434614e-05,1.56586038434614,0.140971472757029
"01079979700",1.56691846584332e-05,1.56691846584332,0.141066729849198
"29219820104",1.56840264188226e-05,1.56840264188226,0.141200347433582
"29221460500",1.56916435907974e-05,1.56916435907974,0.141268923403845
"53041971200",1.56944975746131e-05,1.56944975746131,0.141294617284714
"53041971400",1.56944975746131e-05,1.56944975746131,0.141294617284714
"53041971502",1.56944975746131e-05,1.56944975746131,0.141294617284714
"47109930501",1.57113062697337e-05,1.57113062697337,0.141445942813475
"12119910602",1.57336126579125e-05,1.57336126579125,0.14164676304144
"19109950300",1.57399633273035e-05,1.57399633273035,0.141703936926545
"19109950600",1.57399633273035e-05,1.57399633273035,0.141703936926545
"19147960100",1.57399633273035e-05,1.57399633273035,0.141703936926545
"49003960601",1.57436564881144e-05,1.57436564881144,0.141737185760467
"47143975100",1.57514307205113e-05,1.57514307205113,0.141807175716245
"05145070100",1.5760928590307e-05,1.5760928590307,0.141892683256159
"01033020200",1.57820893097597e-05,1.57820893097597,0.142083189243517
"01033020300",1.57820893097597e-05,1.57820893097597,0.142083189243517
"01033020703",1.57820893097597e-05,1.57820893097597,0.142083189243517
"01033020704",1.57820893097597e-05,1.57820893097597,0.142083189243517
"01033020706",1.57820893097597e-05,1.57820893097597,0.142083189243517
"09160265100",1.57878309298768e-05,1.57878309298768,0.14213487997227
"40027202407",1.57975130084599e-05,1.57975130084599,0.142222045909339
"27091790200",1.57999853312936e-05,1.57999853312936,0.142244303767989
"27091790501",1.57999853312936e-05,1.57999853312936,0.142244303767989
"27091790502",1.57999853312936e-05,1.57999853312936,0.142244303767989
"30053000500",1.58001457124549e-05,1.58001457124549,0.142245747649495
"16017950201",1.58001457124549e-05,1.58001457124549,0.142245747649495
"16017950401",1.58001457124549e-05,1.58001457124549,0.142245747649495
"48499950301",1.58049460001134e-05,1.58049460001134,0.142288963738723
"12077980000",1.5827309766159e-05,1.5827309766159,0.142490300528858
"35013001103",1.58276445773596e-05,1.58276445773596,0.142493314771284
"35013001106",1.58276445773596e-05,1.58276445773596,0.142493314771284
"01079979300",1.58316783446301e-05,1.58316783446301,0.142529630021262
"01077010400",1.58352431732599e-05,1.58352431732599,0.142561723504634
"06059032044",1.58405470860389e-05,1.58405470860389,0.142609473636338
"53053073006",1.58407961063535e-05,1.58407961063535,0.142611715519513
"36105952100",1.58481883184909e-05,1.58481883184909,0.142678266218564
"36105952200",1.58481883184909e-05,1.58481883184909,0.142678266218564
"39141956700",1.58583620338296e-05,1.58583620338296,0.142769858269109
"40015162102",1.58659762079024e-05,1.58659762079024,0.142838407249823
"48467950400",1.58689933681702e-05,1.58689933681702,0.142865570177677
"51143010302",1.58757349036174e-05,1.58757349036174,0.142926262956557
"51143010700",1.58757349036174e-05,1.58757349036174,0.142926262956557
"04021000201",1.58800300117761e-05,1.58800300117761,0.142964931009522
"48471790700",1.58801922701785e-05,1.58801922701785,0.142966391791479
"37141920204",1.58839745250487e-05,1.58839745250487,0.143000442722502
"48215024301",1.58861011803017e-05,1.58861011803017,0.143019588600772
"36105950202",1.58941547844119e-05,1.58941547844119,0.143092093687673
"36105950400",1.58941547844119e-05,1.58941547844119,0.143092093687673
"47101970200",1.58980096955046e-05,1.58980096955046,0.143126798729036
"21045950100",1.58992298622193e-05,1.58992298622193,0.143137783661058
"13101880200",1.59029739112769e-05,1.59029739112769,0.143171490632318
"40131050702",1.59037803626617e-05,1.59037803626617,0.143178750962841
"48221160215",1.59187892921662e-05,1.59187892921662,0.143313873539407
"37023020204",1.59231510461292e-05,1.59231510461292,0.143353141592045
"26147655600",1.59253847414373e-05,1.59253847414373,0.14337325113185
"26151970600",1.59253847414373e-05,1.59253847414373,0.14337325113185
"29093950300",1.59310787663531e-05,1.59310787663531,0.143424513369934
"36025971300",1.59322445670848e-05,1.59322445670848,0.143435008855211
"39171950300",1.59360062370453e-05,1.59360062370453,0.143468874464154
"39171950400",1.59360062370453e-05,1.59360062370453,0.143468874464154
"06107000902",1.59430872148461e-05,1.59430872148461,0.143532623178862
"06089012605",1.59477823043572e-05,1.59477823043572,0.143574892188904
"06093001100",1.59477823043572e-05,1.59477823043572,0.143574892188904
"06107001502",1.59511228985781e-05,1.59511228985781,0.14360496693196
"12131950303",1.59529727407167e-05,1.59529727407167,0.143621620713692
"18115965800",1.59548591366773e-05,1.59548591366773,0.143638603582626
"21205950201",1.59583065719969e-05,1.59583065719969,0.14366964019605
"21205950301",1.59583065719969e-05,1.59583065719969,0.14366964019605
"21205950400",1.59583065719969e-05,1.59583065719969,0.14366964019605
"12099007848",1.59610285747486e-05,1.59610285747486,0.14369414587616
"05091020100",1.59616235344276e-05,1.59616235344276,0.143699502186532
"48037010400",1.59616235344276e-05,1.59616235344276,0.143699502186532
"48037010500",1.59616235344276e-05,1.59616235344276,0.143699502186532
"48037010600",1.59616235344276e-05,1.59616235344276,0.143699502186532
"48037010700",1.59616235344276e-05,1.59616235344276,0.143699502186532
"48037010800",1.59616235344276e-05,1.59616235344276,0.143699502186532
"48037010903",1.59616235344276e-05,1.59616235344276,0.143699502186532
"48037010904",1.59616235344276e-05,1.59616235344276,0.143699502186532
"48037010905",1.59616235344276e-05,1.59616235344276,0.143699502186532
"48037011001",1.59616235344276e-05,1.59616235344276,0.143699502186532
"48037011002",1.59616235344276e-05,1.59616235344276,0.143699502186532
"48037011202",1.59616235344276e-05,1.59616235344276,0.143699502186532
"36013035902",1.59642216690299e-05,1.59642216690299,0.143722892704931
"36013037600",1.59642216690299e-05,1.59642216690299,0.143722892704931
"47073050100",1.59670505865286e-05,1.59670505865286,0.14374836091845
"25027706100",1.59712167848094e-05,1.59712167848094,0.143785868419969
"22105953200",1.59733978736182e-05,1.59733978736182,0.14380550435333
"12053040201",1.59772283649176e-05,1.59772283649176,0.143839989547876
"37065020700",1.59853019210561e-05,1.59853019210561,0.143912674259144
"24035990000",1.5987200422158e-05,1.5987200422158,0.143929766108395
"48449950800",1.59875298725511e-05,1.59875298725511,0.143932732088477
"49013940501",1.59901853874723e-05,1.59901853874723,0.143956639191123
"49047940201",1.59901853874723e-05,1.59901853874723,0.143956639191123
"45041001902",1.60056935317616e-05,1.60056935317616,0.144096256104741
"48221160210",1.60068009717403e-05,1.60068009717403,0.144106226179107
"48425000200",1.60068009717403e-05,1.60068009717403,0.144106226179107
"47081950201",1.60135379644429e-05,1.60135379644429,0.144166878060509
"45071950604",1.60173257146859e-05,1.60173257146859,0.144200978465343
"06107000801",1.60292140880564e-05,1.60292140880564,0.144308007260469
"36101960100",1.6036875160452e-05,1.6036875160452,0.144376978457984
"20107955200",1.60447938138808e-05,1.60447938138808,0.144448268609218
"26107961002",1.60475558135063e-05,1.60475558135063,0.144473134373679
"21045950200",1.60525925255305e-05,1.60525925255305,0.144518478947117
"42127960500",1.60532609839511e-05,1.60532609839511,0.144524496952871
"06047000301",1.60950567971612e-05,1.60950567971612,0.144900776818062
"27041450100",1.60995974278742e-05,1.60995974278742,0.144941655264522
"27041450800",1.60995974278742e-05,1.60995974278742,0.144941655264522
"27149480100",1.60995974278742e-05,1.60995974278742,0.144941655264522
"27149480300",1.60995974278742e-05,1.60995974278742,0.144941655264522
"27153790700",1.60995974278742e-05,1.60995974278742,0.144941655264522
"18137968700",1.61049009229734e-05,1.61049009229734,0.144989401635934
"18041954200",1.61179420879798e-05,1.61179420879798,0.145106808797887
"18041954300",1.61179420879798e-05,1.61179420879798,0.145106808797887
"18041954500",1.61179420879798e-05,1.61179420879798,0.145106808797887
"18041954600",1.61179420879798e-05,1.61179420879798,0.145106808797887
"53025011403",1.61193439731853e-05,1.61193439731853,0.145119429707391
"26057000100",1.61222174890641e-05,1.61222174890641,0.145145299431759
"48399950500",1.6122262719388e-05,1.6122262719388,0.14514570663188
"48399950600",1.6122262719388e-05,1.6122262719388,0.14514570663188
"48451001600",1.6122262719388e-05,1.6122262719388,0.14514570663188
"48451001709",1.6122262719388e-05,1.6122262719388,0.14514570663188
"48451001710",1.6122262719388e-05,1.6122262719388,0.14514570663188
"48451980000",1.6122262719388e-05,1.6122262719388,0.14514570663188
"12093910201",1.6124878795373e-05,1.6124878795373,0.145169258673182
"09160266100",1.61271151662067e-05,1.61271151662067,0.145189392300241
"42005950300",1.61479661765913e-05,1.61479661765913,0.145377110034962
"22109001600",1.61560307694316e-05,1.61560307694316,0.145449714051339
"39081011401",1.61611919095794e-05,1.61611919095794,0.145496178827829
"34011010200",1.61679369734688e-05,1.61679369734688,0.145556903372612
"01011952201",1.61707602509585e-05,1.61707602509585,0.145582320810188
"01051030101",1.61707602509585e-05,1.61707602509585,0.145582320810188
"01051030102",1.61707602509585e-05,1.61707602509585,0.145582320810188
"01085780800",1.61707602509585e-05,1.61707602509585,0.145582320810188
"01085781200",1.61707602509585e-05,1.61707602509585,0.145582320810188
"01101005700",1.61707602509585e-05,1.61707602509585,0.145582320810188
"01101005800",1.61707602509585e-05,1.61707602509585,0.145582320810188
"01013952900",1.61707602509585e-05,1.61707602509585,0.145582320810188
"01013953100",1.61707602509585e-05,1.61707602509585,0.145582320810188
"01001021000",1.61707602509585e-05,1.61707602509585,0.145582320810188
"42123971200",1.61851444431044e-05,1.61851444431044,0.145711818993519
"42019910100",1.61854587732298e-05,1.61854587732298,0.145714648848668
"45057010400",1.61882241765958e-05,1.61882241765958,0.145739545256367
"45057011001",1.61882241765958e-05,1.61882241765958,0.145739545256367
"55055100900",1.61929639541179e-05,1.61929639541179,0.145782216584188
"21217920501",1.62059551888417e-05,1.62059551888417,0.145899174233175
"05047950301",1.62139560484428e-05,1.62139560484428,0.145971204471155
"21155970800",1.62160101377924e-05,1.62160101377924,0.145989697052211
"51139030401",1.62213985805939e-05,1.62213985805939,0.146038208191849
"51139030402",1.62213985805939e-05,1.62213985805939,0.146038208191849
"51171040201",1.62213985805939e-05,1.62213985805939,0.146038208191849
"06107004301",1.6235870814513e-05,1.6235870814513,0.146168498998747
"12093910402",1.62451559359603e-05,1.62451559359603,0.146252091205194
"18131959000",1.62500396539917e-05,1.62500396539917,0.146296058402417
"31061964600",1.62522159404539e-05,1.62522159404539,0.146315651101152
"08081000600",1.62605302192676e-05,1.62605302192676,0.146390502993504
"08103951100",1.62605302192676e-05,1.62605302192676,0.146390502993504
"47029920700",1.62652148017988e-05,1.62652148017988,0.146432677411178
"48041000106",1.62670428674439e-05,1.62670428674439,0.146449135143225
"04027011202",1.62687043092135e-05,1.62687043092135,0.14646409279178
"04027011407",1.62687043092135e-05,1.62687043092135,0.14646409279178
"04027980004",1.62687043092135e-05,1.62687043092135,0.14646409279178
"36011040900",1.62697943823538e-05,1.62697943823538,0.146473906515758
"42005950800",1.62708710733443e-05,1.62708710733443,0.146483599762752
"22105953702",1.62722859103952e-05,1.62722859103952,0.14649633727529
"22117950501",1.62722859103952e-05,1.62722859103952,0.14649633727529
"13099090400",1.62737173662042e-05,1.62737173662042,0.146509224403389
"13201950300",1.62737173662042e-05,1.62737173662042,0.146509224403389
"18075962800",1.6276663617744e-05,1.6276663617744,0.146535748953267
"01077011603",1.62917564020224e-05,1.62917564020224,0.146671626458631
"27085950100",1.62971666909651e-05,1.62971666909651,0.146720334274981
"40081961200",1.63001669308038e-05,1.63001669308038,0.146747344871386
"06029005804",1.63086357019046e-05,1.63086357019046,0.146823587628815
"06029005805",1.63086357019046e-05,1.63086357019046,0.146823587628815
"12013010301",1.63141846177767e-05,1.63141846177767,0.146873543477403
"12063211100",1.63141846177767e-05,1.63141846177767,0.146873543477403
"12133970303",1.63141846177767e-05,1.63141846177767,0.146873543477403
"26137950100",1.63147296334918e-05,1.63147296334918,0.146878450151638
"51049930101",1.63340146248568e-05,1.63340146248568,0.14705206931092
"35027960401",1.63377496609304e-05,1.63377496609304,0.147085695139976
"48499950402",1.63487296015936e-05,1.63487296015936,0.147184545485865
"19039960200",1.63491686387648e-05,1.63491686387648,0.147188498055152
"13241970101",1.63495906175692e-05,1.63495906175692,0.147192297051162
"13241970103",1.63495906175692e-05,1.63495906175692,0.147192297051162
"13241970302",1.63495906175692e-05,1.63495906175692,0.147192297051162
"13241970303",1.63495906175692e-05,1.63495906175692,0.147192297051162
"19037070100",1.63503453922443e-05,1.63503453922443,0.147199092145962
"31047968000",1.63613867158097e-05,1.63613867158097,0.147298495110604
"31137967200",1.63613867158097e-05,1.63613867158097,0.147298495110604
"06037910002",1.63614155586781e-05,1.63614155586781,0.147298754777537
"34011010301",1.63625256939775e-05,1.63625256939775,0.14730874911737
"54103030800",1.63743639816116e-05,1.63743639816116,0.147415327000008
"48199031000",1.63981164237649e-05,1.63981164237649,0.147629165780617
"48241950701",1.63981164237649e-05,1.63981164237649,0.147629165780617
"28129950302",1.64213427609356e-05,1.64213427609356,0.147838268136768
"49003960500",1.64402998812403e-05,1.64402998812403,0.148008935534405
"49003960702",1.64402998812403e-05,1.64402998812403,0.148008935534405
"39059977400",1.64405305141678e-05,1.64405305141678,0.148011011879383
"39013011000",1.64495945491586e-05,1.64495945491586,0.148092613685939
"39141955700",1.64528209965863e-05,1.64528209965863,0.14812166078683
"39141956900",1.64528209965863e-05,1.64528209965863,0.14812166078683
"39029951700",1.64581742183386e-05,1.64581742183386,0.14816985483797
"27111961300",1.64738003499075e-05,1.64738003499075,0.148310533968932
"27111961500",1.64738003499075e-05,1.64738003499075,0.148310533968932
"27159480100",1.64738003499075e-05,1.64738003499075,0.148310533968932
"27153790300",1.64738003499075e-05,1.64738003499075,0.148310533968932
"06047000201",1.64766527205122e-05,1.64766527205122,0.148336213326364
"06047000305",1.64766527205122e-05,1.64766527205122,0.148336213326364
"06047000306",1.64766527205122e-05,1.64766527205122,0.148336213326364
"06047000403",1.64766527205122e-05,1.64766527205122,0.148336213326364
"06037910709",1.64783958287407e-05,1.64783958287407,0.148351906202728
"36003950100",1.64845158955366e-05,1.64845158955366,0.148407004015931
"36101960500",1.64845158955366e-05,1.64845158955366,0.148407004015931
"40009966500",1.6485814476466e-05,1.6485814476466,0.148418694896417
"40009966800",1.6485814476466e-05,1.6485814476466,0.148418694896417
"40039950800",1.6485814476466e-05,1.6485814476466,0.148418694896417
"40039960401",1.6485814476466e-05,1.6485814476466,0.148418694896417
"40039960402",1.6485814476466e-05,1.6485814476466,0.148418694896417
"40149964900",1.6485814476466e-05,1.6485814476466,0.148418694896417
"51197050401",1.64891989265013e-05,1.64891989265013,0.148449164465143
"51197050302",1.64891989265013e-05,1.64891989265013,0.148449164465143
"39119911500",1.64897035196375e-05,1.64897035196375,0.148453707222483
"39119911601",1.64897035196375e-05,1.64897035196375,0.148453707222483
"39119911602",1.64897035196375e-05,1.64897035196375,0.148453707222483
"04013050603",1.64897967098386e-05,1.64897967098386,0.148454546196381
"01009050501",1.64908105013428e-05,1.64908105013428,0.1484636731711
"06071010419",1.64949509400505e-05,1.64949509400505,0.148500948764015
"48257050802",1.64992877724217e-05,1.64992877724217,0.148539992452237
"13187960105",1.64997983920998e-05,1.64997983920998,0.148544589465404
"06053011106",1.65006279359952e-05,1.65006279359952,0.148552057693467
"13217100203",1.65076056170488e-05,1.65076056170488,0.148614876446939
"42087961200",1.65206019705831e-05,1.65206019705831,0.148731880179616
"39081011500",1.65259447086081e-05,1.65259447086081,0.148779979847726
"47177930400",1.65280195054448e-05,1.65280195054448,0.148798658854403
"47177930600",1.65280195054448e-05,1.65280195054448,0.148798658854403
"19143460200",1.65305745673013e-05,1.65305745673013,0.148821661596953
"13017960200",1.65307357085948e-05,1.65307357085948,0.148823112321787
"28137950302",1.65317475562759e-05,1.65317475562759,0.148832221796631
"28041950201",1.65344419191594e-05,1.65344419191594,0.148856478640193
"06023011200",1.65453115267519e-05,1.65453115267519,0.148954335678147
"06023990100",1.65453115267519e-05,1.65453115267519,0.148954335678147
"01033020100",1.654601368978e-05,1.654601368978,0.148960657120159
"17005951500",1.65478497684118e-05,1.65478497684118,0.148977186991622
"45073030904",1.6550537459916e-05,1.6550537459916,0.149001383774007
"24011955400",1.65520526859155e-05,1.65520526859155,0.149015025069416
"06087120301",1.65633834121085e-05,1.65633834121085,0.149117033471621
"39053953700",1.65707285290091e-05,1.65707285290091,0.14918316018109
"25027703200",1.65779490141859e-05,1.65779490141859,0.149248164854532
"13311950101",1.66018035479078e-05,1.66018035479078,0.14946292274638
"32005002300",1.66038789968586e-05,1.66038789968586,0.149481607623917
"55001950201",1.66160922369285e-05,1.66160922369285,0.149591561132991
"26091060500",1.66180996349727e-05,1.66180996349727,0.149609633360984
"12017450601",1.66237045852421e-05,1.66237045852421,0.149660093676738
"12105014804",1.66295214282803e-05,1.66295214282803,0.149712461623337
"55021970300",1.66319008004138e-05,1.66319008004138,0.149733882664271
"01043964202",1.66388306643677e-05,1.66388306643677,0.149796270929365
"47169090200",1.66404569483547e-05,1.66404569483547,0.149810912058999
"42015951300",1.66477195197284e-05,1.66477195197284,0.149876295626576
"35013001900",1.6649897837308e-05,1.6649897837308,0.14989590661108
"55111000402",1.66514288934593e-05,1.66514288934593,0.149909690422375
"12105014202",1.66546331379221e-05,1.66546331379221,0.149938537634138
"06063000300",1.66550626278521e-05,1.66550626278521,0.149942404251403
"26141950100",1.66626718639631e-05,1.66626718639631,0.150010908776574
"22111960600",1.66708947346057e-05,1.66708947346057,0.15008493773831
"51081880101",1.66715799267921e-05,1.66715799267921,0.150091106395018
"18053010100",1.66716594802163e-05,1.66716594802163,0.150091822599572
"51083930602",1.6676115495752e-05,1.6676115495752,0.150131939271465
"51083930800",1.6676115495752e-05,1.6676115495752,0.150131939271465
"06047000404",1.66778544916825e-05,1.66778544916825,0.150147595125582
"19089960100",1.66792428825839e-05,1.66792428825839,0.150160094548397
"19089960200",1.66792428825839e-05,1.66792428825839,0.150160094548397
"19191950100",1.66792428825839e-05,1.66792428825839,0.150160094548397
"19191950400",1.66792428825839e-05,1.66792428825839,0.150160094548397
"19191950500",1.66792428825839e-05,1.66792428825839,0.150160094548397
"01021060701",1.6683033654837e-05,1.6683033654837,0.15019422215982
"48221160204",1.66862268965019e-05,1.66862268965019,0.150222970315459
"40101001100",1.66868181025335e-05,1.66868181025335,0.150228292832447
"48355005104",1.66957765939872e-05,1.66957765939872,0.15030894445034
"18159020100",1.67024686539579e-05,1.67024686539579,0.150369191810786
"26059051000",1.67026955149359e-05,1.67026955149359,0.150371234197611
"47053966100",1.67030141305533e-05,1.67030141305533,0.15037410263424
"47053966200",1.67030141305533e-05,1.67030141305533,0.15037410263424
"01049960601",1.67036703243183e-05,1.67036703243183,0.1503800102236
"21205950202",1.67152506542599e-05,1.67152506542599,0.150484265761527
"39077916400",1.67205668642236e-05,1.67205668642236,0.150532126602478
"29009960500",1.67227808851017e-05,1.67227808851017,0.15055205901708
"20117040701",1.67272056997716e-05,1.67272056997716,0.150591894793432
"48221160216",1.67324367596323e-05,1.67324367596323,0.150638989043981
"48221160218",1.67324367596323e-05,1.67324367596323,0.150638989043981
"04025000210",1.67337323922837e-05,1.67337323922837,0.150650653381673
"30015010200",1.67344459888909e-05,1.67344459888909,0.150657077758053
"13227050102",1.67395763416532e-05,1.67395763416532,0.150703265361488
"53067012532",1.67427625913012e-05,1.67427625913012,0.15073195056931
"50025967200",1.67452037522585e-05,1.67452037522585,0.150753927883432
"18091041900",1.67493671823795e-05,1.67493671823795,0.150791410463728
"18135951400",1.67503557430855e-05,1.67503557430855,0.150800310290304
"18135952100",1.67503557430855e-05,1.67503557430855,0.150800310290304
"37161960102",1.67516079438404e-05,1.67516079438404,0.15081158361878
"28109950403",1.67555096736527e-05,1.67555096736527,0.150846710160293
"28109950405",1.67555096736527e-05,1.67555096736527,0.150846710160293
"08005007101",1.67573851742404e-05,1.67573851742404,0.150863594940229
"51137110104",1.67594810147291e-05,1.67594810147291,0.150882463398957
"51083930203",1.67605617344671e-05,1.67605617344671,0.150892192916009
"42127960600",1.67631231148251e-05,1.67631231148251,0.150915252542842
"05007021003",1.67719205513657e-05,1.67719205513657,0.150994454213567
"36105952300",1.6773176356148e-05,1.6773176356148,0.151005759988425
"12093910403",1.6773308945789e-05,1.6773308945789,0.151006953668089
"12093910300",1.6773308945789e-05,1.6773308945789,0.151006953668089
"26005030704",1.67770679045188e-05,1.67770679045188,0.15104079486833
"39083007500",1.67814147357424e-05,1.67814147357424,0.151079928574345
"55023960100",1.67815260494892e-05,1.67815260494892,0.151080930711125
"55043960200",1.67815260494892e-05,1.67815260494892,0.151080930711125
"17165955600",1.67830433212771e-05,1.67830433212771,0.151094590424382
"17165955700",1.67830433212771e-05,1.67830433212771,0.151094590424382
"46013951900",1.67860526352137e-05,1.67860526352137,0.151121682713188
"46013952000",1.67860526352137e-05,1.67860526352137,0.151121682713188
"46045962100",1.67860526352137e-05,1.67860526352137,0.151121682713188
"40141070500",1.67867901027753e-05,1.67867901027753,0.151128321995292
"48077030302",1.67867901027753e-05,1.67867901027753,0.151128321995292
"48337950200",1.67867901027753e-05,1.67867901027753,0.151128321995292
"06037910706",1.67919210797978e-05,1.67919210797978,0.151174515218825
"39119911201",1.6798495921596e-05,1.6798495921596,0.151233707286055
"01027959200",1.68039080829326e-05,1.68039080829326,0.151282431959215
"48049950201",1.68087430298294e-05,1.68087430298294,0.151325960079063
"48049950202",1.68087430298294e-05,1.68087430298294,0.151325960079063
"48049950300",1.68087430298294e-05,1.68087430298294,0.151325960079063
"48049950500",1.68087430298294e-05,1.68087430298294,0.151325960079063
"22019002001",1.68225247552052e-05,1.68225247552052,0.151450034367089
"31121966600",1.68230186772537e-05,1.68230186772537,0.151454481054629
"42103950803",1.68300986207202e-05,1.68300986207202,0.151518220457419
"48339694403",1.68317624424995e-05,1.68317624424995,0.151533199532755
"39075976500",1.68370275608393e-05,1.68370275608393,0.151580600405402
"26117970300",1.68438292176286e-05,1.68438292176286,0.151641834445445
"45021970404",1.68439442643438e-05,1.68439442643438,0.151642870189439
"35013000500",1.6844734381045e-05,1.6844734381045,0.151649983461869
"35013000600",1.6844734381045e-05,1.6844734381045,0.151649983461869
"35013000700",1.6844734381045e-05,1.6844734381045,0.151649983461869
"35013000800",1.6844734381045e-05,1.6844734381045,0.151649983461869
"35013000901",1.6844734381045e-05,1.6844734381045,0.151649983461869
"35013001000",1.6844734381045e-05,1.6844734381045,0.151649983461869
"35013001102",1.6844734381045e-05,1.6844734381045,0.151649983461869
"35013001203",1.6844734381045e-05,1.6844734381045,0.151649983461869
"35013001205",1.6844734381045e-05,1.6844734381045,0.151649983461869
"35013001312",1.6844734381045e-05,1.6844734381045,0.151649983461869
"42127961002",1.68470237851782e-05,1.68470237851782,0.151670594537775
"42127961101",1.68470237851782e-05,1.68470237851782,0.151670594537775
"42127961102",1.68470237851782e-05,1.68470237851782,0.151670594537775
"40147000100",1.68485117450092e-05,1.68485117450092,0.151683990360983
"17103000700",1.68500700343793e-05,1.68500700343793,0.151698019347838
"45073030201",1.68572318255188e-05,1.68572318255188,0.151762495609873
"33003956000",1.6870268546122e-05,1.6870268546122,0.151879862759699
"47155080702",1.688948330895e-05,1.688948330895,0.152052849664637
"36089492401",1.68920019294563e-05,1.68920019294563,0.152075524332547
"06099003607",1.68984376735527e-05,1.68984376735527,0.152133464129264
"23025966100",1.6900420743841e-05,1.6900420743841,0.152151317339034
"38053962400",1.69026318057584e-05,1.69026318057584,0.152171223114668
"38105953600",1.69026318057584e-05,1.69026318057584,0.152171223114668
"51015070100",1.69027262883836e-05,1.69027262883836,0.152172073724017
"21045950400",1.69101894158323e-05,1.69101894158323,0.152239262860312
"06087120302",1.69173454988978e-05,1.69173454988978,0.152303687733627
"06087120600",1.69173454988978e-05,1.69173454988978,0.152303687733627
"17117956800",1.69276066168273e-05,1.69276066168273,0.152396066653301
"06107001501",1.69317158571089e-05,1.69317158571089,0.152433061372639
"29221460101",1.69327571239871e-05,1.69327571239871,0.152442435702995
"29221460102",1.69327571239871e-05,1.69327571239871,0.152442435702995
"47125101304",1.69351267195495e-05,1.69351267195495,0.152463768727294
"48061012202",1.69540872761381e-05,1.69540872761381,0.15263446706115
"48061980100",1.69540872761381e-05,1.69540872761381,0.15263446706115
"37083931000",1.696111408963e-05,1.696111408963,0.152697728144746
"37131920401",1.696111408963e-05,1.696111408963,0.152697728144746
"22057021101",1.69623107201718e-05,1.69623107201718,0.152708501185019
"12023110700",1.69624870268925e-05,1.69624870268925,0.152710088441349
"18107956900",1.69703603762875e-05,1.69703603762875,0.152780970728866
"04021002005",1.69782264181992e-05,1.69782264181992,0.152851787228481
"19067480100",1.698250318914e-05,1.698250318914,0.152890290194914
"19067480300",1.698250318914e-05,1.698250318914,0.152890290194914
"08043978500",1.69825375970872e-05,1.69825375970872,0.152890599963208
"08043979400",1.69825375970872e-05,1.69825375970872,0.152890599963208
"37065020600",1.69844057942056e-05,1.69844057942056,0.15290741899138
"21169960300",1.69911843573942e-05,1.69911843573942,0.152968445124069
"16013960101",1.69935240894686e-05,1.69935240894686,0.152989509292987
"16025970100",1.69935240894686e-05,1.69935240894686,0.152989509292987
"05051010301",1.69939053221257e-05,1.69939053221257,0.152992941459078
"05051010401",1.69939053221257e-05,1.69939053221257,0.152992941459078
"05051010402",1.69939053221257e-05,1.69939053221257,0.152992941459078
"05051010601",1.69939053221257e-05,1.69939053221257,0.152992941459078
"05051011101",1.69939053221257e-05,1.69939053221257,0.152992941459078
"05051011102",1.69939053221257e-05,1.69939053221257,0.152992941459078
"05051012001",1.69939053221257e-05,1.69939053221257,0.152992941459078
"05051012002",1.69939053221257e-05,1.69939053221257,0.152992941459078
"05059020701",1.69939053221257e-05,1.69939053221257,0.152992941459078
"05059020702",1.69939053221257e-05,1.69939053221257,0.152992941459078
"05125010516",1.69939053221257e-05,1.69939053221257,0.152992941459078
"06029004302",1.69974615439529e-05,1.69974615439529,0.15302495745702
"13123080403",1.7016453428271e-05,1.7016453428271,0.153195937828547
"28021950200",1.70215880927706e-05,1.70215880927706,0.153242164249744
"28147950200",1.70239763209905e-05,1.70239763209905,0.153263665020362
"05015950202",1.70419836403802e-05,1.70419836403802,0.153425781538549
"29009960600",1.70419836403802e-05,1.70419836403802,0.153425781538549
"17073031100",1.70435506254182e-05,1.70435506254182,0.153439888810871
"35033955201",1.70485080226029e-05,1.70485080226029,0.153484519327688
"35047957601",1.70485080226029e-05,1.70485080226029,0.153484519327688
"35047957700",1.70485080226029e-05,1.70485080226029,0.153484519327688
"01003010200",1.70487502035729e-05,1.70487502035729,0.153486699637526
"06029005803",1.7052980562441e-05,1.7052980562441,0.153524784764776
"06037900301",1.7052980562441e-05,1.7052980562441,0.153524784764776
"06037900508",1.7052980562441e-05,1.7052980562441,0.153524784764776
"39147962600",1.70548624071592e-05,1.70548624071592,0.153541726659729
"47029920400",1.70609600025648e-05,1.70609600025648,0.153596622167221
"27015960600",1.70611727709267e-05,1.70611727709267,0.153598537680866
"36065024101",1.70619360823192e-05,1.70619360823192,0.153605409630131
"01009050105",1.70626724778827e-05,1.70626724778827,0.153612039261237
"22033004602",1.7065036786208e-05,1.7065036786208,0.153633324685532
"22033004603",1.7065036786208e-05,1.7065036786208,0.153633324685532
"22033004700",1.7065036786208e-05,1.7065036786208,0.153633324685532
"22037951501",1.7065036786208e-05,1.7065036786208,0.153633324685532
"22037951502",1.7065036786208e-05,1.7065036786208,0.153633324685532
"22077951900",1.7065036786208e-05,1.7065036786208,0.153633324685532
"22125951802",1.7065036786208e-05,1.7065036786208,0.153633324685532
"22125951803",1.7065036786208e-05,1.7065036786208,0.153633324685532
"48257051202",1.70669732788036e-05,1.70669732788036,0.153650758565073
"31163970100",1.70765847724068e-05,1.70765847724068,0.15373728903881
"40097040802",1.70832674756026e-05,1.70832674756026,0.153797452161968
"01001020902",1.70835828951464e-05,1.70835828951464,0.153800291824946
"04021001000",1.7085476551306e-05,1.7085476551306,0.15381734005609
"17005951200",1.70870260464933e-05,1.70870260464933,0.153831289870567
"48337950300",1.70879626467163e-05,1.70879626467163,0.153839721906663
"06025012302",1.70932770760676e-05,1.70932770760676,0.153887566717094
"45029970702",1.70933787368708e-05,1.70933787368708,0.153888481950233
"19171290100",1.70957497055285e-05,1.70957497055285,0.153909827336251
"51187020102",1.70999832418491e-05,1.70999832418491,0.153947941069509
"28113950102",1.71066766195592e-05,1.71066766195592,0.154008200293317
"12105012410",1.71117481444977e-05,1.71117481444977,0.15405385828089
"26151970700",1.71203170898697e-05,1.71203170898697,0.15413100288849
"51115951401",1.71231820257903e-05,1.71231820257903,0.154156795369104
"01101005604",1.71303360181894e-05,1.71303360181894,0.154221201420543
"26123970100",1.71333969808586e-05,1.71333969808586,0.154248758693199
"12053040702",1.7135094888108e-05,1.7135094888108,0.154264044633628
"17171970700",1.71507801661991e-05,1.71507801661991,0.154405256249632
"01091972902",1.71592599036894e-05,1.71592599036894,0.154481597735409
"35013001702",1.71614324089816e-05,1.71614324089816,0.15450115639298
"26123970300",1.71627939283975e-05,1.71627939283975,0.154513413896852
"29187950600",1.71721922995428e-05,1.71721922995428,0.154598025669084
"12053040602",1.71729372095977e-05,1.71729372095977,0.154604731954559
"06053011105",1.71820960324096e-05,1.71820960324096,0.154687187118086
"51177020406",1.71834923231397e-05,1.71834923231397,0.154699757661577
"51177020407",1.71834923231397e-05,1.71834923231397,0.154699757661577
"26023950900",1.71863329073227e-05,1.71863329073227,0.154725330908066
"51181860100",1.71928740461683e-05,1.71928740461683,0.154784219553937
"27005450300",1.71940736408595e-05,1.71940736408595,0.154795019279891
"29013070200",1.72015876839149e-05,1.72015876839149,0.15486266679984
"55029100600",1.72062619803646e-05,1.72062619803646,0.154904748613851
"55029100700",1.72062619803646e-05,1.72062619803646,0.154904748613851
"55029100800",1.72062619803646e-05,1.72062619803646,0.154904748613851
"55029100900",1.72062619803646e-05,1.72062619803646,0.154904748613851
"55029101000",1.72062619803646e-05,1.72062619803646,0.154904748613851
"55061960200",1.72062619803646e-05,1.72062619803646,0.154904748613851
"06021010300",1.72111330114288e-05,1.72111330114288,0.154948601592689
"20115489800",1.72132899259419e-05,1.72132899259419,0.1549680198894
"04021000806",1.72275265027374e-05,1.72275265027374,0.155096189119425
"18161960800",1.72452764817873e-05,1.72452764817873,0.155255988850811
"41041950602",1.72466973545664e-05,1.72466973545664,0.155268780701878
"41041951500",1.72466973545664e-05,1.72466973545664,0.155268780701878
"41041951800",1.72466973545664e-05,1.72466973545664,0.155268780701878
"21235920800",1.72501820026443e-05,1.72501820026443,0.155300152334783
"22019003601",1.72919749944799e-05,1.72919749944799,0.155676406799669
"18031969100",1.72957332753707e-05,1.72957332753707,0.155710241897453
"28109950503",1.72972266814704e-05,1.72972266814704,0.155723686752397
"21035010700",1.73170518234902e-05,1.73170518234902,0.155902168786689
"20041084600",1.73217045521324e-05,1.73217045521324,0.155944056429775
"35013000902",1.73292312684995e-05,1.73292312684995,0.156011818045172
"48487950300",1.73303158354147e-05,1.73303158354147,0.156021582197639
"45073030901",1.73441772173075e-05,1.73441772173075,0.156146373618343
"48473680602",1.73452015273555e-05,1.73452015273555,0.156155595289539
"28083950400",1.73577881192779e-05,1.73577881192779,0.156268910015298
"23027046001",1.73602283952387e-05,1.73602283952387,0.156290879361963
"01027959000",1.73610946732028e-05,1.73610946732028,0.156298678299955
"37041930201",1.7367626515288e-05,1.7367626515288,0.156357483248836
"37143920202",1.7367626515288e-05,1.7367626515288,0.156357483248836
"37187950100",1.7367626515288e-05,1.7367626515288,0.156357483248836
"06017032001",1.73691870392897e-05,1.73691870392897,0.15637153235366
"06061022300",1.73691870392897e-05,1.73691870392897,0.15637153235366
"37005950200",1.73745619612054e-05,1.73745619612054,0.156419921767301
"29139970400",1.73786871430546e-05,1.73786871430546,0.156457060005581
"23007971100",1.73835337827228e-05,1.73835337827228,0.156500693393256
"23007971201",1.73835337827228e-05,1.73835337827228,0.156500693393256
"23007971202",1.73835337827228e-05,1.73835337827228,0.156500693393256
"48337950501",1.73891351906572e-05,1.73891351906572,0.156551121818032
"48337950502",1.73891351906572e-05,1.73891351906572,0.156551121818032
"39083007600",1.73918749713536e-05,1.73918749713536,0.156575787549643
"51005080202",1.73952534257064e-05,1.73952534257064,0.156606203140363
"20037956700",1.73965908677472e-05,1.73965908677472,0.156618243880145
"13241970202",1.73966572368527e-05,1.73966572368527,0.15661884138875
"42127960400",1.74031990011108e-05,1.74031990011108,0.156677735665093
"40117957500",1.74068347729176e-05,1.74068347729176,0.156710467836577
"39119912300",1.74092303452711e-05,1.74092303452711,0.156732034725052
"48379950101",1.74131464464413e-05,1.74131464464413,0.156767290649204
"01123962000",1.74194086992571e-05,1.74194086992571,0.15682366853647
"06057000102",1.74205643109221e-05,1.74205643109221,0.15683407229149
"12009069905",1.74254766812396e-05,1.74254766812396,0.156878297439869
"47183968300",1.74258387174817e-05,1.74258387174817,0.156881556784237
"06071010905",1.74267662067497e-05,1.74267662067497,0.156889906796114
"53027000900",1.74337567780983e-05,1.74337567780983,0.156952841598494
"53027001000",1.74337567780983e-05,1.74337567780983,0.156952841598494
"53027001100",1.74337567780983e-05,1.74337567780983,0.156952841598494
"53027001200",1.74337567780983e-05,1.74337567780983,0.156952841598494
"06017032002",1.74385807653809e-05,1.74385807653809,0.156996271050991
"01077011606",1.74413631804947e-05,1.74413631804947,0.157021320612263
"21047200902",1.74444283734618e-05,1.74444283734618,0.157048915969497
"21219950200",1.74444283734618e-05,1.74444283734618,0.157048915969497
"26087333000",1.74455997521058e-05,1.74455997521058,0.157059461671672
"48251130602",1.7448002739601e-05,1.7448002739601,0.157081095317277
"41035970902",1.74519762190297e-05,1.74519762190297,0.157116867807125
"41035971000",1.74519762190297e-05,1.74519762190297,0.157116867807125
"41035971100",1.74519762190297e-05,1.74519762190297,0.157116867807125
"41035971200",1.74519762190297e-05,1.74519762190297,0.157116867807125
"41035971300",1.74519762190297e-05,1.74519762190297,0.157116867807125
"41035971400",1.74519762190297e-05,1.74519762190297,0.157116867807125
"41035971500",1.74519762190297e-05,1.74519762190297,0.157116867807125
"41035971600",1.74519762190297e-05,1.74519762190297,0.157116867807125
"41035971700",1.74519762190297e-05,1.74519762190297,0.157116867807125
"41035971800",1.74519762190297e-05,1.74519762190297,0.157116867807125
"41035971900",1.74519762190297e-05,1.74519762190297,0.157116867807125
"41035972000",1.74519762190297e-05,1.74519762190297,0.157116867807125
"18041954400",1.74589377857152e-05,1.74589377857152,0.157179541485964
"48221160213",1.74606881719584e-05,1.74606881719584,0.157195299884929
"48221160214",1.74606881719584e-05,1.74606881719584,0.157195299884929
"27063480400",1.74626360431063e-05,1.74626360431063,0.157212836203442
"36091060504",1.74756219963817e-05,1.74756219963817,0.157329746304539
"45057010600",1.74797718245287e-05,1.74797718245287,0.157367106428815
"54099020900",1.74829307166909e-05,1.74829307166909,0.157395545342324
"06107004500",1.74905817645287e-05,1.74905817645287,0.157464426290627
"40073958200",1.74958198832609e-05,1.74958198832609,0.157511584090871
"12069031318",1.74973745511082e-05,1.74973745511082,0.157525580473835
"36013036000",1.74980245226288e-05,1.74980245226288,0.157531432045497
"01121010400",1.75017374135076e-05,1.75017374135076,0.157564858505519
"48051970100",1.7521853502426e-05,1.7521853502426,0.157745959880155
"48395960200",1.7521853502426e-05,1.7521853502426,0.157745959880155
"48395960502",1.7521853502426e-05,1.7521853502426,0.157745959880155
"19113010300",1.75234234865878e-05,1.75234234865878,0.157760094153026
"55078940101",1.75331564417405e-05,1.75331564417405,0.157847718122306
"55115100100",1.75331564417405e-05,1.75331564417405,0.157847718122306
"53067012620",1.75347147737646e-05,1.75347147737646,0.157861747493167
"22049970200",1.75351517024536e-05,1.75351517024536,0.157865681080183
"22049970500",1.75351517024536e-05,1.75351517024536,0.157865681080183
"22061960100",1.75351517024536e-05,1.75351517024536,0.157865681080183
"29195090100",1.75352247958405e-05,1.75352247958405,0.157866339126233
"29195090800",1.75352247958405e-05,1.75352247958405,0.157866339126233
"12017451604",1.75394470158796e-05,1.75394470158796,0.157904350981132
"47159975000",1.75528447651837e-05,1.75528447651837,0.158024968404621
"18133956000",1.75592552041367e-05,1.75592552041367,0.158082680383879
"47177930700",1.75651200811851e-05,1.75651200811851,0.15813548077166
"51137110105",1.75869927800598e-05,1.75869927800598,0.158332396576183
"17009970400",1.76033850049431e-05,1.76033850049431,0.15847997270153
"29111970200",1.76163127098014e-05,1.76163127098014,0.158596358403056
"50015953200",1.76174701322323e-05,1.76174701322323,0.158606778460062
"06071009122",1.76267653435464e-05,1.76267653435464,0.158690461503687
"17103000800",1.76390481662511e-05,1.76390481662511,0.158801041452168
"17037002000",1.76420003279677e-05,1.76420003279677,0.15882761921026
"48015760302",1.76455871175585e-05,1.76455871175585,0.158859910404043
"36031960700",1.76498765369935e-05,1.76498765369935,0.158898527242496
"36031960901",1.76498765369935e-05,1.76498765369935,0.158898527242496
"50013020100",1.76498765369935e-05,1.76498765369935,0.158898527242496
"36019103512",1.76498765369935e-05,1.76498765369935,0.158898527242496
"19107080300",1.76531247235991e-05,1.76531247235991,0.158927770057128
"19107080400",1.76531247235991e-05,1.76531247235991,0.158927770057128
"39029950900",1.76651597454476e-05,1.76651597454476,0.159036119100989
"51139030500",1.76662493303751e-05,1.76662493303751,0.159045928429679
"53045961000",1.7667869339062e-05,1.7667869339062,0.159060513063964
"48277000301",1.76721042854473e-05,1.76721042854473,0.15909863949177
"48277000900",1.76721042854473e-05,1.76721042854473,0.15909863949177
"12107950600",1.76775278966998e-05,1.76775278966998,0.159147467246375
"39137030700",1.7678562932438e-05,1.7678562932438,0.159156785478948
"05007021409",1.76801996339479e-05,1.76801996339479,0.159171520395586
"26069000700",1.76869885827833e-05,1.76869885827833,0.159232640028305
"26069000800",1.76869885827833e-05,1.76869885827833,0.159232640028305
"26129950100",1.76869885827833e-05,1.76869885827833,0.159232640028305
"26129950300",1.76869885827833e-05,1.76869885827833,0.159232640028305
"26129950902",1.76869885827833e-05,1.76869885827833,0.159232640028305
"26135970300",1.76869885827833e-05,1.76869885827833,0.159232640028305
"26135970400",1.76869885827833e-05,1.76869885827833,0.159232640028305
"26051000200",1.76869885827833e-05,1.76869885827833,0.159232640028305
"26051000101",1.76869885827833e-05,1.76869885827833,0.159232640028305
"26051000102",1.76869885827833e-05,1.76869885827833,0.159232640028305
"26143970700",1.76869885827833e-05,1.76869885827833,0.159232640028305
"26143971100",1.76869885827833e-05,1.76869885827833,0.159232640028305
"48147950701",1.76880461992988e-05,1.76880461992988,0.159242161551379
"54103004900",1.7697795298501e-05,1.7697795298501,0.159329930862508
"36025970602",1.76982602605104e-05,1.76982602605104,0.15933411682825
"36025970700",1.76982602605104e-05,1.76982602605104,0.15933411682825
"36105952400",1.77116666266546e-05,1.77116666266546,0.159454811827533
"19171290200",1.77400511331963e-05,1.77400511331963,0.159710352214829
"19075960200",1.77400511331963e-05,1.77400511331963,0.159710352214829
"13305970500",1.77530098453653e-05,1.77530098453653,0.159827017069356
"13305970600",1.77530098453653e-05,1.77530098453653,0.159827017069356
"47177930300",1.77559643898403e-05,1.77559643898403,0.159853616278974
"47177930800",1.77559643898403e-05,1.77559643898403,0.159853616278974
"06069000801",1.77614095672862e-05,1.77614095672862,0.159902638189973
"06037901216",1.77719215020728e-05,1.77719215020728,0.159997275166756
"19083480600",1.77764773498147e-05,1.77764773498147,0.160038290609273
"21045950301",1.77783585131549e-05,1.77783585131549,0.160055226369907
"06107004102",1.77792851870583e-05,1.77792851870583,0.16006356904121
"19125030600",1.7780322959758e-05,1.7780322959758,0.160072911914133
"47069950500",1.77852622760002e-05,1.77852622760002,0.160117379651617
"48067950700",1.77900790318565e-05,1.77900790318565,0.16016074400094
"48343950200",1.77900790318565e-05,1.77900790318565,0.16016074400094
"37009970400",1.78046082722669e-05,1.78046082722669,0.160291548026584
"37009970501",1.78046082722669e-05,1.78046082722669,0.160291548026584
"18107957500",1.78051904397379e-05,1.78051904397379,0.160296789171108
"48005001200",1.78157772106457e-05,1.78157772106457,0.160392099883451
"40119011302",1.78180167408344e-05,1.78180167408344,0.16041226195359
"06037900610",1.78315784905663e-05,1.78315784905663,0.160534355842163
"29115490300",1.7835223264458e-05,1.7835223264458,0.160567169057729
"29115490400",1.7835223264458e-05,1.7835223264458,0.160567169057729
"51181860200",1.78447840278019e-05,1.78447840278019,0.160653242816459
"39171950100",1.7849154609492e-05,1.7849154609492,0.160692590343469
"17011964800",1.78549606955807e-05,1.78549606955807,0.160744861447269
"42047950200",1.7855645874126e-05,1.7855645874126,0.160751029981169
"06069000100",1.78572999416506e-05,1.78572999416506,0.16076592124078
"23011010602",1.78666468216046e-05,1.78666468216046,0.160850069447477
"48375014100",1.78822926041579e-05,1.78822926041579,0.160990925492564
"48381022001",1.78822926041579e-05,1.78822926041579,0.160990925492564
"28015950100",1.78880396242492e-05,1.78880396242492,0.161042664836271
"28083950100",1.78880396242492e-05,1.78880396242492,0.161042664836271
"55053960400",1.78919647777445e-05,1.78919647777445,0.161078002256808
"41001950300",1.78932902203551e-05,1.78932902203551,0.16108993496797
"13065970100",1.78939456729825e-05,1.78939456729825,0.161095835885008
"53027000402",1.78957031706062e-05,1.78957031706062,0.161111658306397
"53027000501",1.78957031706062e-05,1.78957031706062,0.161111658306397
"13119890103",1.79002784485248e-05,1.79002784485248,0.16115284867515
"13147960200",1.79002784485248e-05,1.79002784485248,0.16115284867515
"13315960400",1.79014145252293e-05,1.79014145252293,0.161163076560586
"24035810300",1.79050553656884e-05,1.79050553656884,0.161195854364196
"08043978300",1.7916653338743e-05,1.7916653338743,0.161300268739759
"08043978600",1.7916653338743e-05,1.7916653338743,0.161300268739759
"08043978800",1.7916653338743e-05,1.7916653338743,0.161300268739759
"08043979100",1.7916653338743e-05,1.7916653338743,0.161300268739759
"08043980100",1.7916653338743e-05,1.7916653338743,0.161300268739759
"42063960600",1.79206455294657e-05,1.79206455294657,0.161336209683877
"21231920202",1.79211489694453e-05,1.79211489694453,0.161340742059565
"42109070500",1.79323515699218e-05,1.79323515699218,0.161441596969982
"36043011002",1.7932766119857e-05,1.7932766119857,0.161445329085276
"06035040600",1.79394399486807e-05,1.79394399486807,0.161505412314127
"13159010100",1.79460594245814e-05,1.79460594245814,0.161565006213808
"19197680500",1.79489533157796e-05,1.79489533157796,0.161591059373355
"19079960500",1.79523289780039e-05,1.79523289780039,0.161621449827066
"39135470101",1.79554633442388e-05,1.79554633442388,0.161649667938254
"33005970800",1.79670710500575e-05,1.79670710500575,0.161754169936066
"39065000500",1.79727880627153e-05,1.79727880627153,0.161805639128479
"37033930100",1.79777634145286e-05,1.79777634145286,0.161850431287449
"42031160900",1.79880808257699e-05,1.79880808257699,0.161943317005248
"45075010601",1.79959542235469e-05,1.79959542235469,0.162014199728339
"40055967100",1.79978910462781e-05,1.79978910462781,0.162031636580028
"20051072600",1.8001002704502e-05,1.8001002704502,0.162059650255253
"20051073000",1.8001002704502e-05,1.8001002704502,0.162059650255253
"20163974700",1.8001002704502e-05,1.8001002704502,0.162059650255253
"20195955800",1.8001002704502e-05,1.8001002704502,0.162059650255253
"01077011503",1.8002718494141e-05,1.8002718494141,0.162075097187481
"06071010428",1.80148606272907e-05,1.80148606272907,0.162184410534292
"06071010430",1.80148606272907e-05,1.80148606272907,0.162184410534292
"04027011204",1.80161270692312e-05,1.80161270692312,0.162195812073491
"45059920202",1.80232179011838e-05,1.80232179011838,0.162259649503278
"49049010411",1.80275136613318e-05,1.80275136613318,0.162298323425981
"29217950100",1.80311639181559e-05,1.80311639181559,0.162331186003359
"06037901214",1.80314542205398e-05,1.80314542205398,0.162333799541259
"26117970200",1.80318471470667e-05,1.80318471470667,0.162337336985065
"40005587700",1.80465464995582e-05,1.80465464995582,0.162469672497862
"40013795600",1.80465464995582e-05,1.80465464995582,0.162469672497862
"40069660198",1.80465464995582e-05,1.80465464995582,0.162469672497862
"48291701400",1.80487194799379e-05,1.80487194799379,0.162489235432556
"20009971100",1.80520773156919e-05,1.80520773156919,0.1625194653979
"20145970200",1.80520773156919e-05,1.80520773156919,0.1625194653979
"48223950301",1.80534588896639e-05,1.80534588896639,0.162531903449178
"48223950302",1.80534588896639e-05,1.80534588896639,0.162531903449178
"39029951600",1.80644786086864e-05,1.80644786086864,0.162631111912174
"06057000503",1.80693707203092e-05,1.80693707203092,0.162675154675326
"39091004800",1.80712268986859e-05,1.80712268986859,0.162691865501021
"47005963300",1.80717756760811e-05,1.80717756760811,0.162696806040956
"47079969002",1.80717756760811e-05,1.80717756760811,0.162696806040956
"47079969200",1.80717756760811e-05,1.80717756760811,0.162696806040956
"47079969700",1.80717756760811e-05,1.80717756760811,0.162696806040956
"47161980100",1.80717756760811e-05,1.80717756760811,0.162696806040956
"12105014701",1.80740444328621e-05,1.80740444328621,0.162717231232624
"41019210000",1.80932229350433e-05,1.80932229350433,0.162889891689762
"41033361500",1.80932229350433e-05,1.80932229350433,0.162889891689762
"41033361602",1.80932229350433e-05,1.80932229350433,0.162889891689762
"48185180303",1.8096909760519e-05,1.8096909760519,0.162923083487849
"45073031100",1.80974215337338e-05,1.80974215337338,0.162927690886091
"19131560200",1.81003928450732e-05,1.81003928450732,0.162954441044644
"16069940000",1.81051618997467e-05,1.81051618997467,0.162997375949167
"01113031100",1.81115166231029e-05,1.81115166231029,0.163054586331359
"48257050703",1.81138369813306e-05,1.81138369813306,0.163075476081171
"32007951201",1.81168556777002e-05,1.81168556777002,0.163102652838261
"32007951202",1.81168556777002e-05,1.81168556777002,0.163102652838261
"32007951401",1.81168556777002e-05,1.81168556777002,0.163102652838261
"32007951403",1.81168556777002e-05,1.81168556777002,0.163102652838261
"32007951404",1.81168556777002e-05,1.81168556777002,0.163102652838261
"32007951600",1.81168556777002e-05,1.81168556777002,0.163102652838261
"55057100302",1.81204300810284e-05,1.81204300810284,0.163134832520846
"55057100600",1.81204300810284e-05,1.81204300810284,0.163134832520846
"26023950300",1.81213471419108e-05,1.81213471419108,0.163143088647924
"26149041302",1.81213471419108e-05,1.81213471419108,0.163143088647924
"42127960800",1.81231143733077e-05,1.81231143733077,0.163158998700647
"39091003800",1.81243332715275e-05,1.81243332715275,0.163169972212648
"29113810203",1.81284472082641e-05,1.81284472082641,0.163207009213289
"37011930302",1.81529351206191e-05,1.81529351206191,0.163427469294145
"47019071600",1.81529351206191e-05,1.81529351206191,0.163427469294145
"12049970202",1.81532127113212e-05,1.81532127113212,0.163429968391159
"26043950200",1.81561255046265e-05,1.81561255046265,0.163456191722829
"55037190101",1.81561255046265e-05,1.81561255046265,0.163456191722829
"55037190102",1.81561255046265e-05,1.81561255046265,0.163456191722829
"55037190200",1.81561255046265e-05,1.81561255046265,0.163456191722829
"55075960100",1.81561255046265e-05,1.81561255046265,0.163456191722829
"13017960100",1.81655538737358e-05,1.81655538737358,0.163541073561103
"31001966200",1.81689929924919e-05,1.81689929924919,0.163572035302066
"31181965000",1.81689929924919e-05,1.81689929924919,0.163572035302066
"48449950500",1.8170554557224e-05,1.8170554557224,0.16358609377639
"12105015701",1.81774782213722e-05,1.81774782213722,0.163648426225796
"42081010300",1.82121176167651e-05,1.82121176167651,0.163960278203965
"40113940004",1.82152042280356e-05,1.82152042280356,0.163988066386167
"18085962700",1.82173622025644e-05,1.82173622025644,0.164007494226002
"27081201002",1.82178744538433e-05,1.82178744538433,0.164012105928164
"46039953700",1.82178744538433e-05,1.82178744538433,0.164012105928164
"46077958100",1.82178744538433e-05,1.82178744538433,0.164012105928164
"05007021004",1.82255216410078e-05,1.82255216410078,0.164080952119549
"05007021312",1.82255216410078e-05,1.82255216410078,0.164080952119549
"47151975000",1.82260987538212e-05,1.82260987538212,0.164086147757938
"06037910713",1.82306733552652e-05,1.82306733552652,0.164127332036517
"21043960400",1.82320632589869e-05,1.82320632589869,0.164139845078969
"21063920101",1.82320632589869e-05,1.82320632589869,0.164139845078969
"36075020101",1.82334810346215e-05,1.82334810346215,0.164152609047025
"35013000206",1.82500669598691e-05,1.82500669598691,0.164301929020412
"28039950304",1.8254322858745e-05,1.8254322858745,0.16434024407956
"47017962101",1.82589393439546e-05,1.82589393439546,0.164381805429823
"47017962300",1.82589393439546e-05,1.82589393439546,0.164381805429823
"47017962500",1.82589393439546e-05,1.82589393439546,0.164381805429823
"27085950500",1.8262266873797e-05,1.8262266873797,0.16441176255673
"47099960600",1.82623960638945e-05,1.82623960638945,0.164412925630941
"12045960102",1.82643214348079e-05,1.82643214348079,0.164430259384063
"22027950500",1.82649207390269e-05,1.82649207390269,0.164435654807514
"48291701100",1.82705093390507e-05,1.82705093390507,0.164485967925074
"50025967800",1.8271147624157e-05,1.8271147624157,0.16449171428614
"06115040902",1.82815737460646e-05,1.82815737460646,0.164585578705673
"17073030600",1.82916208142651e-05,1.82916208142651,0.164676030575793
"21013961100",1.82974728964562e-05,1.82974728964562,0.164728715773875
"47025970100",1.82974728964562e-05,1.82974728964562,0.164728715773875
"47025970800",1.82974728964562e-05,1.82974728964562,0.164728715773875
"47025970900",1.82974728964562e-05,1.82974728964562,0.164728715773875
"39087050600",1.82998302237043e-05,1.82998302237043,0.164749938348841
"18169102900",1.83155610231319e-05,1.83155610231319,0.164891559784898
"36009960200",1.83269994284473e-05,1.83269994284473,0.164994537602041
"06037901101",1.83519962059808e-05,1.83519962059808,0.165219578900633
"06037901215",1.83519962059808e-05,1.83519962059808,0.165219578900633
"06037901218",1.83519962059808e-05,1.83519962059808,0.165219578900633
"45091061505",1.83574520814389e-05,1.83574520814389,0.165268697123828
"51051040400",1.83612881187992e-05,1.83612881187992,0.16530323224852
"19011960200",1.83680310096744e-05,1.83680310096744,0.165363937230064
"19011960300",1.83680310096744e-05,1.83680310096744,0.165363937230064
"18031969400",1.83859654937839e-05,1.83859654937839,0.165525398025887
"01019956101",1.83910545947737e-05,1.83910545947737,0.165571214247353
"19063070100",1.83927718942933e-05,1.83927718942933,0.165586674772753
"22105953300",1.83952161831322e-05,1.83952161831322,0.165608680246607
"18035002501",1.83996917440065e-05,1.83996917440065,0.165648972881517
"06057000502",1.83999435858503e-05,1.83999435858503,0.165651240166389
"06057000504",1.83999435858503e-05,1.83999435858503,0.165651240166389
"06057000601",1.83999435858503e-05,1.83999435858503,0.165651240166389
"06057000602",1.83999435858503e-05,1.83999435858503,0.165651240166389
"47165020601",1.84017324622733e-05,1.84017324622733,0.165667345085222
"06037900510",1.84031007113061e-05,1.84031007113061,0.165679663174573
"06037900602",1.84031007113061e-05,1.84031007113061,0.165679663174573
"06037900609",1.84031007113061e-05,1.84031007113061,0.165679663174573
"06037900611",1.84031007113061e-05,1.84031007113061,0.165679663174573
"42033331900",1.8405588781821e-05,1.8405588781821,0.165702062806642
"24043011502",1.84077047181398e-05,1.84077047181398,0.165721112184358
"47049965000",1.84079657305529e-05,1.84079657305529,0.165723462030146
"47049965201",1.84079657305529e-05,1.84079657305529,0.165723462030146
"48061010103",1.84109326323933e-05,1.84109326323933,0.165750172490807
"48061012201",1.84109326323933e-05,1.84109326323933,0.165750172490807
"12017451502",1.84112581461992e-05,1.84112581461992,0.165753103030533
"45057010500",1.84132661485271e-05,1.84132661485271,0.165771180698778
"29187950104",1.84133058327325e-05,1.84133058327325,0.165771537968234
"51021040100",1.84150381601339e-05,1.84150381601339,0.165787133786834
"53045960700",1.84181061008451e-05,1.84181061008451,0.165814753881493
"53045960800",1.84181061008451e-05,1.84181061008451,0.165814753881493
"06071009713",1.84264753192949e-05,1.84264753192949,0.165890100385083
"28097950100",1.84356489173397e-05,1.84356489173397,0.165972688567259
"47183968000",1.84421947286185e-05,1.84421947286185,0.16603161927817
"45035010302",1.84480332780248e-05,1.84480332780248,0.166084182643129
"12105015301",1.84486432462374e-05,1.84486432462374,0.166089674072513
"53053070100",1.8461742309238e-05,1.8461742309238,0.166207602479247
"01031010800",1.84685818654779e-05,1.84685818654779,0.166269177720934
"01061050200",1.84685818654779e-05,1.84685818654779,0.166269177720934
"29059480100",1.84730043245976e-05,1.84730043245976,0.166308992290709
"12059960403",1.84842467703906e-05,1.84842467703906,0.166410205921035
"06037900606",1.8500547382292e-05,1.8500547382292,0.166556957271893
"24029950300",1.85007679825773e-05,1.85007679825773,0.166558943294876
"47183968202",1.8500794550559e-05,1.8500794550559,0.166559182481431
"05143010112",1.85037908779157e-05,1.85037908779157,0.166586157854495
"05063490701",1.85103554682642e-05,1.85103554682642,0.166645257629847
"53061053603",1.85183680815825e-05,1.85183680815825,0.166717393684338
"29159480100",1.85186143883134e-05,1.85186143883134,0.166719611137628
"29159480300",1.85186143883134e-05,1.85186143883134,0.166719611137628
"12105014304",1.85257154920878e-05,1.85257154920878,0.1667835410427
"09190253500",1.8530953908909e-05,1.8530953908909,0.166830701526584
"01071950602",1.85361833149275e-05,1.85361833149275,0.166877780887901
"06071011102",1.85366472286181e-05,1.85366472286181,0.166881957415825
"49049010900",1.85432385729935e-05,1.85432385729935,0.166941298052662
"06007001601",1.8550177909601e-05,1.8550177909601,0.167003771598279
"26023951000",1.85590538768308e-05,1.85590538768308,0.167083680266066
"39005970200",1.85590961779473e-05,1.85590961779473,0.167084061095082
"53015001900",1.8566203198975e-05,1.8566203198975,0.167148044272075
"26023950100",1.8574931275565e-05,1.8574931275565,0.167226621508177
"20059954101",1.85771568207563e-05,1.85771568207563,0.167246657674009
"48141010335",1.85853314594091e-05,1.85853314594091,0.16732025241219
"48141010504",1.85853314594091e-05,1.85853314594091,0.16732025241219
"48141010506",1.85853314594091e-05,1.85853314594091,0.16732025241219
"48215024212",1.85870791557575e-05,1.85870791557575,0.167335986594537
"48427950402",1.85870791557575e-05,1.85870791557575,0.167335986594537
"48427950404",1.85870791557575e-05,1.85870791557575,0.167335986594537
"42103950804",1.8588919938533e-05,1.8588919938533,0.167352558816523
"29187950106",1.8611928914898e-05,1.8611928914898,0.167559704314118
"12107950900",1.86162938324016e-05,1.86162938324016,0.167599000847519
"35013001600",1.86283014118553e-05,1.86283014118553,0.167707102832649
"35013001814",1.86283014118553e-05,1.86283014118553,0.167707102832649
"24039930500",1.86285938698934e-05,1.86285938698934,0.167709735777499
"39125960400",1.86370007184253e-05,1.86370007184253,0.167785421057658
"48019000200",1.86415708178802e-05,1.86415708178802,0.167826564805673
"28061950200",1.86425528169419e-05,1.86425528169419,0.167835405558996
"19165960100",1.86428299703926e-05,1.86428299703926,0.167837900719517
"19077950200",1.86428299703926e-05,1.86428299703926,0.167837900719517
"37099950400",1.86540154756075e-05,1.86540154756075,0.167938601724501
"48489950700",1.86699194670408e-05,1.86699194670408,0.168081782375693
"48041000104",1.86703749619476e-05,1.86703749619476,0.168085883110886
"48041000108",1.86703749619476e-05,1.86703749619476,0.168085883110886
"48395960501",1.86703749619476e-05,1.86703749619476,0.168085883110886
"19041080400",1.86750560023477e-05,1.86750560023477,0.168128025639417
"19059450800",1.86750560023477e-05,1.86750560023477,0.168128025639417
"13133950301",1.86804242839196e-05,1.86804242839196,0.168176355271288
"21109960102",1.86875338324717e-05,1.86875338324717,0.16824036120311
"19125030402",1.86883801660749e-05,1.86883801660749,0.168247980585762
"35013001105",1.86965931622117e-05,1.86965931622117,0.168321920649176
"01095030101",1.87038888587359e-05,1.87038888587359,0.168387602436268
"39147962700",1.87042860062779e-05,1.87042860062779,0.168391177881081
"42083420900",1.87132514486952e-05,1.87132514486952,0.168471892077195
"12105012306",1.87194725995562e-05,1.87194725995562,0.168527899931272
"13311950302",1.8721995129886e-05,1.8721995129886,0.16855060979859
"45055970603",1.87252282440382e-05,1.87252282440382,0.168579716918751
"08059012030",1.87283909699065e-05,1.87283909699065,0.168608190346397
"29113810204",1.87382532093664e-05,1.87382532093664,0.168696978238041
"26007000101",1.87391258203432e-05,1.87391258203432,0.168704834190958
"26007000200",1.87391258203432e-05,1.87391258203432,0.168704834190958
"26141950200",1.87391258203432e-05,1.87391258203432,0.168704834190958
"26141950500",1.87391258203432e-05,1.87391258203432,0.168704834190958
"26141950600",1.87391258203432e-05,1.87391258203432,0.168704834190958
"39147963800",1.87511159391924e-05,1.87511159391924,0.168812778981541
"29217950200",1.87541457814264e-05,1.87541457814264,0.168840056082758
"39075976402",1.87556417406442e-05,1.87556417406442,0.168853523922945
"39075976403",1.87556417406442e-05,1.87556417406442,0.168853523922945
"39075976401",1.87686815308063e-05,1.87686815308063,0.168970918707433
"26087341000",1.877314894971e-05,1.877314894971,0.169011138041709
"06013301000",1.87754190407391e-05,1.87754190407391,0.169031575245362
"06037901012",1.87757990810762e-05,1.87757990810762,0.169034996677219
"39067975800",1.87780269409399e-05,1.87780269409399,0.169055053681612
"17073030500",1.87805650862387e-05,1.87805650862387,0.169077904127567
"48223950800",1.87978997541152e-05,1.87978997541152,0.169233964890374
"48115950401",1.87990524015742e-05,1.87990524015742,0.169244341959204
"27143170200",1.88022553596107e-05,1.88022553596107,0.169273177589513
"22019001803",1.88040155949552e-05,1.88040155949552,0.169289024658089
"06071010429",1.8808891061657e-05,1.8808891061657,0.169332917570139
"39077916600",1.88097581807833e-05,1.88097581807833,0.169340724080956
"42127960700",1.88239726443464e-05,1.88239726443464,0.169468694229699
"48367140409",1.88277745901936e-05,1.88277745901936,0.169502922434894
"51053840102",1.88387512656487e-05,1.88387512656487,0.169601743384727
"29107090500",1.88389641008235e-05,1.88389641008235,0.169603659499877
"36113075001",1.88417408478261e-05,1.88417408478261,0.169628658032207
"41043030906",1.88463244505116e-05,1.88463244505116,0.169669923347274
"17011965300",1.88513573003255e-05,1.88513573003255,0.169715233149957
"39027965000",1.88664844645221e-05,1.88664844645221,0.169851420171274
"21047201400",1.88716300955396e-05,1.88716300955396,0.169897745321974
"04012020202",1.88779119374037e-05,1.88779119374037,0.169954299565767
"06017030502",1.88862445513899e-05,1.88862445513899,0.170029316526237
"06017030506",1.88862445513899e-05,1.88862445513899,0.170029316526237
"13311950204",1.88877659297819e-05,1.88877659297819,0.170043013210481
"01077010300",1.88918157046521e-05,1.88918157046521,0.170079472573876
"01077011101",1.88918157046521e-05,1.88918157046521,0.170079472573876
"55001950203",1.8891954379116e-05,1.8891954379116,0.170080721034058
"55001950204",1.8891954379116e-05,1.8891954379116,0.170080721034058
"47101970100",1.88920040574985e-05,1.88920040574985,0.170081168279216
"08085966301",1.88924554906029e-05,1.88924554906029,0.170085232446763
"08085966302",1.88924554906029e-05,1.88924554906029,0.170085232446763
"08085966401",1.88924554906029e-05,1.88924554906029,0.170085232446763
"08085966402",1.88924554906029e-05,1.88924554906029,0.170085232446763
"08085966502",1.88924554906029e-05,1.88924554906029,0.170085232446763
"08085966503",1.88924554906029e-05,1.88924554906029,0.170085232446763
"08085966601",1.88924554906029e-05,1.88924554906029,0.170085232446763
"08085966602",1.88924554906029e-05,1.88924554906029,0.170085232446763
"55061960100",1.88960507593045e-05,1.88960507593045,0.17011759997639
"53037975700",1.89001355904235e-05,1.89001355904235,0.170154374944617
"40121485900",1.89012152260928e-05,1.89012152260928,0.170164094702001
"21107970900",1.89058859884377e-05,1.89058859884377,0.17020614469913
"21107971000",1.89058859884377e-05,1.89058859884377,0.17020614469913
"21107971100",1.89058859884377e-05,1.89058859884377,0.17020614469913
"21177960400",1.89058859884377e-05,1.89058859884377,0.17020614469913
"21177960600",1.89058859884377e-05,1.89058859884377,0.17020614469913
"21233960400",1.89058859884377e-05,1.89058859884377,0.17020614469913
"18017950900",1.89167379449294e-05,1.89167379449294,0.170303842827534
"18179040700",1.8917025863104e-05,1.8917025863104,0.170306434900845
"20053086600",1.89174089363021e-05,1.89174089363021,0.170309883636981
"20053086700",1.89174089363021e-05,1.89174089363021,0.170309883636981
"39075976301",1.89196402701933e-05,1.89196402701933,0.170329971917392
"10003990100",1.89198849561617e-05,1.89198849561617,0.170332174779261
"06037910714",1.89260990034166e-05,1.89260990034166,0.170388118680905
"35015000900",1.89354867611186e-05,1.89354867611186,0.170472634902298
"35015001001",1.89354867611186e-05,1.89354867611186,0.170472634902298
"35015001002",1.89354867611186e-05,1.89354867611186,0.170472634902298
"35015001100",1.89354867611186e-05,1.89354867611186,0.170472634902298
"26151970900",1.89420066319002e-05,1.89420066319002,0.170531332075779
"04003000400",1.89498329775663e-05,1.89498329775663,0.170601791197543
"04003001000",1.89498329775663e-05,1.89498329775663,0.170601791197543
"04003001301",1.89498329775663e-05,1.89498329775663,0.170601791197543
"04003001302",1.89498329775663e-05,1.89498329775663,0.170601791197543
"04003002100",1.89498329775663e-05,1.89498329775663,0.170601791197543
"17075950900",1.89591036477401e-05,1.89591036477401,0.170685253301886
"24041960600",1.89624665950371e-05,1.89624665950371,0.170715529285492
"17195000200",1.89636847260444e-05,1.89636847260444,0.170726495890422
"39123050202",1.89674117846633e-05,1.89674117846633,0.17076004989995
"53041970800",1.89685898682944e-05,1.89685898682944,0.170770655965865
"39075976700",1.89747847060165e-05,1.89747847060165,0.17082642692769
"28141950200",1.89964477806668e-05,1.89964477806668,0.171021455524647
"28141950301",1.89964477806668e-05,1.89964477806668,0.171021455524647
"28141950302",1.89964477806668e-05,1.89964477806668,0.171021455524647
"28043950101",1.90022604709011e-05,1.90022604709011,0.171073786084332
"51035080100",1.90122016627092e-05,1.90122016627092,0.171163284769154
"51035080200",1.90122016627092e-05,1.90122016627092,0.171163284769154
"51035080502",1.90122016627092e-05,1.90122016627092,0.171163284769154
"01003011412",1.90131505961632e-05,1.90131505961632,0.171171827839015
"55057100700",1.90134880589664e-05,1.90134880589664,0.171174865953322
"36035971100",1.90353826815598e-05,1.90353826815598,0.171371979132971
"48489950300",1.90398437234052e-05,1.90398437234052,0.171412141055788
"41053005302",1.904089153727e-05,1.904089153727,0.171421574327437
"41053020500",1.904089153727e-05,1.904089153727,0.171421574327437
"42087960500",1.90411500003979e-05,1.90411500003979,0.171423901222488
"16033950100",1.90505232287835e-05,1.90505232287835,0.171508286639171
"49049010505",1.90596018519914e-05,1.90596018519914,0.171590019780709
"49049010506",1.90596018519914e-05,1.90596018519914,0.171590019780709
"17117956700",1.90637260294299e-05,1.90637260294299,0.171627148976468
"47099960200",1.90682581158516e-05,1.90682581158516,0.171667950500277
"47099960502",1.90682581158516e-05,1.90682581158516,0.171667950500277
"22047953000",1.90820289579585e-05,1.90820289579585,0.171791926808275
"36105950100",1.90823098224192e-05,1.90823098224192,0.171794455378323
"19141490200",1.90823431314253e-05,1.90823431314253,0.171794755253056
"19141490400",1.90823431314253e-05,1.90823431314253,0.171794755253056
"48339694002",1.9094030790395e-05,1.9094030790395,0.171899977054087
"06037900509",1.90963410665172e-05,1.90963410665172,0.171920776036593
"06037900608",1.90963410665172e-05,1.90963410665172,0.171920776036593
"06037900901",1.90963410665172e-05,1.90963410665172,0.171920776036593
"06037901003",1.90963410665172e-05,1.90963410665172,0.171920776036593
"49049010503",1.91007942766941e-05,1.91007942766941,0.171960867452368
"13191980000",1.91070795622837e-05,1.91070795622837,0.172017452699375
"48367140604",1.9108649640809e-05,1.9108649640809,0.172031587821782
"55111000103",1.91154936521122e-05,1.91154936521122,0.172093203171568
"18045958000",1.91203879841791e-05,1.91203879841791,0.172137265924961
"47047060800",1.91258385162531e-05,1.91258385162531,0.172186336042672
"19059450501",1.91410867402502e-05,1.91410867402502,0.172323612942662
"19059450502",1.91410867402502e-05,1.91410867402502,0.172323612942662
"19059451000",1.91410867402502e-05,1.91410867402502,0.172323612942662
"06037900501",1.91480271682703e-05,1.91480271682703,0.172386096314062
"06037900505",1.91480271682703e-05,1.91480271682703,0.172386096314062
"06037900506",1.91480271682703e-05,1.91480271682703,0.172386096314062
"06037900607",1.91480271682703e-05,1.91480271682703,0.172386096314062
"06037900804",1.91480271682703e-05,1.91480271682703,0.172386096314062
"06037901013",1.91480271682703e-05,1.91480271682703,0.172386096314062
"47159975400",1.91516261723668e-05,1.91516261723668,0.172418497472748
"40113940001",1.91617820866947e-05,1.91617820866947,0.172509929264133
"26157000500",1.91634099798318e-05,1.91634099798318,0.172524584880644
"18135952000",1.9166507807988e-05,1.9166507807988,0.172552474046364
"18155965900",1.9167502892198e-05,1.9167502892198,0.172561432602823
"48375010100",1.91726110374399e-05,1.91726110374399,0.172607420276118
"48375010200",1.91726110374399e-05,1.91726110374399,0.172607420276118
"48375010300",1.91726110374399e-05,1.91726110374399,0.172607420276118
"48375010400",1.91726110374399e-05,1.91726110374399,0.172607420276118
"48375010600",1.91726110374399e-05,1.91726110374399,0.172607420276118
"48375010700",1.91726110374399e-05,1.91726110374399,0.172607420276118
"48375011000",1.91726110374399e-05,1.91726110374399,0.172607420276118
"48375011500",1.91726110374399e-05,1.91726110374399,0.172607420276118
"48375011600",1.91726110374399e-05,1.91726110374399,0.172607420276118
"48375011700",1.91726110374399e-05,1.91726110374399,0.172607420276118
"48375011800",1.91726110374399e-05,1.91726110374399,0.172607420276118
"48375011900",1.91726110374399e-05,1.91726110374399,0.172607420276118
"48375012000",1.91726110374399e-05,1.91726110374399,0.172607420276118
"48375012200",1.91726110374399e-05,1.91726110374399,0.172607420276118
"48375012600",1.91726110374399e-05,1.91726110374399,0.172607420276118
"48375012800",1.91726110374399e-05,1.91726110374399,0.172607420276118
"48375013000",1.91726110374399e-05,1.91726110374399,0.172607420276118
"48375013200",1.91726110374399e-05,1.91726110374399,0.172607420276118
"48375013300",1.91726110374399e-05,1.91726110374399,0.172607420276118
"48375013400",1.91726110374399e-05,1.91726110374399,0.172607420276118
"48375013900",1.91726110374399e-05,1.91726110374399,0.172607420276118
"48375014300",1.91726110374399e-05,1.91726110374399,0.172607420276118
"48375014500",1.91726110374399e-05,1.91726110374399,0.172607420276118
"48375014701",1.91726110374399e-05,1.91726110374399,0.172607420276118
"48375014702",1.91726110374399e-05,1.91726110374399,0.172607420276118
"48375014800",1.91726110374399e-05,1.91726110374399,0.172607420276118
"48375014900",1.91726110374399e-05,1.91726110374399,0.172607420276118
"48375015000",1.91726110374399e-05,1.91726110374399,0.172607420276118
"48375015100",1.91726110374399e-05,1.91726110374399,0.172607420276118
"48375015200",1.91726110374399e-05,1.91726110374399,0.172607420276118
"48375015300",1.91726110374399e-05,1.91726110374399,0.172607420276118
"48375015400",1.91726110374399e-05,1.91726110374399,0.172607420276118
"48381020100",1.91726110374399e-05,1.91726110374399,0.172607420276118
"48381020200",1.91726110374399e-05,1.91726110374399,0.172607420276118
"48381020300",1.91726110374399e-05,1.91726110374399,0.172607420276118
"48381020400",1.91726110374399e-05,1.91726110374399,0.172607420276118
"48381020500",1.91726110374399e-05,1.91726110374399,0.172607420276118
"48381020600",1.91726110374399e-05,1.91726110374399,0.172607420276118
"48381020800",1.91726110374399e-05,1.91726110374399,0.172607420276118
"48381020900",1.91726110374399e-05,1.91726110374399,0.172607420276118
"48381021000",1.91726110374399e-05,1.91726110374399,0.172607420276118
"48381021101",1.91726110374399e-05,1.91726110374399,0.172607420276118
"48381021102",1.91726110374399e-05,1.91726110374399,0.172607420276118
"48381021200",1.91726110374399e-05,1.91726110374399,0.172607420276118
"48381021300",1.91726110374399e-05,1.91726110374399,0.172607420276118
"48381021500",1.91726110374399e-05,1.91726110374399,0.172607420276118
"48381021602",1.91726110374399e-05,1.91726110374399,0.172607420276118
"48381021603",1.91726110374399e-05,1.91726110374399,0.172607420276118
"48381021604",1.91726110374399e-05,1.91726110374399,0.172607420276118
"48381021605",1.91726110374399e-05,1.91726110374399,0.172607420276118
"48381021606",1.91726110374399e-05,1.91726110374399,0.172607420276118
"48381021609",1.91726110374399e-05,1.91726110374399,0.172607420276118
"48381021610",1.91726110374399e-05,1.91726110374399,0.172607420276118
"48381021611",1.91726110374399e-05,1.91726110374399,0.172607420276118
"48381022002",1.91726110374399e-05,1.91726110374399,0.172607420276118
"12015030504",1.91752400467324e-05,1.91752400467324,0.172631088753561
"17051950700",1.917537744269e-05,1.917537744269,0.172632325703591
"06029006102",1.91762206113076e-05,1.91762206113076,0.172639916592472
"55137960202",1.91823530785066e-05,1.91823530785066,0.172695126044178
"55137960600",1.91823530785066e-05,1.91823530785066,0.172695126044178
"22077952300",1.91846565134439e-05,1.91846565134439,0.17271586343678
"01051030200",1.9185567108172e-05,1.9185567108172,0.172724061350284
"06037900504",1.91997358467762e-05,1.91997358467762,0.1728516198458
"06037900808",1.91997358467762e-05,1.91997358467762,0.1728516198458
"22083970100",1.92064615256064e-05,1.92064615256064,0.172912169870531
"47013950300",1.92075669180948e-05,1.92075669180948,0.172922121511726
"37193961201",1.9214234257417e-05,1.9214234257417,0.172982146316812
"13173950100",1.92232504482357e-05,1.92232504482357,0.173063317391263
"36117021502",1.92292822636262e-05,1.92292822636262,0.17311762069362
"48061012203",1.92640714870969e-05,1.92640714870969,0.173430821545865
"53067012730",1.92720875380831e-05,1.92720875380831,0.173502988549035
"19127950802",1.92865351341148e-05,1.92865351341148,0.173633057545655
"51187020300",1.9296084821035e-05,1.9296084821035,0.173719031585421
"06037900806",1.92984885764029e-05,1.92984885764029,0.173740672144039
"06107003602",1.9299751868154e-05,1.9299751868154,0.173752045322674
"12131950501",1.93007021510612e-05,1.93007021510612,0.173760600541408
"30081000700",1.93011662106597e-05,1.93011662106597,0.173764778382914
"18053010200",1.93011865097187e-05,1.93011865097187,0.173764961131533
"06085512200",1.9301844188643e-05,1.9301844188643,0.173770882091505
"20027458200",1.93020162002911e-05,1.93020162002911,0.173772430680102
"20127963700",1.93020162002911e-05,1.93020162002911,0.173772430680102
"05143010109",1.93077634158362e-05,1.93077634158362,0.173824171783443
"39127966301",1.93213149976634e-05,1.93213149976634,0.173946174132278
"12101031302",1.93307563889251e-05,1.93307563889251,0.174031173206546
"36113073000",1.93371923235644e-05,1.93371923235644,0.174089114718685
"13055010300",1.93507738287886e-05,1.93507738287886,0.174211386462249
"04025001904",1.93640296777245e-05,1.93640296777245,0.174330726383344
"04025000207",1.93640296777245e-05,1.93640296777245,0.174330726383344
"12099008101",1.93660215138153e-05,1.93660215138153,0.174348658509989
"28139950100",1.93759051048887e-05,1.93759051048887,0.174437638626204
"04013050604",1.93793938708504e-05,1.93793938708504,0.174469047331644
"48325000500",1.94083736836087e-05,1.94083736836087,0.174729947149124
"22053000402",1.94117176814616e-05,1.94117176814616,0.174760052534441
"18049953500",1.94124286355055e-05,1.94124286355055,0.174766453120319
"06061022013",1.94185954304102e-05,1.94185954304102,0.174821971617919
"48019000103",1.94227503744325e-05,1.94227503744325,0.17485937779946
"18075962900",1.94238542439249e-05,1.94238542439249,0.174869315729408
"47025970600",1.94354503964237e-05,1.94354503964237,0.174973713714848
"47025970700",1.94354503964237e-05,1.94354503964237,0.174973713714848
"01033020500",1.94466881449147e-05,1.94466881449147,0.175074885056245
"01033020600",1.94466881449147e-05,1.94466881449147,0.175074885056245
"22019002208",1.94520898897868e-05,1.94520898897868,0.17512351595193
"18075962700",1.94529043498923e-05,1.94529043498923,0.175130848383462
"47077975302",1.9462459022965e-05,1.9462459022965,0.175216867312623
"47113001900",1.9462459022965e-05,1.9462459022965,0.175216867312623
"47031970501",1.94645834079268e-05,1.94645834079268,0.175235992751887
"40103956600",1.94671203459153e-05,1.94671203459153,0.175258832328653
"01047956101",1.94726009599836e-05,1.94726009599836,0.175308173268915
"01047956201",1.94726009599836e-05,1.94726009599836,0.175308173268915
"01047956202",1.94726009599836e-05,1.94726009599836,0.175308173268915
"01047956300",1.94726009599836e-05,1.94726009599836,0.175308173268915
"01047956400",1.94726009599836e-05,1.94726009599836,0.175308173268915
"01047956701",1.94726009599836e-05,1.94726009599836,0.175308173268915
"01047956702",1.94726009599836e-05,1.94726009599836,0.175308173268915
"01047956800",1.94726009599836e-05,1.94726009599836,0.175308173268915
"35013001812",1.94804429043916e-05,1.94804429043916,0.175378772823226
"35013001813",1.94804429043916e-05,1.94804429043916,0.175378772823226
"26011970200",1.94823911894629e-05,1.94823911894629,0.175396312868213
"26129950901",1.94823911894629e-05,1.94823911894629,0.175396312868213
"21095970700",1.94829946683624e-05,1.94829946683624,0.175401745875529
"21095970800",1.94829946683624e-05,1.94829946683624,0.175401745875529
"51105950400",1.94829946683624e-05,1.94829946683624,0.175401745875529
"53061053505",1.94836273928787e-05,1.94836273928787,0.175407442175646
"39037530100",1.94843160563699e-05,1.94843160563699,0.17541364208386
"06037910213",1.95003414939682e-05,1.95003414939682,0.175557916092092
"40065968100",1.95099676160902e-05,1.95099676160902,0.17564457826364
"40065968300",1.95099676160902e-05,1.95099676160902,0.17564457826364
"40141070200",1.95099676160902e-05,1.95099676160902,0.17564457826364
"06099003300",1.95161848411333e-05,1.95161848411333,0.175700550774315
"08101002804",1.95247728237829e-05,1.95247728237829,0.175777866770953
"08101002806",1.95247728237829e-05,1.95247728237829,0.175777866770953
"08101003200",1.95247728237829e-05,1.95247728237829,0.175777866770953
"08101003600",1.95247728237829e-05,1.95247728237829,0.175777866770953
"36035970700",1.95308341572981e-05,1.95308341572981,0.175832435819449
"36035970800",1.95308341572981e-05,1.95308341572981,0.175832435819449
"48221160217",1.95308684091735e-05,1.95308684091735,0.175832744182657
"45043920203",1.95332096967388e-05,1.95332096967388,0.175853822355369
"55055101600",1.95460865301669e-05,1.95460865301669,0.175969750070953
"39005970102",1.95496299523853e-05,1.95496299523853,0.176001650836418
"37161961102",1.95509221913742e-05,1.95509221913742,0.176013284621604
"13123080401",1.95561557999806e-05,1.95561557999806,0.176060401818031
"21047201501",1.9565400469263e-05,1.9565400469263,0.176143629841227
"21047201503",1.9565400469263e-05,1.9565400469263,0.176143629841227
"06037910301",1.95678374854117e-05,1.95678374854117,0.176165569840415
"37099950300",1.95744293218656e-05,1.95744293218656,0.176224914907342
"06011000200",1.95771230807747e-05,1.95771230807747,0.176249166313436
"48325000302",1.95840634484314e-05,1.95840634484314,0.176311649141396
"51185020302",1.95856386517068e-05,1.95856386517068,0.176325830400967
"51185020700",1.95856386517068e-05,1.95856386517068,0.176325830400967
"51185021102",1.95856386517068e-05,1.95856386517068,0.176325830400967
"51185020100",1.95856386517068e-05,1.95856386517068,0.176325830400967
"17173959600",1.95987058376853e-05,1.95987058376853,0.176443471824851
"01033020705",1.96025862211722e-05,1.96025862211722,0.176478406189401
"37149920202",1.96109384439393e-05,1.96109384439393,0.176553599684047
"24035810902",1.9618634839979e-05,1.9618634839979,0.176622888893704
"45073030402",1.96325135565472e-05,1.96325135565472,0.176747836375239
"48061012105",1.96339957434613e-05,1.96339957434613,0.17676118022596
"48061012106",1.96339957434613e-05,1.96339957434613,0.17676118022596
"05017080100",1.96411470983781e-05,1.96411470983781,0.176825562532639
"05017080300",1.96411470983781e-05,1.96411470983781,0.176825562532639
"05017080400",1.96411470983781e-05,1.96411470983781,0.176825562532639
"28151001500",1.96411470983781e-05,1.96411470983781,0.176825562532639
"28151002000",1.96411470983781e-05,1.96411470983781,0.176825562532639
"28151002100",1.96411470983781e-05,1.96411470983781,0.176825562532639
"53045960402",1.9650590022483e-05,1.9650590022483,0.176910575406808
"48257050602",1.96517225310629e-05,1.96517225310629,0.176920771169088
"34029738100",1.96533225321263e-05,1.96533225321263,0.176935175678492
"53015002003",1.96555273722805e-05,1.96555273722805,0.176955025440759
"01077010100",1.9658367978393e-05,1.9658367978393,0.176980598884676
"01077010200",1.9658367978393e-05,1.9658367978393,0.176980598884676
"01077010600",1.9658367978393e-05,1.9658367978393,0.176980598884676
"01077010700",1.9658367978393e-05,1.9658367978393,0.176980598884676
"01077010800",1.9658367978393e-05,1.9658367978393,0.176980598884676
"01077010901",1.9658367978393e-05,1.9658367978393,0.176980598884676
"01077010902",1.9658367978393e-05,1.9658367978393,0.176980598884676
"01077011000",1.9658367978393e-05,1.9658367978393,0.176980598884676
"01077011102",1.9658367978393e-05,1.9658367978393,0.176980598884676
"01077011504",1.9658367978393e-05,1.9658367978393,0.176980598884676
"36039080404",1.96624667929814e-05,1.96624667929814,0.177017499743454
"39059977100",1.96650313128148e-05,1.96650313128148,0.177040587634395
"39059977700",1.96650313128148e-05,1.96650313128148,0.177040587634395
"13133950200",1.96710963505307e-05,1.96710963505307,0.177095190031114
"01019956102",1.96727078261415e-05,1.96727078261415,0.177109697843716
"21087930400",1.96758913914674e-05,1.96758913914674,0.17713835888509
"06089012604",1.96801091483211e-05,1.96801091483211,0.177176330558768
"06105000101",1.96801091483211e-05,1.96801091483211,0.177176330558768
"06105000102",1.96801091483211e-05,1.96801091483211,0.177176330558768
"51083930202",1.97080756057916e-05,1.97080756057916,0.177428107328704
"51083930601",1.97080756057916e-05,1.97080756057916,0.177428107328704
"45055970401",1.97125862752538e-05,1.97125862752538,0.177468716039644
"38055961001",1.97153389244377e-05,1.97153389244377,0.177493497623834
"38049955600",1.97153389244377e-05,1.97153389244377,0.177493497623834
"38101011000",1.97153389244377e-05,1.97153389244377,0.177493497623834
"28085950602",1.97205025458849e-05,1.97205025458849,0.177539984738997
"26063951200",1.97257265087256e-05,1.97257265087256,0.177587015096406
"26063950200",1.97257265087256e-05,1.97257265087256,0.177587015096406
"49049010305",1.9730257496886e-05,1.9730257496886,0.177627806732774
"06017030507",1.97409116546263e-05,1.97409116546263,0.177723724116128
"22101041400",1.97510733934195e-05,1.97510733934195,0.177815208344081
"05063490800",1.97528750108859e-05,1.97528750108859,0.177831427968137
"06079010403",1.97552312398792e-05,1.97552312398792,0.177852640655722
"34011010500",1.97557446224626e-05,1.97557446224626,0.177857262542807
"39143962100",1.9770068823352e-05,1.9770068823352,0.17798622063611
"06011000500",1.97747731680793e-05,1.97747731680793,0.178028572969127
"20143085700",1.97827405569123e-05,1.97827405569123,0.178100301876062
"37029950102",1.97827890688205e-05,1.97827890688205,0.17810073861967
"37143920102",1.97827890688205e-05,1.97827890688205,0.17810073861967
"04019004648",1.97852553207759e-05,1.97852553207759,0.178122941823342
"06083002809",1.97925145200135e-05,1.97925145200135,0.178188295032209
"12107950700",1.98128877870005e-05,1.98128877870005,0.178371711732749
"19127950500",1.98152326528484e-05,1.98152326528484,0.178392822120068
"21207960400",1.98188187776595e-05,1.98188187776595,0.178425107328964
"33005970100",1.98287135902433e-05,1.98287135902433,0.178514188470331
"49049010407",1.98304315992713e-05,1.98304315992713,0.178529655383302
"49049010409",1.98304315992713e-05,1.98304315992713,0.178529655383302
"49049010410",1.98304315992713e-05,1.98304315992713,0.178529655383302
"49049010504",1.98304315992713e-05,1.98304315992713,0.178529655383302
"01029959800",1.98377009884713e-05,1.98377009884713,0.178595100330489
"13017960300",1.98510122455536e-05,1.98510122455536,0.178714939080732
"13017960400",1.98510122455536e-05,1.98510122455536,0.178714939080732
"31109010402",1.98521094760582e-05,1.98521094760582,0.178724817241118
"47035970104",1.98787876276107e-05,1.98787876276107,0.178964995634568
"47035970201",1.98787876276107e-05,1.98787876276107,0.178964995634568
"47035970402",1.98787876276107e-05,1.98787876276107,0.178964995634568
"47035970601",1.98787876276107e-05,1.98787876276107,0.178964995634568
"47133950600",1.98787876276107e-05,1.98787876276107,0.178964995634568
"20107955102",1.98884489351854e-05,1.98884489351854,0.179051974574145
"47059091100",1.98929443939517e-05,1.98929443939517,0.179092446346043
"22099020101",1.98941427365581e-05,1.98941427365581,0.179103234799713
"06037910211",1.98986521746784e-05,1.98986521746784,0.179143832425113
"32031940200",1.98988478251654e-05,1.98988478251654,0.179145593829742
"06065045619",1.99016880605711e-05,1.99016880605711,0.179171163936255
"36035970602",1.99158944189096e-05,1.99158944189096,0.179299061115181
"53013960200",1.99193841189629e-05,1.99193841189629,0.179330478230072
"28113950103",1.99221414657412e-05,1.99221414657412,0.179355302105823
"28113950200",1.99221414657412e-05,1.99221414657412,0.179355302105823
"28113950300",1.99221414657412e-05,1.99221414657412,0.179355302105823
"28113950400",1.99221414657412e-05,1.99221414657412,0.179355302105823
"06037910720",1.99245447972289e-05,1.99245447972289,0.179376938848328
"39115969100",1.99257434404604e-05,1.99257434404604,0.179387730008468
"39127965901",1.99265092959337e-05,1.99265092959337,0.179394624861615
"17037002100",1.99330866669999e-05,1.99330866669999,0.179453839699371
"17109010100",1.99409261424224e-05,1.99409261424224,0.179524417025869
"17109010200",1.99409261424224e-05,1.99409261424224,0.179524417025869
"17109011100",1.99409261424224e-05,1.99409261424224,0.179524417025869
"45021970403",1.9958924018554e-05,1.9958924018554,0.179686448528175
"05145070401",1.99701366463304e-05,1.99701366463304,0.179787393712491
"53077001701",1.99742524638206e-05,1.99742524638206,0.179824447645204
"48231960400",1.99825091181904e-05,1.99825091181904,0.179898780755498
"01123961900",1.99826281792818e-05,1.99826281792818,0.179899852640168
"01123962200",1.99826281792818e-05,1.99826281792818,0.179899852640168
"06007001703",1.99843567868509e-05,1.99843567868509,0.179915414969815
"06007002200",1.99843567868509e-05,1.99843567868509,0.179915414969815
"40097040700",1.99935385993445e-05,1.99935385993445,0.179998077105134
"54097967100",1.99946027018653e-05,1.99946027018653,0.180007657020496
"06037910302",2.00017605962798e-05,2.00017605962798,0.180072098201047
"17187870100",2.00214561519255e-05,2.00214561519255,0.180249413593524
"17187870400",2.00214561519255e-05,2.00214561519255,0.180249413593524
"17187870500",2.00214561519255e-05,2.00214561519255,0.180249413593524
"37175960404",2.00290375653588e-05,2.00290375653588,0.180317667636347
"12105014303",2.00319447302381e-05,2.00319447302381,0.180343840296354
"48497150605",2.0036516566643e-05,2.0036516566643,0.180384999681804
"45005970201",2.0040516155605e-05,2.0040516155605,0.180421007230883
"45009960300",2.0040516155605e-05,2.0040516155605,0.180421007230883
"45011970401",2.0040516155605e-05,2.0040516155605,0.180421007230883
"28133950600",2.00412618773696e-05,2.00412618773696,0.180427720824028
"05143011002",2.00417025303191e-05,2.00417025303191,0.180431687939863
"12005000302",2.00443836887701e-05,2.00443836887701,0.180455825906396
"12133970301",2.00443836887701e-05,2.00443836887701,0.180455825906396
"12133970302",2.00443836887701e-05,2.00443836887701,0.180455825906396
"06037910210",2.0045116038196e-05,2.0045116038196,0.180462419110884
"48051970300",2.00455462533663e-05,2.00455462533663,0.180466292257352
"48051970400",2.00455462533663e-05,2.00455462533663,0.180466292257352
"27127750200",2.00498639972441e-05,2.00498639972441,0.18050516409545
"27127750300",2.00498639972441e-05,2.00498639972441,0.18050516409545
"48251130304",2.00522701116801e-05,2.00522701116801,0.180526825892316
"01077011605",2.00556097931644e-05,2.00556097931644,0.180556892418175
"51187020602",2.00557718834367e-05,2.00557718834367,0.180558351686488
"04015950102",2.0056611925029e-05,2.0056611925029,0.180565914423346
"04015950103",2.0056611925029e-05,2.0056611925029,0.180565914423346
"01071950500",2.00573461553467e-05,2.00573461553467,0.180572524561151
"36025970601",2.00590159093272e-05,2.00590159093272,0.180587557042982
"13103030100",2.00620772273781e-05,2.00620772273781,0.180615117515073
"53021020802",2.00789903337031e-05,2.00789903337031,0.180767383038319
"19161080100",2.00865392515933e-05,2.00865392515933,0.180835344529863
"01115040302",2.01002389865962e-05,2.01002389865962,0.180958680673944
"42079215900",2.01012950571733e-05,2.01012950571733,0.180968188279225
"22113950201",2.01053570035714e-05,2.01053570035714,0.181004757220602
"13187960203",2.01141435781618e-05,2.01141435781618,0.181083861103226
"12071090100",2.01252740903322e-05,2.01252740903322,0.181184067016147
"39053954100",2.01284388058661e-05,2.01284388058661,0.18121255835638
"18017951900",2.01317508775427e-05,2.01317508775427,0.18124237631632
"48007950501",2.01366417957366e-05,2.01366417957366,0.181286408335255
"01019955900",2.01366792874533e-05,2.01366792874533,0.181286745866147
"06037910216",2.0141916556295e-05,2.0141916556295,0.181333896014986
"48013960205",2.01434739562171e-05,2.01434739562171,0.181347916994308
"16017950300",2.0161614234536e-05,2.0161614234536,0.181511230516791
"16017950403",2.0161614234536e-05,2.0161614234536,0.181511230516791
"16017950902",2.0161614234536e-05,2.0161614234536,0.181511230516791
"16017950203",2.0161614234536e-05,2.0161614234536,0.181511230516791
"29186960101",2.01653872253372e-05,2.01653872253372,0.181545198045139
"37193960102",2.01762993573692e-05,2.01762993573692,0.181643437922643
"47123925001",2.01814922548982e-05,2.01814922548982,0.181690188604879
"39137030200",2.01879008133398e-05,2.01879008133398,0.181747883654245
"23001042000",2.01913385861977e-05,2.01913385861977,0.181778833278339
"51061930203",2.02066607898081e-05,2.02066607898081,0.181916776202908
"33005970401",2.02177518941442e-05,2.02177518941442,0.18201662733449
"19023070200",2.02234116462614e-05,2.02234116462614,0.182067581020998
"08087000200",2.02262572005648e-05,2.02262572005648,0.182093199012549
"53041971501",2.02289992194057e-05,2.02289992194057,0.182117884893755
"13217100801",2.02310209137093e-05,2.02310209137093,0.182136085828289
"39071955102",2.02506301298271e-05,2.02506301298271,0.182312623922194
"37023021302",2.02518440556849e-05,2.02518440556849,0.182323552668952
"22001960300",2.02536319485812e-05,2.02536319485812,0.182339648733278
"17063000900",2.02544211741367e-05,2.02544211741367,0.182346753982891
"17061973900",2.02555349745075e-05,2.02555349745075,0.182356781318674
"17099961900",2.02583849366211e-05,2.02583849366211,0.182382438992913
"06037901014",2.02657204740367e-05,2.02657204740367,0.182448479460076
"48339694603",2.02885755847194e-05,2.02885755847194,0.1826542397338
"47019071302",2.02892638422308e-05,2.02892638422308,0.182660435987054
"48349970100",2.02893919134609e-05,2.02893919134609,0.182661588988312
"04021000212",2.0289394560613e-05,2.0289394560613,0.182661612820125
"04021000228",2.0289394560613e-05,2.0289394560613,0.182661612820125
"42047950900",2.02898309946443e-05,2.02898309946443,0.182665541953832
"06037910716",2.02985606427893e-05,2.02985606427893,0.182744133338348
"22057021300",2.0300700594685e-05,2.0300700594685,0.182763398923797
"13055010600",2.03033953654457e-05,2.03033953654457,0.182787659439401
"24015030100",2.03035749647455e-05,2.03035749647455,0.182789276338203
"48471790800",2.03045690290475e-05,2.03045690290475,0.182798225712622
"17103000200",2.03086161946705e-05,2.03086161946705,0.182834661585454
"06029004603",2.03102433120344e-05,2.03102433120344,0.182849310217825
"06037900805",2.03121823459481e-05,2.03121823459481,0.182866766976375
"06037900807",2.03121823459481e-05,2.03121823459481,0.182866766976375
"06037901008",2.03121823459481e-05,2.03121823459481,0.182866766976375
"06037901009",2.03121823459481e-05,2.03121823459481,0.182866766976375
"06037901010",2.03121823459481e-05,2.03121823459481,0.182866766976375
"06037901102",2.03121823459481e-05,2.03121823459481,0.182866766976375
"06007002401",2.03164434488036e-05,2.03164434488036,0.182905128885976
"12055961401",2.03239430028999e-05,2.03239430028999,0.182972645964544
"12055980200",2.03239430028999e-05,2.03239430028999,0.182972645964544
"18103952100",2.03259556043651e-05,2.03259556043651,0.18299076503796
"18103952500",2.03259556043651e-05,2.03259556043651,0.18299076503796
"17037001700",2.0336423428405e-05,2.0336423428405,0.183085004893966
"51061930703",2.03509689438559e-05,2.03509689438559,0.183215955440747
"01003011413",2.03518522759974e-05,2.03518522759974,0.183223907914298
"01067030600",2.03601186336894e-05,2.03601186336894,0.183298328381783
"12059960100",2.03601186336894e-05,2.03601186336894,0.183298328381783
"12063210200",2.03601186336894e-05,2.03601186336894,0.183298328381783
"12063210500",2.03601186336894e-05,2.03601186336894,0.183298328381783
"12063210600",2.03601186336894e-05,2.03601186336894,0.183298328381783
"12063210700",2.03601186336894e-05,2.03601186336894,0.183298328381783
"12063210800",2.03601186336894e-05,2.03601186336894,0.183298328381783
"13099090300",2.03601186336894e-05,2.03601186336894,0.183298328381783
"40071001100",2.03654517025899e-05,2.03654517025899,0.183346341000579
"06025011302",2.03688199460968e-05,2.03688199460968,0.183376664664969
"05127950200",2.03731702373518e-05,2.03731702373518,0.183415829520998
"05083950500",2.03731702373518e-05,2.03731702373518,0.183415829520998
"05083950600",2.03731702373518e-05,2.03731702373518,0.183415829520998
"42067070400",2.03827563110042e-05,2.03827563110042,0.183502131143687
"01047956500",2.03854236041716e-05,2.03854236041716,0.183526144283673
"49049010408",2.03879873029719e-05,2.03879873029719,0.183549224783008
"06029006003",2.03894928255977e-05,2.03894928255977,0.183562778720763
"12089050508",2.03897730685398e-05,2.03897730685398,0.183565301695395
"34011010402",2.03898202649824e-05,2.03898202649824,0.183565726596114
"26151971000",2.03955524024912e-05,2.03955524024912,0.183617331954723
"01009050302",2.0399192538539e-05,2.0399192538539,0.18365010341665
"47183968101",2.04271388164976e-05,2.04271388164976,0.183901698514226
"47183968203",2.04271388164976e-05,2.04271388164976,0.183901698514226
"50025968200",2.04278836827592e-05,2.04278836827592,0.183908404405438
"56025001603",2.04320594044737e-05,2.04320594044737,0.183945997644644
"56025001700",2.04320594044737e-05,2.04320594044737,0.183945997644644
"39069000700",2.04369927547848e-05,2.04369927547848,0.18399041167197
"48373210401",2.04459490971175e-05,2.04459490971175,0.184071043941729
"19181021100",2.04469001666253e-05,2.04469001666253,0.184079606242081
"47035970103",2.04482759545084e-05,2.04482759545084,0.184091992202287
"09190253400",2.04623307092963e-05,2.04623307092963,0.184218524522888
"47125101806",2.04633984857054e-05,2.04633984857054,0.184228137513578
"12017450308",2.04682133010461e-05,2.04682133010461,0.184271484392803
"49049010114",2.04800078716653e-05,2.04800078716653,0.184377668699357
"47145030302",2.0488939586654e-05,2.0488939586654,0.184458079253759
"12093910401",2.0499454849723e-05,2.0499454849723,0.184552746194444
"26035001000",2.05073055273933e-05,2.05073055273933,0.184623424372677
"49003960701",2.05104002676417e-05,2.05104002676417,0.184651285738542
"26147652100",2.05177897992178e-05,2.05177897992178,0.184717812305002
"48003950100",2.05210136539685e-05,2.05210136539685,0.184746836064508
"39149972300",2.05252170207137e-05,2.05252170207137,0.184784678186739
"06071010904",2.05346079237714e-05,2.05346079237714,0.184869222725179
"27059130400",2.05382568291301e-05,2.05382568291301,0.184902073135568
"20013480600",2.05399128328267e-05,2.05399128328267,0.184916981826172
"01015981903",2.05437762141247e-05,2.05437762141247,0.184951763123205
"36009960400",2.05457776372557e-05,2.05457776372557,0.184969781560175
"48331950800",2.05525147211408e-05,2.05525147211408,0.185030434262476
"12017451501",2.05544284147077e-05,2.05544284147077,0.185047662886639
"04013010104",2.05586945566198e-05,2.05586945566198,0.18508607016192
"18099020301",2.05607215379894e-05,2.05607215379894,0.185104318694917
"48339694204",2.05608398261473e-05,2.05608398261473,0.185105383621011
"17067953900",2.05616285683932e-05,2.05616285683932,0.185112484519479
"17067954000",2.05616285683932e-05,2.05616285683932,0.185112484519479
"19111490600",2.05616285683932e-05,2.05616285683932,0.185112484519479
"19111490700",2.05616285683932e-05,2.05616285683932,0.185112484519479
"51099040400",2.05633350041468e-05,2.05633350041468,0.185127847240431
"48467950300",2.05648881305182e-05,2.05648881305182,0.185141829745777
"13039010100",2.05819021540542e-05,2.05819021540542,0.185295003807741
"51081880200",2.05832311739916e-05,2.05832311739916,0.185306968724906
"48343950300",2.05889298354835e-05,2.05889298354835,0.185358272705215
"40067371700",2.05914402169823e-05,2.05914402169823,0.185380873198887
"39001770200",2.05926642830466e-05,2.05926642830466,0.185391893236022
"12105015802",2.06157786443265e-05,2.06157786443265,0.185599987494235
"18035002301",2.06287142447898e-05,2.06287142447898,0.185716444278412
"06037900701",2.06429970352148e-05,2.06429970352148,0.185845029561073
"06037900703",2.06429970352148e-05,2.06429970352148,0.185845029561073
"06037900704",2.06429970352148e-05,2.06429970352148,0.185845029561073
"06037900705",2.06429970352148e-05,2.06429970352148,0.185845029561073
"06037901007",2.06429970352148e-05,2.06429970352148,0.185845029561073
"48467950500",2.06500022510264e-05,2.06500022510264,0.185908096204806
"48167990000",2.06507161249818e-05,2.06507161249818,0.185914523078099
"19071970100",2.06537155258941e-05,2.06537155258941,0.185941526121807
"48293970100",2.06638256578136e-05,2.06638256578136,0.186032545742759
"20015020205",2.06640458223685e-05,2.06640458223685,0.186034527842942
"42103950303",2.06659090404832e-05,2.06659090404832,0.186051302046078
"37053110403",2.06684345522848e-05,2.06684345522848,0.186074038755028
"37055970101",2.06684345522848e-05,2.06684345522848,0.186074038755028
"37055970102",2.06684345522848e-05,2.06684345522848,0.186074038755028
"37055970501",2.06684345522848e-05,2.06684345522848,0.186074038755028
"37055970601",2.06684345522848e-05,2.06684345522848,0.186074038755028
"37055970602",2.06684345522848e-05,2.06684345522848,0.186074038755028
"26087338000",2.06752449017545e-05,2.06752449017545,0.186135351053642
"42111021903",2.0676595276757e-05,2.0676595276757,0.186147508226451
"37169070301",2.06819161535465e-05,2.06819161535465,0.186195411081959
"54029020900",2.06834310456831e-05,2.06834310456831,0.186209049371663
"26059050700",2.06878511273312e-05,2.06878511273312,0.186248842537507
"26059050800",2.06878511273312e-05,2.06878511273312,0.186248842537507
"36091060507",2.06911387190998e-05,2.06911387190998,0.186278440109428
"37053110401",2.06942969948366e-05,2.06942969948366,0.186306873473376
"48405950200",2.07019440920717e-05,2.07019440920717,0.186375718855143
"06031001200",2.07027533626909e-05,2.07027533626909,0.186383004566704
"31109010401",2.07033705459311e-05,2.07033705459311,0.186388560951628
"06029006101",2.07090751044955e-05,2.07090751044955,0.186439918022175
"12105014006",2.07161975428277e-05,2.07161975428277,0.186504039998269
"36035970900",2.071624174082e-05,2.071624174082,0.186504437904502
"36035971000",2.071624174082e-05,2.071624174082,0.186504437904502
"22019002204",2.07259698844537e-05,2.07259698844537,0.186592018556579
"37069060200",2.07262799429157e-05,2.07262799429157,0.186594809954744
"54083966000",2.07287032037954e-05,2.07287032037954,0.186616626117826
"54083966100",2.07287032037954e-05,2.07287032037954,0.186616626117826
"54083966200",2.07287032037954e-05,2.07287032037954,0.186616626117826
"55095960302",2.07337803154486e-05,2.07337803154486,0.186662334401544
"55095960600",2.07337803154486e-05,2.07337803154486,0.186662334401544
"55095960701",2.07337803154486e-05,2.07337803154486,0.186662334401544
"12033003900",2.07416431598852e-05,2.07416431598852,0.186733122114891
"12033004000",2.07416431598852e-05,2.07416431598852,0.186733122114891
"37031970101",2.07450655712275e-05,2.07450655712275,0.186763933442141
"06037901011",2.07461054568162e-05,2.07461054568162,0.186773295337008
"53045960302",2.07473190555497e-05,2.07473190555497,0.186784221138727
"16051960100",2.07495877478401e-05,2.07495877478401,0.186804645749798
"12099007917",2.07540900701782e-05,2.07540900701782,0.186845179313146
"05143010514",2.07613645054783e-05,2.07613645054783,0.186910669689426
"05143011106",2.07613645054783e-05,2.07613645054783,0.186910669689426
"56019955100",2.07841439326309e-05,2.07841439326309,0.187115748598527
"01029959500",2.07903225251285e-05,2.07903225251285,0.187171373307643
"36105950201",2.07938681190677e-05,2.07938681190677,0.187203293624703
"21139040100",2.07969156319829e-05,2.07969156319829,0.187230729811748
"17151971200",2.07969156319829e-05,2.07969156319829,0.187230729811748
"36003950402",2.07984333547171e-05,2.07984333547171,0.18724439358479
"36003951301",2.07984333547171e-05,2.07984333547171,0.18724439358479
"36003951302",2.07984333547171e-05,2.07984333547171,0.18724439358479
"22111960400",2.08003254009676e-05,2.08003254009676,0.187261427322224
"53015002004",2.08062917805784e-05,2.08062917805784,0.187315141518533
"01031010500",2.08063201662663e-05,2.08063201662663,0.187315397069555
"36025971000",2.0815801527426e-05,2.0815801527426,0.187400755985317
"49049003404",2.08165923064294e-05,2.08165923064294,0.18740787522033
"49049003405",2.08165923064294e-05,2.08165923064294,0.18740787522033
"55075961300",2.08229366518951e-05,2.08229366518951,0.187464992172322
"55075961400",2.08229366518951e-05,2.08229366518951,0.187464992172322
"48339694501",2.08246898435155e-05,2.08246898435155,0.187480775827571
"48231961402",2.08295504830213e-05,2.08295504830213,0.187524535253157
"12085001805",2.08344958038523e-05,2.08344958038523,0.187569057048828
"48347950100",2.08350333107806e-05,2.08350333107806,0.187573896122864
"48367140713",2.08394800408376e-05,2.08394800408376,0.187613929199334
"45021970503",2.08410076212768e-05,2.08410076212768,0.187627681719446
"48479001710",2.0845143076373e-05,2.0845143076373,0.187664912445841
"39073965100",2.08452702660939e-05,2.08452702660939,0.187666057511037
"39127966302",2.08452702660939e-05,2.08452702660939,0.187666057511037
"48223950500",2.08523096932908e-05,2.08523096932908,0.187729432153453
"47061955300",2.08628364890348e-05,2.08628364890348,0.187824202920647
"21121930700",2.08687809535525e-05,2.08687809535525,0.187877719819484
"48449950600",2.086983316451e-05,2.086983316451,0.187887192677333
"48379950102",2.08916830881156e-05,2.08916830881156,0.188083903440381
"16043970301",2.08932421447176e-05,2.08932421447176,0.188097939334481
"41007951100",2.09005225216e-05,2.09005225216,0.188163483201712
"53049950600",2.09005225216e-05,2.09005225216,0.188163483201712
"53049950702",2.09005225216e-05,2.09005225216,0.188163483201712
"39141955802",2.09207741637452e-05,2.09207741637452,0.188345804936619
"06077004800",2.09226728093785e-05,2.09226728093785,0.188362898087058
"41047010801",2.09381555372113e-05,2.09381555372113,0.188502286181087
"17025972100",2.09529692003113e-05,2.09529692003113,0.188635650810846
"17121951600",2.09529692003113e-05,2.09529692003113,0.188635650810846
"01093964200",2.09545233379932e-05,2.09545233379932,0.188649642420831
"01093964402",2.09545233379932e-05,2.09545233379932,0.188649642420831
"28057950201",2.09545233379932e-05,2.09545233379932,0.188649642420831
"45043920301",2.09563667383277e-05,2.09563667383277,0.18866623820821
"36101961000",2.09586315366003e-05,2.09586315366003,0.188686627762169
"48041002011",2.09613612706836e-05,2.09613612706836,0.188711203046006
"48041002020",2.09613612706836e-05,2.09613612706836,0.188711203046006
"27143170198",2.09713425803305e-05,2.09713425803305,0.188801062904205
"40041375601",2.09725540733333e-05,2.09725540733333,0.188811969748426
"01095031002",2.09751684854193e-05,2.09751684854193,0.188835506809958
"48221160211",2.09758979107693e-05,2.09758979107693,0.188842073689539
"48221160303",2.09758979107693e-05,2.09758979107693,0.188842073689539
"28003950100",2.09875354692463e-05,2.09875354692463,0.188946844445234
"28003950201",2.09875354692463e-05,2.09875354692463,0.188946844445234
"28003950202",2.09875354692463e-05,2.09875354692463,0.188946844445234
"36101961400",2.09935466912963e-05,2.09935466912963,0.18900096234961
"18181958700",2.10016107643402e-05,2.10016107643402,0.189073561686356
"49049003403",2.10174505231638e-05,2.10174505231638,0.189216164063414
"28069030200",2.10186874120059e-05,2.10186874120059,0.189227299541612
"28099010200",2.10186874120059e-05,2.10186874120059,0.189227299541612
"06065043272",2.10195389673965e-05,2.10195389673965,0.189234965935037
"06107002100",2.1021974068647e-05,2.1021974068647,0.189256888694756
"47079969001",2.10240926451293e-05,2.10240926451293,0.189275961841368
"47079969601",2.10240926451293e-05,2.10240926451293,0.189275961841368
"37193960300",2.10298183770717e-05,2.10298183770717,0.189327509531865
"17011965600",2.10308368326297e-05,2.10308368326297,0.189336678496185
"37053110102",2.10386204395261e-05,2.10386204395261,0.189406752848824
"18103952700",2.10455274139426e-05,2.10455274139426,0.189468935043707
"51061930704",2.10552616233031e-05,2.10552616233031,0.189556570304385
"31065963900",2.1055422994912e-05,2.1055422994912,0.189558023102705
"31085961500",2.1055422994912e-05,2.1055422994912,0.189558023102705
"48339693001",2.1068787290002e-05,2.1068787290002,0.189678339344181
"55083100800",2.10695974062026e-05,2.10695974062026,0.189685632668352
"47079969800",2.10736777461387e-05,2.10736777461387,0.189722367203301
"26087333500",2.10742476925176e-05,2.10742476925176,0.189727498323625
"26087334500",2.10742476925176e-05,2.10742476925176,0.189727498323625
"48055960702",2.1081679013412e-05,2.1081679013412,0.189794401111478
"01121011000",2.10844575680408e-05,2.10844575680408,0.189819415917528
"48157675800",2.10905297160966e-05,2.10905297160966,0.189874082327304
"48041000205",2.1092028051759e-05,2.1092028051759,0.189887571562176
"17057953900",2.10946544794604e-05,2.10946544794604,0.189911216798039
"51595890100",2.1096753064318e-05,2.1096753064318,0.189930109963805
"51595890200",2.1096753064318e-05,2.1096753064318,0.189930109963805
"37051002600",2.10972646508862e-05,2.10972646508862,0.189934715681702
"37125950202",2.1104090933409e-05,2.1104090933409,0.189996171422604
"39141955801",2.11086898516659e-05,2.11086898516659,0.190037574620887
"05045030201",2.11125502586588e-05,2.11125502586588,0.190072329140809
"27049080202",2.11131381678057e-05,2.11131381678057,0.190077621976563
"22097960602",2.11187004988826e-05,2.11187004988826,0.190127698599723
"55127000301",2.11194081550824e-05,2.11194081550824,0.190134069495729
"20207096600",2.11370662577205e-05,2.11370662577205,0.190293042081017
"20207096700",2.11370662577205e-05,2.11370662577205,0.190293042081017
"20133951700",2.11370662577205e-05,2.11370662577205,0.190293042081017
"20133951800",2.11370662577205e-05,2.11370662577205,0.190293042081017
"20133951900",2.11370662577205e-05,2.11370662577205,0.190293042081017
"31151960601",2.11379076304253e-05,2.11379076304253,0.190300616801631
"31151960602",2.11379076304253e-05,2.11379076304253,0.190300616801631
"48431950100",2.11438511180542e-05,2.11438511180542,0.190354124905721
"13185011600",2.11511274674379e-05,2.11511274674379,0.190419632514137
"13185010700",2.11511274674379e-05,2.11511274674379,0.190419632514137
"13185011404",2.11511274674379e-05,2.11511274674379,0.190419632514137
"18049953400",2.11547968289999e-05,2.11547968289999,0.190452667087886
"33005970600",2.11561717613655e-05,2.11561717613655,0.190465045346028
"01065040401",2.11563748182886e-05,2.11563748182886,0.190466873429412
"48061012607",2.11596554355678e-05,2.11596554355678,0.190496408211314
"48061012608",2.11596554355678e-05,2.11596554355678,0.190496408211314
"48061012800",2.11596554355678e-05,2.11596554355678,0.190496408211314
"48061013102",2.11596554355678e-05,2.11596554355678,0.190496408211314
"48061013203",2.11596554355678e-05,2.11596554355678,0.190496408211314
"48061013204",2.11596554355678e-05,2.11596554355678,0.190496408211314
"48061013205",2.11596554355678e-05,2.11596554355678,0.190496408211314
"48061013206",2.11596554355678e-05,2.11596554355678,0.190496408211314
"48061013207",2.11596554355678e-05,2.11596554355678,0.190496408211314
"48061013303",2.11596554355678e-05,2.11596554355678,0.190496408211314
"48061013305",2.11596554355678e-05,2.11596554355678,0.190496408211314
"48061013306",2.11596554355678e-05,2.11596554355678,0.190496408211314
"48061013307",2.11596554355678e-05,2.11596554355678,0.190496408211314
"48061013308",2.11596554355678e-05,2.11596554355678,0.190496408211314
"48061013309",2.11596554355678e-05,2.11596554355678,0.190496408211314
"48061013500",2.11596554355678e-05,2.11596554355678,0.190496408211314
"48061013600",2.11596554355678e-05,2.11596554355678,0.190496408211314
"48061013700",2.11596554355678e-05,2.11596554355678,0.190496408211314
"48061013901",2.11596554355678e-05,2.11596554355678,0.190496408211314
"48061013903",2.11596554355678e-05,2.11596554355678,0.190496408211314
"48061014002",2.11596554355678e-05,2.11596554355678,0.190496408211314
"48061014101",2.11596554355678e-05,2.11596554355678,0.190496408211314
"48061014102",2.11596554355678e-05,2.11596554355678,0.190496408211314
"48061014103",2.11596554355678e-05,2.11596554355678,0.190496408211314
"48061014300",2.11596554355678e-05,2.11596554355678,0.190496408211314
"39037510100",2.11619480430371e-05,2.11619480430371,0.190517048126253
"37161960203",2.11725011086481e-05,2.11725011086481,0.190612055396132
"26141950400",2.11734822038132e-05,2.11734822038132,0.190620888011845
"28153950200",2.11737255389998e-05,2.11737255389998,0.190623078712879
"48493000402",2.11754345476595e-05,2.11754345476595,0.190638464597222
"34033022201",2.11840264027387e-05,2.11840264027387,0.190715815456618
"41071030602",2.11889258917638e-05,2.11889258917638,0.190759924637138
"18095010400",2.12105766107356e-05,2.12105766107356,0.190954841998239
"27137012800",2.12122472642936e-05,2.12122472642936,0.190969882578798
"27137013000",2.12122472642936e-05,2.12122472642936,0.190969882578798
"27137013100",2.12122472642936e-05,2.12122472642936,0.190969882578798
"27137013200",2.12122472642936e-05,2.12122472642936,0.190969882578798
"27137013300",2.12122472642936e-05,2.12122472642936,0.190969882578798
"27137013500",2.12122472642936e-05,2.12122472642936,0.190969882578798
"39129021600",2.12252349738082e-05,2.12252349738082,0.191086808490987
"45057011002",2.12279938705973e-05,2.12279938705973,0.191111646321194
"06083980200",2.1237504501663e-05,2.1237504501663,0.191197268748429
"06083980500",2.1237504501663e-05,2.1237504501663,0.191197268748429
"20015020101",2.12482669394857e-05,2.12482669394857,0.19129416095705
"36071014801",2.12518789693519e-05,2.12518789693519,0.191326679384298
"21225950300",2.12575651106197e-05,2.12575651106197,0.191377870647379
"35025000702",2.12700298525088e-05,2.12700298525088,0.191490088380148
"41009970201",2.12730121330745e-05,2.12730121330745,0.191516937292587
"41009970202",2.12730121330745e-05,2.12730121330745,0.191516937292587
"26127010900",2.12742424750022e-05,2.12742424750022,0.191528013830143
"06071010413",2.12786891762057e-05,2.12786891762057,0.191568046646851
"05063490102",2.12810634096311e-05,2.12810634096311,0.19158942142496
"20149000400",2.12823278484498e-05,2.12823278484498,0.191600804930429
"06037910214",2.12857581728489e-05,2.12857581728489,0.191631687497445
"06037910218",2.12857581728489e-05,2.12857581728489,0.191631687497445
"06037910601",2.12857581728489e-05,2.12857581728489,0.191631687497445
"06037910602",2.12857581728489e-05,2.12857581728489,0.191631687497445
"06037910605",2.12857581728489e-05,2.12857581728489,0.191631687497445
"06037910721",2.12857581728489e-05,2.12857581728489,0.191631687497445
"47055920500",2.12882630209922e-05,2.12882630209922,0.191654238175355
"29099701401",2.13137520117672e-05,2.13137520117672,0.191883710777418
"27091790600",2.13240928267096e-05,2.13240928267096,0.191976807194347
"21109960101",2.13263422892109e-05,2.13263422892109,0.191997058683234
"05069001901",2.1327832180545e-05,2.1327832180545,0.192010471895403
"48353950500",2.13286235615895e-05,2.13286235615895,0.192017596550479
"39067975900",2.13323092045085e-05,2.13323092045085,0.19205077770223
"48251131000",2.13335111491342e-05,2.13335111491342,0.192061598584204
"39045031100",2.13342659741035e-05,2.13342659741035,0.192068394131793
"36013036402",2.13367742707945e-05,2.13367742707945,0.192090975856331
"36013036901",2.13367742707945e-05,2.13367742707945,0.192090975856331
"36013036902",2.13367742707945e-05,2.13367742707945,0.192090975856331
"53077940007",2.13399685524441e-05,2.13399685524441,0.192119733374756
"53077940008",2.13399685524441e-05,2.13399685524441,0.192119733374756
"37021002603",2.13406304783334e-05,2.13406304783334,0.192125692569356
"37115010400",2.13406304783334e-05,2.13406304783334,0.192125692569356
"29015460701",2.134919273622e-05,2.134919273622,0.19220277697078
"36043011001",2.13572390632628e-05,2.13572390632628,0.192275216543608
"18075963100",2.1359786242924e-05,2.1359786242924,0.192298148324232
"51137110107",2.13616059676777e-05,2.13616059676777,0.192314530964799
"51137110108",2.13616059676777e-05,2.13616059676777,0.192314530964799
"45083022304",2.13679936025414e-05,2.13679936025414,0.192372037643119
"21047200800",2.13698566751025e-05,2.13698566751025,0.192388810535863
"21047200901",2.13698566751025e-05,2.13698566751025,0.192388810535863
"21047201200",2.13698566751025e-05,2.13698566751025,0.192388810535863
"06071010427",2.13760366243768e-05,2.13760366243768,0.192444447459785
"06071010903",2.13767482271587e-05,2.13767482271587,0.19245085388613
"28083950300",2.13808604366282e-05,2.13808604366282,0.192487875336509
"48121020117",2.13812734726123e-05,2.13812734726123,0.192491593821986
"47033961000",2.13984199808763e-05,2.13984199808763,0.192645960619101
"47033961100",2.13984199808763e-05,2.13984199808763,0.192645960619101
"47053966600",2.13984199808763e-05,2.13984199808763,0.192645960619101
"47053967100",2.13984199808763e-05,2.13984199808763,0.192645960619101
"47053980100",2.13984199808763e-05,2.13984199808763,0.192645960619101
"47113001502",2.13984199808763e-05,2.13984199808763,0.192645960619101
"47113001609",2.13984199808763e-05,2.13984199808763,0.192645960619101
"47113001700",2.13984199808763e-05,2.13984199808763,0.192645960619101
"06037910505",2.14038365761051e-05,2.14038365761051,0.192694725209761
"06037910715",2.14038365761051e-05,2.14038365761051,0.192694725209761
"26165380400",2.14050179817746e-05,2.14050179817746,0.192705361183365
"26165380800",2.14050179817746e-05,2.14050179817746,0.192705361183365
"06047000204",2.14062174270708e-05,2.14062174270708,0.192716159564344
"06099003603",2.14062174270708e-05,2.14062174270708,0.192716159564344
"18035002604",2.14083756373345e-05,2.14083756373345,0.192735589526455
"42103950202",2.14109659310529e-05,2.14109659310529,0.192758909454848
"22019003400",2.14135453734248e-05,2.14135453734248,0.192782131690603
"19113010100",2.14216111366201e-05,2.14216111366201,0.192854746243466
"48473680501",2.14222536711264e-05,2.14222536711264,0.192860530861083
"29113810309",2.14228005415056e-05,2.14228005415056,0.192865454232511
"53035092000",2.14395296107831e-05,2.14395296107831,0.193016062904745
"06037910215",2.14433338100545e-05,2.14433338100545,0.193050311397096
"06037910217",2.14433338100545e-05,2.14433338100545,0.193050311397096
"06037910401",2.14433338100545e-05,2.14433338100545,0.193050311397096
"06037910502",2.14433338100545e-05,2.14433338100545,0.193050311397096
"06037910504",2.14433338100545e-05,2.14433338100545,0.193050311397096
"06037910707",2.14433338100545e-05,2.14433338100545,0.193050311397096
"01077011602",2.14435651675238e-05,2.14435651675238,0.193052394264988
"53041971300",2.14514779580087e-05,2.14514779580087,0.193123631633238
"19127950900",2.14516267235222e-05,2.14516267235222,0.193124970941246
"17093890703",2.14656441437325e-05,2.14656441437325,0.19325116714565
"40003956000",2.14748143123186e-05,2.14748143123186,0.193333724453053
"40011958600",2.14748143123186e-05,2.14748143123186,0.193333724453053
"40093955300",2.14748143123186e-05,2.14748143123186,0.193333724453053
"06037910712",2.14754122896256e-05,2.14754122896256,0.193339107930564
"51177020316",2.14780251100554e-05,2.14780251100554,0.193362630662713
"26127010600",2.14816244377214e-05,2.14816244377214,0.193395034734435
"36039080403",2.1490807246072e-05,2.1490807246072,0.193477705835267
"47069950100",2.14956229551794e-05,2.14956229551794,0.193521060760906
"48015760100",2.14957563279346e-05,2.14957563279346,0.193522261490799
"13069010600",2.14958012111058e-05,2.14958012111058,0.193522665565569
"13069010702",2.14958012111058e-05,2.14958012111058,0.193522665565569
"39001770500",2.14979290400294e-05,2.14979290400294,0.193541822010175
"55127001606",2.14997149479435e-05,2.14997149479435,0.193557900204079
"35031943905",2.15004736375549e-05,2.15004736375549,0.193564730544316
"35031946001",2.15004736375549e-05,2.15004736375549,0.193564730544316
"22099020102",2.15046037375023e-05,2.15046037375023,0.193601913059312
"37009970502",2.15062254265435e-05,2.15062254265435,0.193616512821511
"37009970802",2.15062254265435e-05,2.15062254265435,0.193616512821511
"26147633200",2.15188957776921e-05,2.15188957776921,0.19373058161587
"04021000217",2.15201557302595e-05,2.15201557302595,0.19374192473246
"01023956800",2.1522612360502e-05,2.1522612360502,0.193764041313655
"28023950300",2.1522612360502e-05,2.1522612360502,0.193764041313655
"28101050400",2.1522612360502e-05,2.1522612360502,0.193764041313655
"28023950100",2.1522612360502e-05,2.1522612360502,0.193764041313655
"48035950400",2.15236847178761e-05,2.15236847178761,0.193773695545913
"48035950500",2.15236847178761e-05,2.15236847178761,0.193773695545913
"48035950700",2.15236847178761e-05,2.15236847178761,0.193773695545913
"48309003601",2.15236847178761e-05,2.15236847178761,0.193773695545913
"48309004202",2.15236847178761e-05,2.15236847178761,0.193773695545913
"35041000100",2.15259507294906e-05,2.15259507294906,0.193794096023362
"35041000200",2.15259507294906e-05,2.15259507294906,0.193794096023362
"35041000300",2.15259507294906e-05,2.15259507294906,0.193794096023362
"42127961300",2.1529980070056e-05,2.1529980070056,0.193830371420544
"05007021407",2.15432457525522e-05,2.15432457525522,0.193949799871338
"47121960200",2.15584057302211e-05,2.15584057302211,0.19408628230619
"01049960701",2.15605462080983e-05,2.15605462080983,0.194105552626953
"01049960702",2.15605462080983e-05,2.15605462080983,0.194105552626953
"50015953300",2.15809972337033e-05,2.15809972337033,0.194289669373742
"29159480200",2.15841308071368e-05,2.15841308071368,0.194317880347488
"08059012031",2.15846978346768e-05,2.15846978346768,0.194322985190053
"48013960204",2.15884832104446e-05,2.15884832104446,0.194357064217931
"48325000801",2.15884832104446e-05,2.15884832104446,0.194357064217931
"27085950600",2.15912366704732e-05,2.15912366704732,0.194381853102004
"47003950700",2.15928331684349e-05,2.15928331684349,0.19439622607364
"48251130210",2.15941654245836e-05,2.15941654245836,0.194408220125808
"47119010900",2.15949535474513e-05,2.15949535474513,0.19441531544813
"36035970601",2.15967534781698e-05,2.15967534781698,0.194431519886711
"37131920101",2.16050306996673e-05,2.16050306996673,0.194506038158998
"37131920102",2.16050306996673e-05,2.16050306996673,0.194506038158998
"37051980200",2.16090168817624e-05,2.16090168817624,0.194541925008569
"26073000200",2.1616801293891e-05,2.1616801293891,0.194612006610561
"17099962000",2.1619058634799e-05,2.1619058634799,0.194632329027266
"48221160100",2.16194831266988e-05,2.16194831266988,0.194636150648202
"36065024303",2.16271650544183e-05,2.16271650544183,0.194705309602286
"39083006900",2.16292071356276e-05,2.16292071356276,0.194723694076307
"48019000302",2.16366871630955e-05,2.16366871630955,0.194791035360304
"48475950300",2.16425501182393e-05,2.16425501182393,0.194843818445539
"47185935000",2.16488621732524e-05,2.16488621732524,0.194900644692643
"47185935200",2.16488621732524e-05,2.16488621732524,0.194900644692643
"26147631100",2.16524084123024e-05,2.16524084123024,0.194932570817515
"06019008301",2.16578332849244e-05,2.16578332849244,0.194981409927993
"18035002000",2.16745827500496e-05,2.16745827500496,0.195132202220218
"53045960600",2.16763208827692e-05,2.16763208827692,0.195147850303009
"28113950502",2.16870278645509e-05,2.16870278645509,0.195244243251297
"28113950601",2.16870278645509e-05,2.16870278645509,0.195244243251297
"12105011606",2.16924329566102e-05,2.16924329566102,0.19529290428108
"47121960100",2.16941242470662e-05,2.16941242470662,0.195308130651759
"42115032700",2.16980542406366e-05,2.16980542406366,0.195343511646584
"22011960200",2.16986890391663e-05,2.16986890391663,0.195349226618655
"22011960300",2.16986890391663e-05,2.16986890391663,0.195349226618655
"22011960400",2.16986890391663e-05,2.16986890391663,0.195349226618655
"22011960500",2.16986890391663e-05,2.16986890391663,0.195349226618655
"22085000600",2.16986890391663e-05,2.16986890391663,0.195349226618655
"22115950200",2.16986890391663e-05,2.16986890391663,0.195349226618655
"22115950301",2.16986890391663e-05,2.16986890391663,0.195349226618655
"22115950302",2.16986890391663e-05,2.16986890391663,0.195349226618655
"22115950701",2.16986890391663e-05,2.16986890391663,0.195349226618655
"22115950703",2.16986890391663e-05,2.16986890391663,0.195349226618655
"22115950901",2.16986890391663e-05,2.16986890391663,0.195349226618655
"22115950902",2.16986890391663e-05,2.16986890391663,0.195349226618655
"45021970700",2.17086618383802e-05,2.17086618383802,0.195439009859022
"23025966500",2.17094508141284e-05,2.17094508141284,0.195446112859667
"51099040301",2.17145311472785e-05,2.17145311472785,0.195491850145917
"06037910212",2.17279758698613e-05,2.17279758698613,0.195612890461021
"19147960200",2.17496732885812e-05,2.17496732885812,0.195808228251194
"19147960400",2.17496732885812e-05,2.17496732885812,0.195808228251194
"13025960101",2.17511152476702e-05,2.17511152476702,0.195821209938352
"13025960201",2.17511152476702e-05,2.17511152476702,0.195821209938352
"13025960202",2.17511152476702e-05,2.17511152476702,0.195821209938352
"13305970201",2.17511152476702e-05,2.17511152476702,0.195821209938352
"13305970300",2.17511152476702e-05,2.17511152476702,0.195821209938352
"19023070400",2.17518996967948e-05,2.17518996967948,0.195828272186654
"06071011003",2.17527261373808e-05,2.17527261373808,0.195835712476204
"56009956600",2.17635344921141e-05,2.17635344921141,0.195933018066158
"37161960101",2.17649099661423e-05,2.17649099661423,0.195945401200787
"28045030604",2.17729191510122e-05,2.17729191510122,0.1960175063896
"05007020701",2.17770168044179e-05,2.17770168044179,0.196054396794468
"48097000500",2.177785808506e-05,2.177785808506,0.19606197068626
"12005000600",2.17902959069433e-05,2.17902959069433,0.196173946063267
"12045960101",2.17902959069433e-05,2.17902959069433,0.196173946063267
"42117950200",2.17915650101683e-05,2.17915650101683,0.196185371561511
"39147962500",2.17984582924835e-05,2.17984582924835,0.196247430488974
"24013511000",2.18010578439268e-05,2.18010578439268,0.196270833762927
"48487950500",2.18128334412935e-05,2.18128334412935,0.196376847256849
"48487950600",2.18128334412935e-05,2.18128334412935,0.196376847256849
"48487950700",2.18128334412935e-05,2.18128334412935,0.196376847256849
"20013480700",2.182255851503e-05,2.182255851503,0.196464400271218
"36025970300",2.18250316027528e-05,2.18250316027528,0.19648666501602
"13235950202",2.18491501196833e-05,2.18491501196833,0.196703799499171
"50005957800",2.18496208415762e-05,2.18496208415762,0.196708037320062
"18095010600",2.18568711954294e-05,2.18568711954294,0.196773310895594
"13087970200",2.18585608345129e-05,2.18585608345129,0.196788522399277
"37189920200",2.18720504751752e-05,2.18720504751752,0.196909967103424
"37189920900",2.18720504751752e-05,2.18720504751752,0.196909967103424
"20173009604",2.18723172482232e-05,2.18723172482232,0.196912368811127
"20191962100",2.18723172482232e-05,2.18723172482232,0.196912368811127
"20191962400",2.18723172482232e-05,2.18723172482232,0.196912368811127
"20191962500",2.18723172482232e-05,2.18723172482232,0.196912368811127
"51061930706",2.18770988646088e-05,2.18770988646088,0.196955416806387
"47125102008",2.18948860988406e-05,2.18948860988406,0.197115551939187
"01031010600",2.19012414766197e-05,2.19012414766197,0.197172768213026
"01039962400",2.19012414766197e-05,2.19012414766197,0.197172768213026
"01039962600",2.19012414766197e-05,2.19012414766197,0.197172768213026
"21147960100",2.19061176187795e-05,2.19061176187795,0.197216667206098
"12105015404",2.19062375662567e-05,2.19062375662567,0.197217747070732
"12131950201",2.19099162914164e-05,2.19099162914164,0.197250865943195
"12131950305",2.19099162914164e-05,2.19099162914164,0.197250865943195
"19187000101",2.19162800047249e-05,2.19162800047249,0.197308157260241
"19187000102",2.19162800047249e-05,2.19162800047249,0.197308157260241
"19187000200",2.19162800047249e-05,2.19162800047249,0.197308157260241
"19187000300",2.19162800047249e-05,2.19162800047249,0.197308157260241
"19187000400",2.19162800047249e-05,2.19162800047249,0.197308157260241
"19187000600",2.19162800047249e-05,2.19162800047249,0.197308157260241
"19187000700",2.19162800047249e-05,2.19162800047249,0.197308157260241
"19187000900",2.19162800047249e-05,2.19162800047249,0.197308157260241
"19187010200",2.19162800047249e-05,2.19162800047249,0.197308157260241
"06107002402",2.19244758376995e-05,2.19244758376995,0.197381942806925
"24041960201",2.19263344627595e-05,2.19263344627595,0.197398675659652
"48339694601",2.19297293029458e-05,2.19297293029458,0.197429238768957
"51177020113",2.19388435478628e-05,2.19388435478628,0.197511292606059
"51179010503",2.19388435478628e-05,2.19388435478628,0.197511292606059
"50001960900",2.19433792021126e-05,2.19433792021126,0.197552126250355
"01109189101",2.19439304290527e-05,2.19439304290527,0.197557088843083
"12113010200",2.19520520749794e-05,2.19520520749794,0.197630206497693
"06077003900",2.19528285915804e-05,2.19528285915804,0.197637197330973
"13055010501",2.19692168652163e-05,2.19692168652163,0.197784737883981
"12053041204",2.19749100847191e-05,2.19749100847191,0.197835992871083
"48147950100",2.19949936169051e-05,2.19949936169051,0.198016801143566
"17027900200",2.2004685321224e-05,2.2004685321224,0.198104053739328
"48061012512",2.20127942902714e-05,2.20127942902714,0.198177057266372
"48061012513",2.20127942902714e-05,2.20127942902714,0.198177057266372
"48061012613",2.20127942902714e-05,2.20127942902714,0.198177057266372
"48061012700",2.20127942902714e-05,2.20127942902714,0.198177057266372
"48061012900",2.20127942902714e-05,2.20127942902714,0.198177057266372
"48061013104",2.20127942902714e-05,2.20127942902714,0.198177057266372
"48061013106",2.20127942902714e-05,2.20127942902714,0.198177057266372
"48061013401",2.20127942902714e-05,2.20127942902714,0.198177057266372
"48061013801",2.20127942902714e-05,2.20127942902714,0.198177057266372
"48061013802",2.20127942902714e-05,2.20127942902714,0.198177057266372
"48061013902",2.20127942902714e-05,2.20127942902714,0.198177057266372
"48061014001",2.20127942902714e-05,2.20127942902714,0.198177057266372
"48061014404",2.20127942902714e-05,2.20127942902714,0.198177057266372
"48061014502",2.20127942902714e-05,2.20127942902714,0.198177057266372
"22097960300",2.2013762463794e-05,2.2013762463794,0.198185773550961
"22097960500",2.2013762463794e-05,2.2013762463794,0.198185773550961
"22097960601",2.2013762463794e-05,2.2013762463794,0.198185773550961
"26045020700",2.20166406671348e-05,2.20166406671348,0.19821168547567
"17067953700",2.20245522336125e-05,2.20245522336125,0.198282911824413
"12105014104",2.20265762528704e-05,2.20265762528704,0.198301133690074
"01049960703",2.20313018450503e-05,2.20313018450503,0.198343677309921
"48085031102",2.20319081995927e-05,2.20319081995927,0.198349136206111
"22019000601",2.20323529982926e-05,2.20323529982926,0.198353140645359
"22019000602",2.20323529982926e-05,2.20323529982926,0.198353140645359
"22019000900",2.20323529982926e-05,2.20323529982926,0.198353140645359
"22019001202",2.20323529982926e-05,2.20323529982926,0.198353140645359
"22019001401",2.20323529982926e-05,2.20323529982926,0.198353140645359
"22019001600",2.20323529982926e-05,2.20323529982926,0.198353140645359
"25015820207",2.20358659528103e-05,2.20358659528103,0.198384767115831
"48439114203",2.20365671423557e-05,2.20365671423557,0.198391079793761
"17063000700",2.20535732206181e-05,2.20535732206181,0.198544182325918
"05009790300",2.20551078230848e-05,2.20551078230848,0.198557998064025
"29079960300",2.20652213970455e-05,2.20652213970455,0.198649048673027
"29079960400",2.20652213970455e-05,2.20652213970455,0.198649048673027
"37087921202",2.20768001954747e-05,2.20768001954747,0.198753290423035
"45029970402",2.20856053144526e-05,2.20856053144526,0.198832561257302
"45029970502",2.20856053144526e-05,2.20856053144526,0.198832561257302
"06037910607",2.20972243784883e-05,2.20972243784883,0.198937165511011
"13019970500",2.21005645335372e-05,2.21005645335372,0.198967236300283
"01003011409",2.21115775800118e-05,2.21115775800118,0.199066384691582
"22063040305",2.21137987807236e-05,2.21137987807236,0.19908638174488
"51167030202",2.21203534553487e-05,2.21203534553487,0.199145392250835
"21195931800",2.21231770221005e-05,2.21231770221005,0.199170812292583
"17191955300",2.21263921312968e-05,2.21263921312968,0.199199757317504
"25027704202",2.21291414606197e-05,2.21291414606197,0.199224509013608
"26147646000",2.21364863575994e-05,2.21364863575994,0.199290633743171
"12133970103",2.21401808876516e-05,2.21401808876516,0.199323894904115
"12133970104",2.21401808876516e-05,2.21401808876516,0.199323894904115
"28011950500",2.2140845568956e-05,2.2140845568956,0.199329878905201
"28011950601",2.2140845568956e-05,2.2140845568956,0.199329878905201
"28011950602",2.2140845568956e-05,2.2140845568956,0.199329878905201
"41009971100",2.21445120877334e-05,2.21445120877334,0.199362887885893
"51155210102",2.21521584839341e-05,2.21521584839341,0.19943172695638
"51155210500",2.21521584839341e-05,2.21521584839341,0.19943172695638
"51155980200",2.21521584839341e-05,2.21521584839341,0.19943172695638
"48013960300",2.21539129874093e-05,2.21539129874093,0.199447522422012
"48479001818",2.21580821884168e-05,2.21580821884168,0.199485056956516
"48479001826",2.21580821884168e-05,2.21580821884168,0.199485056956516
"48479001827",2.21580821884168e-05,2.21580821884168,0.199485056956516
"48479001828",2.21580821884168e-05,2.21580821884168,0.199485056956516
"54065970900",2.21718577552177e-05,2.21718577552177,0.199609075800047
"42009961001",2.21718577552177e-05,2.21718577552177,0.199609075800047
"54027968302",2.21718577552177e-05,2.21718577552177,0.199609075800047
"54027968401",2.21718577552177e-05,2.21718577552177,0.199609075800047
"54027968500",2.21718577552177e-05,2.21718577552177,0.199609075800047
"54057010700",2.21718577552177e-05,2.21718577552177,0.199609075800047
"35013001703",2.21763444006553e-05,2.21763444006553,0.199649468227201
"48139061000",2.21778982030752e-05,2.21778982030752,0.199663456818885
"41047010702",2.21795100587105e-05,2.21795100587105,0.199677968052776
"47051960800",2.21835707318925e-05,2.21835707318925,0.199714525531628
"48167726102",2.21918056229699e-05,2.21918056229699,0.199788662711084
"23011015500",2.21925638530102e-05,2.21925638530102,0.199795488913888
"26039960400",2.21977989226334e-05,2.21977989226334,0.199842619263576
"26143970401",2.21977989226334e-05,2.21977989226334,0.199842619263576
"26143971002",2.21977989226334e-05,2.21977989226334,0.199842619263576
"26143971200",2.21977989226334e-05,2.21977989226334,0.199842619263576
"18009975100",2.22033989294646e-05,2.22033989294646,0.199893035074483
"47069950200",2.2205066808989e-05,2.2205066808989,0.199908050680938
"26087332000",2.22088543475988e-05,2.22088543475988,0.199942149180477
"42027010200",2.22114696179124e-05,2.22114696179124,0.199965693968471
"22067950400",2.22146488329346e-05,2.22146488329346,0.199994315844876
"22067950500",2.22146488329346e-05,2.22146488329346,0.199994315844876
"22067950800",2.22146488329346e-05,2.22146488329346,0.199994315844876
"22083970300",2.22146488329346e-05,2.22146488329346,0.199994315844876
"41071031000",2.22197061250267e-05,2.22197061250267,0.200039845696804
"40141070300",2.22215690123836e-05,2.22215690123836,0.200056616922189
"06037910606",2.2222644980841e-05,2.2222644980841,0.200066303664353
"37175960501",2.22317503371781e-05,2.22317503371781,0.200148277479238
"17183010900",2.22364089149287e-05,2.22364089149287,0.20019021778075
"48139061300",2.22436612444216e-05,2.22436612444216,0.200255509142596
"48217961400",2.22478117566362e-05,2.22478117566362,0.200292875425403
"42103950805",2.22610073226034e-05,2.22610073226034,0.200411672630241
"19019950600",2.22662186597067e-05,2.22662186597067,0.200458589320504
"12131950502",2.22790750545938e-05,2.22790750545938,0.200574333031738
"55081950800",2.22804664142363e-05,2.22804664142363,0.200586859181572
"41055950100",2.2284693721311e-05,2.2284693721311,0.200624916834098
"53039950102",2.2284693721311e-05,2.2284693721311,0.200624916834098
"53039950103",2.2284693721311e-05,2.2284693721311,0.200624916834098
"28137950301",2.22955781344425e-05,2.22955781344425,0.200722907163542
"48159950200",2.23022192314174e-05,2.23022192314174,0.200782695713698
"06037910608",2.23024895927427e-05,2.23024895927427,0.200785129725988
"51177020104",2.23035394809229e-05,2.23035394809229,0.200794581672309
"12055961000",2.23095911317763e-05,2.23095911317763,0.200849063549618
"36033950301",2.23114583345434e-05,2.23114583345434,0.200865873625832
"36089490600",2.23114583345434e-05,2.23114583345434,0.200865873625832
"36089490700",2.23114583345434e-05,2.23114583345434,0.200865873625832
"22019002100",2.23225240545334e-05,2.23225240545334,0.200965496226908
"29187950103",2.23229284379567e-05,2.23229284379567,0.200969136815003
"29187950105",2.23229284379567e-05,2.23229284379567,0.200969136815003
"29187950401",2.23229284379567e-05,2.23229284379567,0.200969136815003
"55011960100",2.23249775608828e-05,2.23249775608828,0.200987584684279
"48325000402",2.23251356536403e-05,2.23251356536403,0.200989007963716
"56005000103",2.23261359525637e-05,2.23261359525637,0.200998013467261
"56005000701",2.23261359525637e-05,2.23261359525637,0.200998013467261
"56005000101",2.23261359525637e-05,2.23261359525637,0.200998013467261
"48365950200",2.2334004916422e-05,2.2334004916422,0.201068856272614
"18067010202",2.23379857531513e-05,2.23379857531513,0.20110469499886
"29099701403",2.23439738506e-05,2.23439738506,0.201158604716788
"31035962100",2.23474385151426e-05,2.23474385151426,0.201189796441674
"31035962200",2.23474385151426e-05,2.23474385151426,0.201189796441674
"48185180102",2.2348494945679e-05,2.2348494945679,0.201199307287601
"32005001100",2.23525182877249e-05,2.23525182877249,0.201235528681237
"20143085600",2.23575510574318e-05,2.23575510574318,0.201280837762731
"19083480100",2.23585217004977e-05,2.23585217004977,0.201289576280155
"27119020900",2.23589912422504e-05,2.23589912422504,0.201293803476466
"53077940006",2.23621839985069e-05,2.23621839985069,0.201322547262064
"47175925200",2.23640917401437e-05,2.23640917401437,0.201339722302116
"37041930102",2.23667486005996e-05,2.23667486005996,0.201363641518358
"37041930202",2.23667486005996e-05,2.23667486005996,0.201363641518358
"30047940600",2.2374473830143e-05,2.2374473830143,0.201433190310639
"30047940700",2.2374473830143e-05,2.2374473830143,0.201433190310639
"30063000902",2.2374473830143e-05,2.2374473830143,0.201433190310639
"30063001602",2.2374473830143e-05,2.2374473830143,0.201433190310639
"48257050601",2.23747114568235e-05,2.23747114568235,0.201435329619064
"13241970201",2.23821095066682e-05,2.23821095066682,0.201501932873898
"48061012508",2.23827185466358e-05,2.23827185466358,0.201507415946467
"48061012516",2.23827185466358e-05,2.23827185466358,0.201507415946467
"48061012614",2.23827185466358e-05,2.23827185466358,0.201507415946467
"48061013004",2.23827185466358e-05,2.23827185466358,0.201507415946467
"48061013402",2.23827185466358e-05,2.23827185466358,0.201507415946467
"48061014403",2.23827185466358e-05,2.23827185466358,0.201507415946467
"48061014501",2.23827185466358e-05,2.23827185466358,0.201507415946467
"40081961500",2.23917112762508e-05,2.23917112762508,0.201588375804102
"53023970300",2.23962819267634e-05,2.23962819267634,0.201629524513186
"51141030102",2.24007118264475e-05,2.24007118264475,0.201669406068967
"17067954200",2.24157883130436e-05,2.24157883130436,0.201805136849355
"26157001200",2.24238726285808e-05,2.24238726285808,0.201877918425471
"47099960800",2.24247900168439e-05,2.24247900168439,0.201886177499897
"06107002203",2.24352630910005e-05,2.24352630910005,0.201980464621719
"06107002204",2.24352630910005e-05,2.24352630910005,0.201980464621719
"06107003002",2.24352630910005e-05,2.24352630910005,0.201980464621719
"53051970400",2.24384842150904e-05,2.24384842150904,0.202009463797598
"53051970500",2.24384842150904e-05,2.24384842150904,0.202009463797598
"53063010304",2.24384842150904e-05,2.24384842150904,0.202009463797598
"01103005602",2.24490474135337e-05,2.24490474135337,0.202104562291465
"45011970200",2.24499057538017e-05,2.24499057538017,0.202112289767869
"36063940100",2.24565809978678e-05,2.24565809978678,0.202172385737881
"12107950800",2.24573108638885e-05,2.24573108638885,0.202178956584738
"42055012001",2.2465271527279e-05,2.2465271527279,0.202250624943776
"55095960702",2.24813092218649e-05,2.24813092218649,0.202395009299367
"09190253200",2.24903028066472e-05,2.24903028066472,0.202475976855913
"36089492301",2.24904075169946e-05,2.24904075169946,0.202476919543527
"36049950401",2.25000256857986e-05,2.25000256857986,0.202563510112844
"36049950500",2.25000256857986e-05,2.25000256857986,0.202563510112844
"36045060700",2.25000256857986e-05,2.25000256857986,0.202563510112844
"36045060201",2.25000256857986e-05,2.25000256857986,0.202563510112844
"36045060202",2.25000256857986e-05,2.25000256857986,0.202563510112844
"36045060301",2.25000256857986e-05,2.25000256857986,0.202563510112844
"54053954902",2.25054163070339e-05,2.25054163070339,0.202612040864514
"27057070500",2.25133608860913e-05,2.25133608860913,0.202683564419318
"27057070600",2.25133608860913e-05,2.25133608860913,0.202683564419318
"27111960500",2.25133608860913e-05,2.25133608860913,0.202683564419318
"18181958502",2.25263427094562e-05,2.25263427094562,0.202800437339606
"51177020408",2.25288715165419e-05,2.25288715165419,0.20282320371538
"01093964401",2.25316694096724e-05,2.25316694096724,0.202848392622332
"41005024303",2.25344479871574e-05,2.25344479871574,0.202873407634153
"18099020102",2.25381375011463e-05,2.25381375011463,0.20290662363642
"28133950200",2.25409603479474e-05,2.25409603479474,0.202932037196588
"22019002500",2.25418448968837e-05,2.25418448968837,0.202940000624715
"41053020204",2.25458876534202e-05,2.25458876534202,0.202976396803368
"05143011103",2.25515072558291e-05,2.25515072558291,0.203026989029585
"29037061100",2.25525431330974e-05,2.25525431330974,0.203036314838295
"36009962200",2.25537059403427e-05,2.25537059403427,0.203046783373775
"51105950200",2.25556772792126e-05,2.25556772792126,0.203064530967786
"29187950702",2.25785503141549e-05,2.25785503141549,0.203270452610257
"29187950703",2.25785503141549e-05,2.25785503141549,0.203270452610257
"40081961600",2.25805840952918e-05,2.25805840952918,0.203288762360283
"26059050400",2.258484300702e-05,2.258484300702,0.203327104543575
"16031950200",2.25864331247066e-05,2.25864331247066,0.203341420074792
"16031950300",2.25864331247066e-05,2.25864331247066,0.203341420074792
"16031950400",2.25864331247066e-05,2.25864331247066,0.203341420074792
"16031950500",2.25864331247066e-05,2.25864331247066,0.203341420074792
"16047960102",2.25864331247066e-05,2.25864331247066,0.203341420074792
"16067970100",2.25864331247066e-05,2.25864331247066,0.203341420074792
"16067970200",2.25864331247066e-05,2.25864331247066,0.203341420074792
"16067970400",2.25864331247066e-05,2.25864331247066,0.203341420074792
"16067970500",2.25864331247066e-05,2.25864331247066,0.203341420074792
"16063950100",2.25864331247066e-05,2.25864331247066,0.203341420074792
"39163953000",2.25864432025796e-05,2.25864432025796,0.203341510803992
"54001965800",2.25866135979153e-05,2.25866135979153,0.203343044841232
"45013000300",2.25895461230632e-05,2.25895461230632,0.20336944581498
"45013001101",2.25895461230632e-05,2.25895461230632,0.20336944581498
"45013001103",2.25895461230632e-05,2.25895461230632,0.20336944581498
"45013001104",2.25895461230632e-05,2.25895461230632,0.20336944581498
"45013001200",2.25895461230632e-05,2.25895461230632,0.20336944581498
"18067010100",2.25899431828053e-05,2.25899431828053,0.203373020469347
"16043970302",2.25923066637742e-05,2.25923066637742,0.203394298445107
"48471790500",2.25997666342931e-05,2.25997666342931,0.203461459160155
"48471790600",2.25997666342931e-05,2.25997666342931,0.203461459160155
"42131400200",2.26017198140143e-05,2.26017198140143,0.203479043270757
"53045960900",2.26049823838305e-05,2.26049823838305,0.203508415574735
"01059973500",2.26052157878613e-05,2.26052157878613,0.203510516867436
"01093964300",2.26052157878613e-05,2.26052157878613,0.203510516867436
"17117956300",2.26073405008371e-05,2.26073405008371,0.203529645259749
"06029004605",2.26104012110365e-05,2.26104012110365,0.203557200259467
"47003950202",2.26113830405072e-05,2.26113830405072,0.203566039485995
"12113010100",2.26114288982245e-05,2.26114288982245,0.203566452334421
"06007002402",2.26291852853585e-05,2.26291852853585,0.203726309756586
"55081950700",2.26363496622029e-05,2.26363496622029,0.203790809297237
"53043960100",2.26448295288958e-05,2.26448295288958,0.203867151946201
"22063040810",2.2653884117075e-05,2.2653884117075,0.203948668704884
"22063040905",2.2653884117075e-05,2.2653884117075,0.203948668704884
"01085781000",2.2655136370633e-05,2.2655136370633,0.203959942508737
"47123925301",2.26559259767186e-05,2.26559259767186,0.203967051184191
"41041951700",2.26608905443572e-05,2.26608905443572,0.204011746255259
"12031017300",2.26611105952115e-05,2.26611105952115,0.204013727331818
"05059020500",2.26627958420841e-05,2.26627958420841,0.204028899293249
"01121011502",2.26647152691559e-05,2.26647152691559,0.204046179535081
"12077950100",2.26740747556128e-05,2.26740747556128,0.204130441235758
"12129010101",2.26740747556128e-05,2.26740747556128,0.204130441235758
"12129010205",2.26740747556128e-05,2.26740747556128,0.204130441235758
"12129010206",2.26740747556128e-05,2.26740747556128,0.204130441235758
"48199030200",2.26827846786734e-05,2.26827846786734,0.20420885503904
"48241950800",2.26827846786734e-05,2.26827846786734,0.20420885503904
"09180700100",2.26959376319982e-05,2.26959376319982,0.204327268610252
"39019720300",2.26971030088313e-05,2.26971030088313,0.204337760279249
"22019001301",2.27074607242037e-05,2.27074607242037,0.204431008847579
"22019001302",2.27074607242037e-05,2.27074607242037,0.204431008847579
"22019001700",2.27074607242037e-05,2.27074607242037,0.204431008847579
"22019001802",2.27074607242037e-05,2.27074607242037,0.204431008847579
"22019001905",2.27074607242037e-05,2.27074607242037,0.204431008847579
"22019001906",2.27074607242037e-05,2.27074607242037,0.204431008847579
"22019980100",2.27074607242037e-05,2.27074607242037,0.204431008847579
"47109930600",2.27101383151552e-05,2.27101383151552,0.204455114696584
"47109930700",2.27101383151552e-05,2.27101383151552,0.204455114696584
"26087330000",2.27105861579805e-05,2.27105861579805,0.204459146541522
"25027721101",2.27163748767734e-05,2.27163748767734,0.204511261290817
"39029951402",2.27225618070695e-05,2.27225618070695,0.204566961063568
"51183870400",2.27246401338063e-05,2.27246401338063,0.204585671849274
"51640070101",2.2724934784416e-05,2.2724934784416,0.204588324533435
"51640070102",2.2724934784416e-05,2.2724934784416,0.204588324533435
"18135951900",2.27252332126153e-05,2.27252332126153,0.204591011226526
"48215024120",2.27278839267604e-05,2.27278839267604,0.204614875108685
"48215024121",2.27278839267604e-05,2.27278839267604,0.204614875108685
"27097780800",2.27349811734364e-05,2.27349811734364,0.204678770289024
"27145010403",2.27349811734364e-05,2.27349811734364,0.204678770289024
"01051030300",2.27391909191298e-05,2.27391909191298,0.204716669839729
"37139960701",2.27435515800637e-05,2.27435515800637,0.204755928052031
"41005023600",2.274433726405e-05,2.274433726405,0.204763001417561
"26149041500",2.27497339802415e-05,2.27497339802415,0.204811587040977
"47013950100",2.27586654693602e-05,2.27586654693602,0.204891995561913
"17137952300",2.27597821486423e-05,2.27597821486423,0.204902048815995
"27043460500",2.2767439981917e-05,2.2767439981917,0.204970990852312
"06107003001",2.27846615515018e-05,2.27846615515018,0.205126033412417
"12053041305",2.27868343047982e-05,2.27868343047982,0.205145594302723
"48475950200",2.2787181123903e-05,2.2787181123903,0.205148716650059
"21047200700",2.27970583971804e-05,2.27970583971804,0.205237639888341
"48223950402",2.28043260572181e-05,2.28043260572181,0.205303069268205
"45021970601",2.28070796211779e-05,2.28070796211779,0.20532785908795
"45029970302",2.28115326127389e-05,2.28115326127389,0.205367948535567
"12017450305",2.28197538433287e-05,2.28197538433287,0.205441962732216
"06099002802",2.28286235113564e-05,2.28286235113564,0.205521814689467
"18085961400",2.28303532231415e-05,2.28303532231415,0.205537386960165
"48257050704",2.28442925977551e-05,2.28442925977551,0.205662880534703
"40119010101",2.28508964666613e-05,2.28508964666613,0.205722333927541
"40119010102",2.28508964666613e-05,2.28508964666613,0.205722333927541
"40119011101",2.28508964666613e-05,2.28508964666613,0.205722333927541
"48499950304",2.28533010316876e-05,2.28533010316876,0.205743981775362
"04015940400",2.28558470993232e-05,2.28558470993232,0.205766903544628
"04015950401",2.28558470993232e-05,2.28558470993232,0.205766903544628
"01109188900",2.28567530732407e-05,2.28567530732407,0.205775059857841
"01109189001",2.28567530732407e-05,2.28567530732407,0.205775059857841
"48097001100",2.28581142967572e-05,2.28581142967572,0.205787314697787
"48231961502",2.28581667197058e-05,2.28581667197058,0.205787786651758
"48041002010",2.28684994485181e-05,2.28684994485181,0.205880810270775
"13237960103",2.28740686501458e-05,2.28740686501458,0.205930948748215
"40079040402",2.28829749628619e-05,2.28829749628619,0.206011130610721
"05131010304",2.28829749628619e-05,2.28829749628619,0.206011130610721
"40061279100",2.28829749628619e-05,2.28829749628619,0.206011130610721
"40079040301",2.28829749628619e-05,2.28829749628619,0.206011130610721
"40079040401",2.28829749628619e-05,2.28829749628619,0.206011130610721
"40135030105",2.28829749628619e-05,2.28829749628619,0.206011130610721
"40135030301",2.28829749628619e-05,2.28829749628619,0.206011130610721
"40135030303",2.28829749628619e-05,2.28829749628619,0.206011130610721
"40135030304",2.28829749628619e-05,2.28829749628619,0.206011130610721
"40069660201",2.28842302253068e-05,2.28842302253068,0.206022431503018
"18087970401",2.28910657866359e-05,2.28910657866359,0.206083970779273
"30097967000",2.28975633924071e-05,2.28975633924071,0.206142467505042
"30031001600",2.28975633924071e-05,2.28975633924071,0.206142467505042
"30067000200",2.28975633924071e-05,2.28975633924071,0.206142467505042
"47035970501",2.29047546831627e-05,2.29047546831627,0.206207209346587
"47035970502",2.29047546831627e-05,2.29047546831627,0.206207209346587
"48139060106",2.29050385375581e-05,2.29050385375581,0.206209764834456
"51043010300",2.2907702915784e-05,2.2907702915784,0.20623375173177
"06071009133",2.29102378784491e-05,2.29102378784491,0.20625657352507
"22019001402",2.29162202706251e-05,2.29162202706251,0.206310431879499
"39139002800",2.29242008451221e-05,2.29242008451221,0.206382279494493
"20015020602",2.2939922499177e-05,2.2939922499177,0.206523818596475
"26051000800",2.2949705601602e-05,2.2949705601602,0.20661189403224
"36103190706",2.29503324557076e-05,2.29503324557076,0.206617537482152
"31137967100",2.29641490777222e-05,2.29641490777222,0.20674192593807
"21043960100",2.29696052130864e-05,2.29696052130864,0.206791046501151
"18139974400",2.29725041936418e-05,2.29725041936418,0.206817145479225
"53027000800",2.29793408055671e-05,2.29793408055671,0.206878694213801
"47159975100",2.29795847387982e-05,2.29795847387982,0.206880890298917
"48185180101",2.29800017198136e-05,2.29800017198136,0.20688464430077
"53031950501",2.29816367284308e-05,2.29816367284308,0.206899363976614
"06079010504",2.29857170799741e-05,2.29857170799741,0.20693609861606
"51177020105",2.29896899543493e-05,2.29896899543493,0.206971865658726
"36053031000",2.29915438157351e-05,2.29915438157351,0.206988555624987
"37127010900",2.2997944514219e-05,2.2997944514219,0.207046179912629
"13175950800",2.29985894889759e-05,2.29985894889759,0.207051986499364
"13175951100",2.29985894889759e-05,2.29985894889759,0.207051986499364
"47017962201",2.30096387040501e-05,2.30096387040501,0.20715146050978
"47017962202",2.30096387040501e-05,2.30096387040501,0.20715146050978
"40131050802",2.30179972600493e-05,2.30179972600493,0.207226711021327
"53077003100",2.3020204855229e-05,2.3020204855229,0.207246585586572
"27047180300",2.30301523620121e-05,2.30301523620121,0.20733614112393
"19043070500",2.30378339929736e-05,2.30378339929736,0.207405297406357
"12053041203",2.30381669489912e-05,2.30381669489912,0.207408294946919
"39123051201",2.30390292984415e-05,2.30390292984415,0.207416058517238
"12047960202",2.3049608221612e-05,2.3049608221612,0.207511298577875
"13185011405",2.3049608221612e-05,2.3049608221612,0.207511298577875
"26025003000",2.30498525613838e-05,2.30498525613838,0.207513498323001
"25011040501",2.30515125929978e-05,2.30515125929978,0.20752844327619
"53077003002",2.30522810648347e-05,2.30522810648347,0.207535361683968
"53077003400",2.30522810648347e-05,2.30522810648347,0.207535361683968
"45007011702",2.30552096356324e-05,2.30552096356324,0.207561727057442
"36033952000",2.30693329420806e-05,2.30693329420806,0.207688876535781
"25027722100",2.30770443431652e-05,2.30770443431652,0.207758300833041
"24011955500",2.30835528335468e-05,2.30835528335468,0.207816895550916
"47023970301",2.30862657840678e-05,2.30862657840678,0.207841319735491
"47109930200",2.30862657840678e-05,2.30862657840678,0.207841319735491
"06089012603",2.30972460013889e-05,2.30972460013889,0.20794017257208
"06089012606",2.30972460013889e-05,2.30972460013889,0.20794017257208
"13139000204",2.30977903948492e-05,2.30977903948492,0.207945073644272
"06107000202",2.31028393077584e-05,2.31028393077584,0.207990528059988
"35025001100",2.31038752561565e-05,2.31038752561565,0.207999854509066
"55135100300",2.31121688646233e-05,2.31121688646233,0.208074520310163
"21045950500",2.31250032864272e-05,2.31250032864272,0.208190066201851
"54103030700",2.31276328918329e-05,2.31276328918329,0.208213740045989
"26015010100",2.31411134858591e-05,2.31411134858591,0.208335103304969
"22001961100",2.31460049100642e-05,2.31460049100642,0.208379139879427
"12063210100",2.31483538285122e-05,2.31483538285122,0.208400286751544
"13099090200",2.31483538285122e-05,2.31483538285122,0.208400286751544
"13099090500",2.31483538285122e-05,2.31483538285122,0.208400286751544
"34029990000",2.31571470196669e-05,2.31571470196669,0.208479450201855
"51143010803",2.31771149467575e-05,2.31771149467575,0.208659217703352
"51143010804",2.31771149467575e-05,2.31771149467575,0.208659217703352
"26133970400",2.31785537129939e-05,2.31785537129939,0.208672170645858
"22061960702",2.31789256612316e-05,2.31789256612316,0.208675519226062
"17091010300",2.31832421515605e-05,2.31832421515605,0.208714379778694
"39119911900",2.31855353998059e-05,2.31855353998059,0.208735025462421
"13045911202",2.31864977111138e-05,2.31864977111138,0.208743688970591
"53075000900",2.32107515843983e-05,2.32107515843983,0.208962042041602
"45029970601",2.32187720083796e-05,2.32187720083796,0.209034248414028
"13295020902",2.32193158563548e-05,2.32193158563548,0.209039144575319
"40133583900",2.3219333783972e-05,2.3219333783972,0.209039305974294
"30083070200",2.32222188516299e-05,2.32222188516299,0.209065279697162
"40119010201",2.32247277886992e-05,2.32247277886992,0.209087867186906
"40119010202",2.32247277886992e-05,2.32247277886992,0.209087867186906
"40119010501",2.32247277886992e-05,2.32247277886992,0.209087867186906
"40119010502",2.32247277886992e-05,2.32247277886992,0.209087867186906
"40119010600",2.32247277886992e-05,2.32247277886992,0.209087867186906
"40119010700",2.32247277886992e-05,2.32247277886992,0.209087867186906
"26023950800",2.32319986589312e-05,2.32319986589312,0.209153325467547
"06023010902",2.32325433390101e-05,2.32325433390101,0.209158229120112
"06023010200",2.32325433390101e-05,2.32325433390101,0.209158229120112
"18139974300",2.32387113063569e-05,2.32387113063569,0.209213758172988
"01049960800",2.32431536859719e-05,2.32431536859719,0.209253752083246
"48455950100",2.32452020882413e-05,2.32452020882413,0.209272193464585
"37083930200",2.32479072998444e-05,2.32479072998444,0.209296547977134
"37083930300",2.32479072998444e-05,2.32479072998444,0.209296547977134
"37083930501",2.32479072998444e-05,2.32479072998444,0.209296547977134
"37083930503",2.32479072998444e-05,2.32479072998444,0.209296547977134
"37083930504",2.32479072998444e-05,2.32479072998444,0.209296547977134
"53027000600",2.32511805277774e-05,2.32511805277774,0.209326016234138
"37127010700",2.32523762702577e-05,2.32523762702577,0.20933678127936
"12049970302",2.32576009789779e-05,2.32576009789779,0.209383818351782
"13087970301",2.32576964047963e-05,2.32576964047963,0.209384677452523
"35049000800",2.32604623716688e-05,2.32604623716688,0.209409578933364
"26003000200",2.32691557344822e-05,2.32691557344822,0.209487843647848
"26103002300",2.32691557344822e-05,2.32691557344822,0.209487843647848
"55005000900",2.32692102312223e-05,2.32692102312223,0.209488334271775
"06047000205",2.32724333421268e-05,2.32724333421268,0.209517351334574
"06099003905",2.32724333421268e-05,2.32724333421268,0.209517351334574
"04021000229",2.32727427553701e-05,2.32727427553701,0.209520136923955
"36101960200",2.32753859542787e-05,2.32753859542787,0.20954393314785
"21001970300",2.32783659497384e-05,2.32783659497384,0.209570761487909
"48063950101",2.32801267702926e-05,2.32801267702926,0.209586613825018
"21187970300",2.3287156817632e-05,2.3287156817632,0.209649904022337
"22097960800",2.32876424584608e-05,2.32876424584608,0.209654276155609
"22097960901",2.32876424584608e-05,2.32876424584608,0.209654276155609
"22097960902",2.32876424584608e-05,2.32876424584608,0.209654276155609
"22097961000",2.32876424584608e-05,2.32876424584608,0.209654276155609
"22097961100",2.32876424584608e-05,2.32876424584608,0.209654276155609
"42131400400",2.3302578085053e-05,2.3302578085053,0.209788738799808
"40041376000",2.33081969811891e-05,2.33081969811891,0.209839324667584
"08117000101",2.33138404758858e-05,2.33138404758858,0.209890131991585
"08117000102",2.33138404758858e-05,2.33138404758858,0.209890131991585
"08117000201",2.33138404758858e-05,2.33138404758858,0.209890131991585
"08117000202",2.33138404758858e-05,2.33138404758858,0.209890131991585
"08117000203",2.33138404758858e-05,2.33138404758858,0.209890131991585
"08117000301",2.33138404758858e-05,2.33138404758858,0.209890131991585
"48091310603",2.33184332473061e-05,2.33184332473061,0.209931479851052
"39169001700",2.33202212591237e-05,2.33202212591237,0.209947576986004
"22007050600",2.33240750689343e-05,2.33240750689343,0.209982272112732
"47055920302",2.33305181646148e-05,2.33305181646148,0.210040278094381
"25011040400",2.33305753337241e-05,2.33305753337241,0.210040792777146
"40131050301",2.33355752098613e-05,2.33355752098613,0.210085805724004
"47113001611",2.3340194635358e-05,2.3340194635358,0.210127393545119
"33005970700",2.3348587689039e-05,2.3348587689039,0.210202954632823
"01051030500",2.33730611719803e-05,2.33730611719803,0.210423284808375
"08059012037",2.33760796483729e-05,2.33760796483729,0.210450459585054
"18107956800",2.33767060800051e-05,2.33767060800051,0.210456099231517
"39127966100",2.33904884946717e-05,2.33904884946717,0.210580179725098
"01071950901",2.34118908165787e-05,2.34118908165787,0.210772860814026
"01071950902",2.34118908165787e-05,2.34118908165787,0.210772860814026
"13129970102",2.34124328362558e-05,2.34124328362558,0.210777740515493
"48139061700",2.3418450438797e-05,2.3418450438797,0.210831915862234
"24023000601",2.34194522726507e-05,2.34194522726507,0.210840935184469
"24023000602",2.34194522726507e-05,2.34194522726507,0.210840935184469
"24023000700",2.34194522726507e-05,2.34194522726507,0.210840935184469
"48479001809",2.34204351626572e-05,2.34204351626572,0.210849783958802
"48479001819",2.34204351626572e-05,2.34204351626572,0.210849783958802
"48479001820",2.34204351626572e-05,2.34204351626572,0.210849783958802
"48479001821",2.34204351626572e-05,2.34204351626572,0.210849783958802
"36013037000",2.3420935792336e-05,2.3420935792336,0.210854291033879
"47119011003",2.34289793958252e-05,2.34289793958252,0.210926706087065
"12055960800",2.34520421922633e-05,2.34520421922633,0.211134336116682
"12055960900",2.34520421922633e-05,2.34520421922633,0.211134336116682
"27009020202",2.34631610549996e-05,2.34631610549996,0.211234437151933
"19141490100",2.3470420379766e-05,2.3470420379766,0.211299791490913
"32019960103",2.3483975081712e-05,2.3483975081712,0.211421821929592
"32019960106",2.3483975081712e-05,2.3483975081712,0.211421821929592
"32019960108",2.3483975081712e-05,2.3483975081712,0.211421821929592
"48397040412",2.34858796735637e-05,2.34858796735637,0.21143896861272
"01087231603",2.34883460517786e-05,2.34883460517786,0.211461172953082
"01123962702",2.34883460517786e-05,2.34883460517786,0.211461172953082
"21047200500",2.34908287709037e-05,2.34908287709037,0.211483524407592
"21047200600",2.34908287709037e-05,2.34908287709037,0.211483524407592
"21047201301",2.34908287709037e-05,2.34908287709037,0.211483524407592
"18035001200",2.34980790016946e-05,2.34980790016946,0.211548796875217
"50017959101",2.35029785518724e-05,2.35029785518724,0.211592906606284
"13069010500",2.35033739811298e-05,2.35033739811298,0.211596466581703
"13137000203",2.35060259461681e-05,2.35060259461681,0.211620341725419
"13137000204",2.35060259461681e-05,2.35060259461681,0.211620341725419
"26147658100",2.35131775696496e-05,2.35131775696496,0.211684726449936
"06065049702",2.3515649141302e-05,2.3515649141302,0.211706977545842
"12105014127",2.35166307365759e-05,2.35166307365759,0.21171581466394
"13007960100",2.35259406287263e-05,2.35259406287263,0.211799629876379
"13037950100",2.35259406287263e-05,2.35259406287263,0.211799629876379
"13243790200",2.35259406287263e-05,2.35259406287263,0.211799629876379
"17033880200",2.35295611288385e-05,2.35295611288385,0.211832224559663
"17033880300",2.35295611288385e-05,2.35295611288385,0.211832224559663
"17033880400",2.35295611288385e-05,2.35295611288385,0.211832224559663
"17033880500",2.35295611288385e-05,2.35295611288385,0.211832224559663
"17033880600",2.35295611288385e-05,2.35295611288385,0.211832224559663
"17159978000",2.35295611288385e-05,2.35295611288385,0.211832224559663
"17159978100",2.35295611288385e-05,2.35295611288385,0.211832224559663
"17159978200",2.35295611288385e-05,2.35295611288385,0.211832224559663
"17159978300",2.35295611288385e-05,2.35295611288385,0.211832224559663
"18027954400",2.35295611288385e-05,2.35295611288385,0.211832224559663
"39091004000",2.35461405934723e-05,2.35461405934723,0.211981486369356
"40051000600",2.3546418327265e-05,2.3546418327265,0.211983986754587
"12093910202",2.3547770231085e-05,2.3547770231085,0.211996157691054
"53053072603",2.35490397786396e-05,2.35490397786396,0.212007587189513
"01055010300",2.35556459201342e-05,2.35556459201342,0.212067061042038
"05047950100",2.35583095280041e-05,2.35583095280041,0.212091041003983
"05047950201",2.35583095280041e-05,2.35583095280041,0.212091041003983
"40137000102",2.35626753388222e-05,2.35626753388222,0.212130345579726
"21155970200",2.35662493667568e-05,2.35662493667568,0.212162521882713
"01003011415",2.3566981859999e-05,2.3566981859999,0.212169116381953
"12005000301",2.35703581609055e-05,2.35703581609055,0.2121995125856
"40119010300",2.35761748354503e-05,2.35761748354503,0.212251879015285
"40119010400",2.35761748354503e-05,2.35761748354503,0.212251879015285
"40119010503",2.35761748354503e-05,2.35761748354503,0.212251879015285
"40119010800",2.35761748354503e-05,2.35761748354503,0.212251879015285
"40119010901",2.35761748354503e-05,2.35761748354503,0.212251879015285
"40119010902",2.35761748354503e-05,2.35761748354503,0.212251879015285
"40119011001",2.35761748354503e-05,2.35761748354503,0.212251879015285
"40119011103",2.35761748354503e-05,2.35761748354503,0.212251879015285
"31185969600",2.35778382862054e-05,2.35778382862054,0.21226685475036
"48221160206",2.35791411118675e-05,2.35791411118675,0.212278583845378
"48215024122",2.3581022781464e-05,2.3581022781464,0.212295524163743
"48215024123",2.3581022781464e-05,2.3581022781464,0.212295524163743
"48215024127",2.3581022781464e-05,2.3581022781464,0.212295524163743
"48215024130",2.3581022781464e-05,2.3581022781464,0.212295524163743
"48215024211",2.3581022781464e-05,2.3581022781464,0.212295524163743
"29151490400",2.35849047009384e-05,2.35849047009384,0.2123304723565
"26091060402",2.35962478823041e-05,2.35962478823041,0.212432592890288
"48013960404",2.36017663973442e-05,2.36017663973442,0.212482275045889
"48199030301",2.36032176895008e-05,2.36032176895008,0.212495340756904
"48199030900",2.36032176895008e-05,2.36032176895008,0.212495340756904
"48245011500",2.36032176895008e-05,2.36032176895008,0.212495340756904
"48361021503",2.36032176895008e-05,2.36032176895008,0.212495340756904
"32019960205",2.36063440599211e-05,2.36063440599211,0.212523486883272
"21109960200",2.36119564503387e-05,2.36119564503387,0.212574014181285
"01079979202",2.36155348921095e-05,2.36155348921095,0.212606230221211
"48007950502",2.36383546959323e-05,2.36383546959323,0.212811672633899
"48409010201",2.36383546959323e-05,2.36383546959323,0.212811672633899
"48409010202",2.36383546959323e-05,2.36383546959323,0.212811672633899
"48409010302",2.36383546959323e-05,2.36383546959323,0.212811672633899
"41047010701",2.36401817093791e-05,2.36401817093791,0.212828120893202
"41061970300",2.36475433788618e-05,2.36475433788618,0.212894396622462
"24035810600",2.36489082626519e-05,2.36489082626519,0.212906684415164
"47019071700",2.3649188514705e-05,2.3649188514705,0.212909207471821
"19197680100",2.36582406072424e-05,2.36582406072424,0.21299070176271
"18135951600",2.36640374286275e-05,2.36640374286275,0.213042889458123
"37031970102",2.366824622704e-05,2.366824622704,0.213080780480635
"49029970101",2.36824568736464e-05,2.36824568736464,0.213208716266032
"49057210408",2.36824568736464e-05,2.36824568736464,0.213208716266032
"28083950200",2.3685540856088e-05,2.3685540856088,0.213236480781381
"28083950700",2.3685540856088e-05,2.3685540856088,0.213236480781381
"28083950800",2.3685540856088e-05,2.3685540856088,0.213236480781381
"28083950900",2.3685540856088e-05,2.3685540856088,0.213236480781381
"35049000400",2.36925376045149e-05,2.36925376045149,0.213299471194837
"35049000600",2.36925376045149e-05,2.36925376045149,0.213299471194837
"53045960403",2.36943035819697e-05,2.36943035819697,0.213315369958555
"45023020300",2.3697077274167e-05,2.3697077274167,0.213340340989047
"45073030302",2.37042085820739e-05,2.37042085820739,0.213404542816257
"45073030404",2.37042085820739e-05,2.37042085820739,0.213404542816257
"51063920201",2.37130961201899e-05,2.37130961201899,0.213484555654562
"47123925401",2.37157541845177e-05,2.37157541845177,0.213508485709036
"24013512000",2.37210500502963e-05,2.37210500502963,0.213556163395106
"04027980005",2.37333646903671e-05,2.37333646903671,0.213667029789365
"37167931101",2.37462791389638e-05,2.37462791389638,0.213783296147255
"04021001712",2.37482350735031e-05,2.37482350735031,0.213800905058967
